,X1,X2,X3,X4,X5,X6,X7,X8,X9,X10,X11,X12,X13,X14,X16,X17,X18,X19,X22,X23,X24,X26,X27,X29,X30,X31,X33,X35,X37,X39,X41,X42,X43,X45,X49,X52,X64,X68,X72,X73,X83,X90,X91,X92,X94,X96,X100,X103,X105,X108,X109,X111,X114,X116,X118,X121,X122,X125,X126,X127,X128,X144,X150,X151,X157,X159,X163,X173,X181,X186,X187,X197,X200,X201,X208,X211,X219,X220,X229,X249,X264,X265,X270,X272,X275,X291,X299,X303,X311,X315,X350,X356,X382,X421,X447,X468,X472,X502,X536,X554,X581,X604,X608,X615,X626,X691,X738,X763
0,-0.818803,0.670946,-0.832996,0.072133,0.006639,-0.128868,0.293626,-1.662399,-0.002836,-1.441861,0.178934,0.295629,-0.245328,-0.272817,-0.91834,0.679873,0.721667,-2.69684,-0.703929,0.603359,0.892902,0.630367,0.019373,1.061288,1.73237,0.190268,-1.784842,1.581958,-0.501932,1.883768,-0.272974,-0.312362,0.001176,1.810179,0.112058,1.325606,0.242558,0.763945,-1.024623,-1.020035,-0.636443,0.977587,-0.025083,0.647195,0.101243,-0.855225,1.587101,0.624027,-1.071374,1.174761,0.265303,0.062105,-0.378224,-1.565313,-0.124902,-0.220411,0.009266,-1.865513,1.790201,1.863521,-1.816217,0.291508,-0.96691,0.220913,-0.181241,-2.285972,-0.458087,0.398799,0.116495,0.189804,-0.12103,0.84243,0.296198,0.917618,-0.020234,-1.352688,-0.656421,0.331137,-0.521553,-2.254791,0.307668,-0.088239,0.098473,0.206233,-0.427893,0.999562,0.836085,-0.558563,1.435802,-0.498727,-0.694366,-1.302166,-1.680066,0.89059,-0.341798,0.999661,-0.917052,0.311693,0.383499,-1.101928,0.916178,-1.304517,0.252309,0.083892,-0.189643,1.073836,-1.10252,-0.461653
1,-0.818803,0.670946,-0.832996,0.072133,0.006639,-0.128868,0.293626,-1.662399,-0.002836,-1.441861,0.178934,0.295629,-0.245328,-0.272817,-0.91834,0.679873,0.721667,-2.69684,-0.703929,0.603359,0.892902,0.630367,0.019373,1.061288,1.73237,0.190268,-1.784842,1.581958,-0.501932,1.883768,-0.272974,-0.312362,0.001176,1.810179,0.112058,1.325606,0.242558,0.763945,-1.024623,-1.020035,-0.636443,0.977587,-0.025083,0.647195,0.101243,-0.855225,1.587101,0.624027,-1.071374,1.174761,0.265303,0.062105,-0.378224,-1.565313,-0.124902,-0.220411,0.009266,-1.865513,1.790201,1.863521,-1.816217,0.291508,-0.96691,0.220913,-0.181241,-2.285972,-0.458087,0.398799,0.116495,0.189804,-0.12103,0.84243,0.296198,0.917618,-0.020234,-1.352688,-0.656421,0.331137,-0.521553,-2.254791,0.307668,-0.088239,0.098473,0.206233,-0.427893,0.999562,0.836085,-0.558563,1.435802,-0.498727,-0.694366,-1.302166,-1.680066,0.89059,-0.341798,0.999661,-0.917052,0.311693,0.383499,-1.101928,0.916178,-1.304517,0.252309,0.083892,-0.189643,1.073836,-1.10252,-0.461653
2,-0.818803,0.670946,-0.832996,0.072133,0.006639,-0.128868,0.293626,-1.662399,-0.002836,-1.441861,0.178934,0.295629,-0.245328,-0.272817,-0.91834,0.679873,0.721667,-2.69684,-0.703929,0.603359,0.892902,0.630367,0.019373,1.061288,1.73237,0.190268,-1.784842,1.581958,-0.501932,1.883768,-0.272974,-0.312362,0.001176,1.810179,0.112058,1.325606,0.242558,0.763945,-1.024623,-1.020035,-0.636443,0.977587,-0.025083,0.647195,0.101243,-0.855225,1.587101,0.624027,-1.071374,1.174761,0.265303,0.062105,-0.378224,-1.565313,-0.124902,-0.220411,0.009266,-1.865513,1.790201,1.863521,-1.816217,0.291508,-0.96691,0.220913,-0.181241,-2.285972,-0.458087,0.398799,0.116495,0.189804,-0.12103,0.84243,0.296198,0.917618,-0.020234,-1.352688,-0.656421,0.331137,-0.521553,-2.254791,0.307668,-0.088239,0.098473,0.206233,-0.427893,0.999562,0.836085,-0.558563,1.435802,-0.498727,-0.694366,-1.302166,-1.680066,0.89059,-0.341798,0.999661,-0.917052,0.311693,0.383499,-1.101928,0.916178,-1.304517,0.252309,0.083892,-0.189643,1.073836,-1.10252,-0.461653
3,-0.818803,0.670946,-0.832996,0.072133,0.006639,-0.128868,0.293626,-1.662399,-0.002836,-1.441861,0.178934,0.295629,-0.245328,-0.272817,-0.91834,0.679873,0.721667,-2.69684,-0.703929,0.603359,0.892902,0.630367,0.019373,1.061288,1.73237,0.190268,-1.784842,1.581958,-0.501932,1.883768,-0.272974,-0.312362,0.001176,1.810179,0.112058,1.325606,0.242558,0.763945,-1.024623,-1.020035,-0.636443,0.977587,-0.025083,0.647195,0.101243,-0.855225,1.587101,0.624027,-1.071374,1.174761,0.265303,0.062105,-0.378224,-1.565313,-0.124902,-0.220411,0.009266,-1.865513,1.790201,1.863521,-1.816217,0.291508,-0.96691,0.220913,-0.181241,-2.285972,-0.458087,0.398799,0.116495,0.189804,-0.12103,0.84243,0.296198,0.917618,-0.020234,-1.352688,-0.656421,0.331137,-0.521553,-2.254791,0.307668,-0.088239,0.098473,0.206233,-0.427893,0.999562,0.836085,-0.558563,1.435802,-0.498727,-0.694366,-1.302166,-1.680066,0.89059,-0.341798,0.999661,-0.917052,0.311693,0.383499,-1.101928,0.916178,-1.304517,0.252309,0.083892,-0.189643,1.073836,-1.10252,-0.461653
4,-0.818803,0.670946,-0.832996,0.072133,0.006639,-0.128868,0.293626,-1.662399,-0.002836,-1.441861,0.178934,0.295629,-0.245328,-0.272817,-0.91834,0.679873,0.721667,-2.69684,-0.703929,0.603359,0.892902,0.630367,0.019373,1.061288,1.73237,0.190268,-1.784842,1.581958,-0.501932,1.883768,-0.272974,-0.312362,0.001176,1.810179,0.112058,1.325606,0.242558,0.763945,-1.024623,-1.020035,-0.636443,0.977587,-0.025083,0.647195,0.101243,-0.855225,1.587101,0.624027,-1.071374,1.174761,0.265303,0.062105,-0.378224,-1.565313,-0.124902,-0.220411,0.009266,-1.865513,1.790201,1.863521,-1.816217,0.291508,-0.96691,0.220913,-0.181241,-2.285972,-0.458087,0.398799,0.116495,0.189804,-0.12103,0.84243,0.296198,0.917618,-0.020234,-1.352688,-0.656421,0.331137,-0.521553,-2.254791,0.307668,-0.088239,0.098473,0.206233,-0.427893,0.999562,0.836085,-0.558563,1.435802,-0.498727,-0.694366,-1.302166,-1.680066,0.89059,-0.341798,0.999661,-0.917052,0.311693,0.383499,-1.101928,0.916178,-1.304517,0.252309,0.083892,-0.189643,1.073836,-1.10252,-0.461653
5,-0.818803,0.670946,-0.832996,0.072133,0.006639,-0.128868,0.293626,-1.662399,-0.002836,-1.441861,0.178934,0.295629,-0.245328,-0.272817,-0.91834,0.679873,0.721667,-2.69684,-0.703929,0.603359,0.892902,0.630367,0.019373,1.061288,1.73237,0.190268,-1.784842,1.581958,-0.501932,1.883768,-0.272974,-0.312362,0.001176,1.810179,0.112058,1.325606,0.242558,0.763945,-1.024623,-1.020035,-0.636443,0.977587,-0.025083,0.647195,0.101243,-0.855225,1.587101,0.624027,-1.071374,1.174761,0.265303,0.062105,-0.378224,-1.565313,-0.124902,-0.220411,0.009266,-1.865513,1.790201,1.863521,-1.816217,0.291508,-0.96691,0.220913,-0.181241,-2.285972,-0.458087,0.398799,0.116495,0.189804,-0.12103,0.84243,0.296198,0.917618,-0.020234,-1.352688,-0.656421,0.331137,-0.521553,-2.254791,0.307668,-0.088239,0.098473,0.206233,-0.427893,0.999562,0.836085,-0.558563,1.435802,-0.498727,-0.694366,-1.302166,-1.680066,0.89059,-0.341798,0.999661,-0.917052,0.311693,0.383499,-1.101928,0.916178,-1.304517,0.252309,0.083892,-0.189643,1.073836,-1.10252,-0.461653
6,-0.818803,0.670946,-0.832996,0.072133,0.006639,-0.128868,0.293626,-1.662399,-0.002836,-1.441861,0.178934,0.295629,-0.245328,-0.272817,-0.91834,0.679873,0.721667,-2.69684,-0.703929,0.603359,0.892902,0.630367,0.019373,1.061288,1.73237,0.190268,-1.784842,1.581958,-0.501932,1.883768,-0.272974,-0.312362,0.001176,1.810179,0.112058,1.325606,0.242558,0.763945,-1.024623,-1.020035,-0.636443,0.977587,-0.025083,0.647195,0.101243,-0.855225,1.587101,0.624027,-1.071374,1.174761,0.265303,0.062105,-0.378224,-1.565313,-0.124902,-0.220411,0.009266,-1.865513,1.790201,1.863521,-1.816217,0.291508,-0.96691,0.220913,-0.181241,-2.285972,-0.458087,0.398799,0.116495,0.189804,-0.12103,0.84243,0.296198,0.917618,-0.020234,-1.352688,-0.656421,0.331137,-0.521553,-2.254791,0.307668,-0.088239,0.098473,0.206233,-0.427893,0.999562,0.836085,-0.558563,1.435802,-0.498727,-0.694366,-1.302166,-1.680066,0.89059,-0.341798,0.999661,-0.917052,0.311693,0.383499,-1.101928,0.916178,-1.304517,0.252309,0.083892,-0.189643,1.073836,-1.10252,-0.461653
7,-0.818803,0.670946,-0.832996,0.072133,0.006639,-0.128868,0.293626,-1.662399,-0.002836,-1.441861,0.178934,0.295629,-0.245328,-0.272817,-0.91834,0.679873,0.721667,-2.69684,-0.703929,0.603359,0.892902,0.630367,0.019373,1.061288,1.73237,0.190268,-1.784842,1.581958,-0.501932,1.883768,-0.272974,-0.312362,0.001176,1.810179,0.112058,1.325606,0.242558,0.763945,-1.024623,-1.020035,-0.636443,0.977587,-0.025083,0.647195,0.101243,-0.855225,1.587101,0.624027,-1.071374,1.174761,0.265303,0.062105,-0.378224,-1.565313,-0.124902,-0.220411,0.009266,-1.865513,1.790201,1.863521,-1.816217,0.291508,-0.96691,0.220913,-0.181241,-2.285972,-0.458087,0.398799,0.116495,0.189804,-0.12103,0.84243,0.296198,0.917618,-0.020234,-1.352688,-0.656421,0.331137,-0.521553,-2.254791,0.307668,-0.088239,0.098473,0.206233,-0.427893,0.999562,0.836085,-0.558563,1.435802,-0.498727,-0.694366,-1.302166,-1.680066,0.89059,-0.341798,0.999661,-0.917052,0.311693,0.383499,-1.101928,0.916178,-1.304517,0.252309,0.083892,-0.189643,1.073836,-1.10252,-0.461653
8,-0.818803,0.670946,-0.832996,0.072133,0.006639,-0.128868,0.293626,-1.662399,-0.002836,-1.441861,0.178934,0.295629,-0.245328,-0.272817,-0.91834,0.679873,0.721667,-2.69684,-0.703929,0.603359,0.892902,0.630367,0.019373,1.061288,1.73237,0.190268,-1.784842,1.581958,-0.501932,1.883768,-0.272974,-0.312362,0.001176,1.810179,0.112058,1.325606,0.242558,0.763945,-1.024623,-1.020035,-0.636443,0.977587,-0.025083,0.647195,0.101243,-0.855225,1.587101,0.624027,-1.071374,1.174761,0.265303,0.062105,-0.378224,-1.565313,-0.124902,-0.220411,0.009266,-1.865513,1.790201,1.863521,-1.816217,0.291508,-0.96691,0.220913,-0.181241,-2.285972,-0.458087,0.398799,0.116495,0.189804,-0.12103,0.84243,0.296198,0.917618,-0.020234,-1.352688,-0.656421,0.331137,-0.521553,-2.254791,0.307668,-0.088239,0.098473,0.206233,-0.427893,0.999562,0.836085,-0.558563,1.435802,-0.498727,-0.694366,-1.302166,-1.680066,0.89059,-0.341798,0.999661,-0.917052,0.311693,0.383499,-1.101928,0.916178,-1.304517,0.252309,0.083892,-0.189643,1.073836,-1.10252,-0.461653
9,-0.818803,0.670946,-0.832996,0.072133,0.006639,-0.128868,0.293626,-1.662399,-0.002836,-1.441861,0.178934,0.295629,-0.245328,-0.272817,-0.91834,0.679873,0.721667,-2.69684,-0.703929,0.603359,0.892902,0.630367,0.019373,1.061288,1.73237,0.190268,-1.784842,1.581958,-0.501932,1.883768,-0.272974,-0.312362,0.001176,1.810179,0.112058,1.325606,0.242558,0.763945,-1.024623,-1.020035,-0.636443,0.977587,-0.025083,0.647195,0.101243,-0.855225,1.587101,0.624027,-1.071374,1.174761,0.265303,0.062105,-0.378224,-1.565313,-0.124902,-0.220411,0.009266,-1.865513,1.790201,1.863521,-1.816217,0.291508,-0.96691,0.220913,-0.181241,-2.285972,-0.458087,0.398799,0.116495,0.189804,-0.12103,0.84243,0.296198,0.917618,-0.020234,-1.352688,-0.656421,0.331137,-0.521553,-2.254791,0.307668,-0.088239,0.098473,0.206233,-0.427893,0.999562,0.836085,-0.558563,1.435802,-0.498727,-0.694366,-1.302166,-1.680066,0.89059,-0.341798,0.999661,-0.917052,0.311693,0.383499,-1.101928,0.916178,-1.304517,0.252309,0.083892,-0.189643,1.073836,-1.10252,-0.461653
10,-0.818803,0.670946,-0.832996,0.072133,0.006639,-0.128868,0.293626,-1.662399,-0.002836,-1.441861,0.178934,0.295629,-0.245328,-0.272817,-0.91834,0.679873,0.721667,-2.69684,-0.703929,0.603359,0.892902,0.630367,0.019373,1.061288,1.73237,0.190268,-1.784842,1.581958,-0.501932,1.883768,-0.272974,-0.312362,0.001176,1.810179,0.112058,1.325606,0.242558,0.763945,-1.024623,-1.020035,-0.636443,0.977587,-0.025083,0.647195,0.101243,-0.855225,1.587101,0.624027,-1.071374,1.174761,0.265303,0.062105,-0.378224,-1.565313,-0.124902,-0.220411,0.009266,-1.865513,1.790201,1.863521,-1.816217,0.291508,-0.96691,0.220913,-0.181241,-2.285972,-0.458087,0.398799,0.116495,0.189804,-0.12103,0.84243,0.296198,0.917618,-0.020234,-1.352688,-0.656421,0.331137,-0.521553,-2.254791,0.307668,-0.088239,0.098473,0.206233,-0.427893,0.999562,0.836085,-0.558563,1.435802,-0.498727,-0.694366,-1.302166,-1.680066,0.89059,-0.341798,0.999661,-0.917052,0.311693,0.383499,-1.101928,0.916178,-1.304517,0.252309,0.083892,-0.189643,1.073836,-1.10252,-0.461653
11,-0.818803,0.670946,-0.832996,0.072133,0.006639,-0.128868,0.293626,-1.662399,-0.002836,-1.441861,0.178934,0.295629,-0.245328,-0.272817,-0.91834,0.679873,0.721667,-2.69684,-0.703929,0.603359,0.892902,0.630367,0.019373,1.061288,1.73237,0.190268,-1.784842,1.581958,-0.501932,1.883768,-0.272974,-0.312362,0.001176,1.810179,0.112058,1.325606,0.242558,0.763945,-1.024623,-1.020035,-0.636443,0.977587,-0.025083,0.647195,0.101243,-0.855225,1.587101,0.624027,-1.071374,1.174761,0.265303,0.062105,-0.378224,-1.565313,-0.124902,-0.220411,0.009266,-1.865513,1.790201,1.863521,-1.816217,0.291508,-0.96691,0.220913,-0.181241,-2.285972,-0.458087,0.398799,0.116495,0.189804,-0.12103,0.84243,0.296198,0.917618,-0.020234,-1.352688,-0.656421,0.331137,-0.521553,-2.254791,0.307668,-0.088239,0.098473,0.206233,-0.427893,0.999562,0.836085,-0.558563,1.435802,-0.498727,-0.694366,-1.302166,-1.680066,0.89059,-0.341798,0.999661,-0.917052,0.311693,0.383499,-1.101928,0.916178,-1.304517,0.252309,0.083892,-0.189643,1.073836,-1.10252,-0.461653
12,-0.818803,0.670946,-0.832996,0.072133,0.006639,-0.128868,0.293626,-1.662399,-0.002836,-1.441861,0.178934,0.295629,-0.245328,-0.272817,-0.91834,0.679873,0.721667,-2.69684,-0.703929,0.603359,0.892902,0.630367,0.019373,1.061288,1.73237,0.190268,-1.784842,1.581958,-0.501932,1.883768,-0.272974,-0.312362,0.001176,1.810179,0.112058,1.325606,0.242558,0.763945,-1.024623,-1.020035,-0.636443,0.977587,-0.025083,0.647195,0.101243,-0.855225,1.587101,0.624027,-1.071374,1.174761,0.265303,0.062105,-0.378224,-1.565313,-0.124902,-0.220411,0.009266,-1.865513,1.790201,1.863521,-1.816217,0.291508,-0.96691,0.220913,-0.181241,-2.285972,-0.458087,0.398799,0.116495,0.189804,-0.12103,0.84243,0.296198,0.917618,-0.020234,-1.352688,-0.656421,0.331137,-0.521553,-2.254791,0.307668,-0.088239,0.098473,0.206233,-0.427893,0.999562,0.836085,-0.558563,1.435802,-0.498727,-0.694366,-1.302166,-1.680066,0.89059,-0.341798,0.999661,-0.917052,0.311693,0.383499,-1.101928,0.916178,-1.304517,0.252309,0.083892,-0.189643,1.073836,-1.10252,-0.461653
13,-0.818803,0.670946,-0.832996,0.072133,0.006639,-0.128868,0.293626,-1.662399,-0.002836,-1.441861,0.178934,0.295629,-0.245328,-0.272817,-0.91834,0.679873,0.721667,-2.69684,-0.703929,0.603359,0.892902,0.630367,0.019373,1.061288,1.73237,0.190268,-1.784842,1.581958,-0.501932,1.883768,-0.272974,-0.312362,0.001176,1.810179,0.112058,1.325606,0.242558,0.763945,-1.024623,-1.020035,-0.636443,0.977587,-0.025083,0.647195,0.101243,-0.855225,1.587101,0.624027,-1.071374,1.174761,0.265303,0.062105,-0.378224,-1.565313,-0.124902,-0.220411,0.009266,-1.865513,1.790201,1.863521,-1.816217,0.291508,-0.96691,0.220913,-0.181241,-2.285972,-0.458087,0.398799,0.116495,0.189804,-0.12103,0.84243,0.296198,0.917618,-0.020234,-1.352688,-0.656421,0.331137,-0.521553,-2.254791,0.307668,-0.088239,0.098473,0.206233,-0.427893,0.999562,0.836085,-0.558563,1.435802,-0.498727,-0.694366,-1.302166,-1.680066,0.89059,-0.341798,0.999661,-0.917052,0.311693,0.383499,-1.101928,0.916178,-1.304517,0.252309,0.083892,-0.189643,1.073836,-1.10252,-0.461653
14,-0.818803,0.670946,-0.832996,0.072133,0.006639,-0.128868,0.293626,-1.662399,-0.002836,-1.441861,0.178934,0.295629,-0.245328,-0.272817,-0.91834,0.679873,0.721667,-2.69684,-0.703929,0.603359,0.892902,0.630367,0.019373,1.061288,1.73237,0.190268,-1.784842,1.581958,-0.501932,1.883768,-0.272974,-0.312362,0.001176,1.810179,0.112058,1.325606,0.242558,0.763945,-1.024623,-1.020035,-0.636443,0.977587,-0.025083,0.647195,0.101243,-0.855225,1.587101,0.624027,-1.071374,1.174761,0.265303,0.062105,-0.378224,-1.565313,-0.124902,-0.220411,0.009266,-1.865513,1.790201,1.863521,-1.816217,0.291508,-0.96691,0.220913,-0.181241,-2.285972,-0.458087,0.398799,0.116495,0.189804,-0.12103,0.84243,0.296198,0.917618,-0.020234,-1.352688,-0.656421,0.331137,-0.521553,-2.254791,0.307668,-0.088239,0.098473,0.206233,-0.427893,0.999562,0.836085,-0.558563,1.435802,-0.498727,-0.694366,-1.302166,-1.680066,0.89059,-0.341798,0.999661,-0.917052,0.311693,0.383499,-1.101928,0.916178,-1.304517,0.252309,0.083892,-0.189643,1.073836,-1.10252,-0.461653
15,-0.818803,0.670946,-0.832996,0.072133,0.006639,-0.128868,0.293626,-1.662399,-0.002836,-1.441861,0.178934,0.295629,-0.245328,-0.272817,-0.91834,0.679873,0.721667,-2.69684,-0.703929,0.603359,0.892902,0.630367,0.019373,1.061288,1.73237,0.190268,-1.784842,1.581958,-0.501932,1.883768,-0.272974,-0.312362,0.001176,1.810179,0.112058,1.325606,0.242558,0.763945,-1.024623,-1.020035,-0.636443,0.977587,-0.025083,0.647195,0.101243,-0.855225,1.587101,0.624027,-1.071374,1.174761,0.265303,0.062105,-0.378224,-1.565313,-0.124902,-0.220411,0.009266,-1.865513,1.790201,1.863521,-1.816217,0.291508,-0.96691,0.220913,-0.181241,-2.285972,-0.458087,0.398799,0.116495,0.189804,-0.12103,0.84243,0.296198,0.917618,-0.020234,-1.352688,-0.656421,0.331137,-0.521553,-2.254791,0.307668,-0.088239,0.098473,0.206233,-0.427893,0.999562,0.836085,-0.558563,1.435802,-0.498727,-0.694366,-1.302166,-1.680066,0.89059,-0.341798,0.999661,-0.917052,0.311693,0.383499,-1.101928,0.916178,-1.304517,0.252309,0.083892,-0.189643,1.073836,-1.10252,-0.461653
16,-0.818803,0.670946,-0.832996,0.072133,0.006639,-0.128868,0.293626,-1.662399,-0.002836,-1.441861,0.178934,0.295629,-0.245328,-0.272817,-0.91834,0.679873,0.721667,-2.69684,-0.703929,0.603359,0.892902,0.630367,0.019373,1.061288,1.73237,0.190268,-1.784842,1.581958,-0.501932,1.883768,-0.272974,-0.312362,0.001176,1.810179,0.112058,1.325606,0.242558,0.763945,-1.024623,-1.020035,-0.636443,0.977587,-0.025083,0.647195,0.101243,-0.855225,1.587101,0.624027,-1.071374,1.174761,0.265303,0.062105,-0.378224,-1.565313,-0.124902,-0.220411,0.009266,-1.865513,1.790201,1.863521,-1.816217,0.291508,-0.96691,0.220913,-0.181241,-2.285972,-0.458087,0.398799,0.116495,0.189804,-0.12103,0.84243,0.296198,0.917618,-0.020234,-1.352688,-0.656421,0.331137,-0.521553,-2.254791,0.307668,-0.088239,0.098473,0.206233,-0.427893,0.999562,0.836085,-0.558563,1.435802,-0.498727,-0.694366,-1.302166,-1.680066,0.89059,-0.341798,0.999661,-0.917052,0.311693,0.383499,-1.101928,0.916178,-1.304517,0.252309,0.083892,-0.189643,1.073836,-1.10252,-0.461653
17,-0.818803,0.670946,-0.832996,0.072133,0.006639,-0.128868,0.293626,-1.662399,-0.002836,-1.441861,0.178934,0.295629,-0.245328,-0.272817,-0.91834,0.679873,0.721667,-2.69684,-0.703929,0.603359,0.892902,0.630367,0.019373,1.061288,1.73237,0.190268,-1.784842,1.581958,-0.501932,1.883768,-0.272974,-0.312362,0.001176,1.810179,0.112058,1.325606,0.242558,0.763945,-1.024623,-1.020035,-0.636443,0.977587,-0.025083,0.647195,0.101243,-0.855225,1.587101,0.624027,-1.071374,1.174761,0.265303,0.062105,-0.378224,-1.565313,-0.124902,-0.220411,0.009266,-1.865513,1.790201,1.863521,-1.816217,0.291508,-0.96691,0.220913,-0.181241,-2.285972,-0.458087,0.398799,0.116495,0.189804,-0.12103,0.84243,0.296198,0.917618,-0.020234,-1.352688,-0.656421,0.331137,-0.521553,-2.254791,0.307668,-0.088239,0.098473,0.206233,-0.427893,0.999562,0.836085,-0.558563,1.435802,-0.498727,-0.694366,-1.302166,-1.680066,0.89059,-0.341798,0.999661,-0.917052,0.311693,0.383499,-1.101928,0.916178,-1.304517,0.252309,0.083892,-0.189643,1.073836,-1.10252,-0.461653
18,-0.818803,0.670946,-0.832996,0.072133,0.006639,-0.128868,0.293626,-1.662399,-0.002836,-1.441861,0.178934,0.295629,-0.245328,-0.272817,-0.91834,0.679873,0.721667,-2.69684,-0.703929,0.603359,0.892902,0.630367,0.019373,1.061288,1.73237,0.190268,-1.784842,1.581958,-0.501932,1.883768,-0.272974,-0.312362,0.001176,1.810179,0.112058,1.325606,0.242558,0.763945,-1.024623,-1.020035,-0.636443,0.977587,-0.025083,0.647195,0.101243,-0.855225,1.587101,0.624027,-1.071374,1.174761,0.265303,0.062105,-0.378224,-1.565313,-0.124902,-0.220411,0.009266,-1.865513,1.790201,1.863521,-1.816217,0.291508,-0.96691,0.220913,-0.181241,-2.285972,-0.458087,0.398799,0.116495,0.189804,-0.12103,0.84243,0.296198,0.917618,-0.020234,-1.352688,-0.656421,0.331137,-0.521553,-2.254791,0.307668,-0.088239,0.098473,0.206233,-0.427893,0.999562,0.836085,-0.558563,1.435802,-0.498727,-0.694366,-1.302166,-1.680066,0.89059,-0.341798,0.999661,-0.917052,0.311693,0.383499,-1.101928,0.916178,-1.304517,0.252309,0.083892,-0.189643,1.073836,-1.10252,-0.461653
19,-0.433056,0.177659,-1.328525,1.034475,0.237653,-0.139346,0.674151,-1.528495,-0.043014,-1.640143,-0.207027,0.768056,-0.411706,0.07305,-0.1864,0.340344,1.382879,-2.054685,-0.647163,0.530113,0.522084,0.567731,0.530568,1.15215,1.732223,-0.079044,-2.114594,1.85549,-0.580887,1.765144,-0.239101,-0.31505,-0.335939,1.774594,0.453269,1.106056,0.16698,0.866876,-1.388412,-0.478492,-0.283974,0.578905,-0.105204,0.449951,0.339381,-0.328056,1.648381,0.607613,-1.097383,0.708581,0.417805,0.169225,-0.0439,-1.809047,0.372516,0.266864,-0.065736,-1.461118,2.054139,1.755144,-1.554664,1.143391,-0.974691,-0.166167,-0.016156,-2.361274,-0.236022,-0.061705,0.012949,0.598869,0.091041,1.099716,0.265633,1.020321,-0.761519,-1.20113,-1.230965,0.209576,-0.502038,-2.366434,0.601546,-0.561798,0.239694,-0.064682,-0.434314,0.374801,0.671523,0.240939,1.006517,-0.609984,0.022921,-0.655186,-2.056549,1.235589,-1.170847,1.254859,-1.156697,0.729994,0.623689,-1.719229,0.760838,-1.226045,-0.257619,0.98252,0.373462,0.689882,-1.234047,-0.572045
20,-0.433056,0.177659,-1.328525,1.034475,0.237653,-0.139346,0.674151,-1.528495,-0.043014,-1.640143,-0.207027,0.768056,-0.411706,0.07305,-0.1864,0.340344,1.382879,-2.054685,-0.647163,0.530113,0.522084,0.567731,0.530568,1.15215,1.732223,-0.079044,-2.114594,1.85549,-0.580887,1.765144,-0.239101,-0.31505,-0.335939,1.774594,0.453269,1.106056,0.16698,0.866876,-1.388412,-0.478492,-0.283974,0.578905,-0.105204,0.449951,0.339381,-0.328056,1.648381,0.607613,-1.097383,0.708581,0.417805,0.169225,-0.0439,-1.809047,0.372516,0.266864,-0.065736,-1.461118,2.054139,1.755144,-1.554664,1.143391,-0.974691,-0.166167,-0.016156,-2.361274,-0.236022,-0.061705,0.012949,0.598869,0.091041,1.099716,0.265633,1.020321,-0.761519,-1.20113,-1.230965,0.209576,-0.502038,-2.366434,0.601546,-0.561798,0.239694,-0.064682,-0.434314,0.374801,0.671523,0.240939,1.006517,-0.609984,0.022921,-0.655186,-2.056549,1.235589,-1.170847,1.254859,-1.156697,0.729994,0.623689,-1.719229,0.760838,-1.226045,-0.257619,0.98252,0.373462,0.689882,-1.234047,-0.572045
21,-0.433056,0.177659,-1.328525,1.034475,0.237653,-0.139346,0.674151,-1.528495,-0.043014,-1.640143,-0.207027,0.768056,-0.411706,0.07305,-0.1864,0.340344,1.382879,-2.054685,-0.647163,0.530113,0.522084,0.567731,0.530568,1.15215,1.732223,-0.079044,-2.114594,1.85549,-0.580887,1.765144,-0.239101,-0.31505,-0.335939,1.774594,0.453269,1.106056,0.16698,0.866876,-1.388412,-0.478492,-0.283974,0.578905,-0.105204,0.449951,0.339381,-0.328056,1.648381,0.607613,-1.097383,0.708581,0.417805,0.169225,-0.0439,-1.809047,0.372516,0.266864,-0.065736,-1.461118,2.054139,1.755144,-1.554664,1.143391,-0.974691,-0.166167,-0.016156,-2.361274,-0.236022,-0.061705,0.012949,0.598869,0.091041,1.099716,0.265633,1.020321,-0.761519,-1.20113,-1.230965,0.209576,-0.502038,-2.366434,0.601546,-0.561798,0.239694,-0.064682,-0.434314,0.374801,0.671523,0.240939,1.006517,-0.609984,0.022921,-0.655186,-2.056549,1.235589,-1.170847,1.254859,-1.156697,0.729994,0.623689,-1.719229,0.760838,-1.226045,-0.257619,0.98252,0.373462,0.689882,-1.234047,-0.572045
22,-0.433056,0.177659,-1.328525,1.034475,0.237653,-0.139346,0.674151,-1.528495,-0.043014,-1.640143,-0.207027,0.768056,-0.411706,0.07305,-0.1864,0.340344,1.382879,-2.054685,-0.647163,0.530113,0.522084,0.567731,0.530568,1.15215,1.732223,-0.079044,-2.114594,1.85549,-0.580887,1.765144,-0.239101,-0.31505,-0.335939,1.774594,0.453269,1.106056,0.16698,0.866876,-1.388412,-0.478492,-0.283974,0.578905,-0.105204,0.449951,0.339381,-0.328056,1.648381,0.607613,-1.097383,0.708581,0.417805,0.169225,-0.0439,-1.809047,0.372516,0.266864,-0.065736,-1.461118,2.054139,1.755144,-1.554664,1.143391,-0.974691,-0.166167,-0.016156,-2.361274,-0.236022,-0.061705,0.012949,0.598869,0.091041,1.099716,0.265633,1.020321,-0.761519,-1.20113,-1.230965,0.209576,-0.502038,-2.366434,0.601546,-0.561798,0.239694,-0.064682,-0.434314,0.374801,0.671523,0.240939,1.006517,-0.609984,0.022921,-0.655186,-2.056549,1.235589,-1.170847,1.254859,-1.156697,0.729994,0.623689,-1.719229,0.760838,-1.226045,-0.257619,0.98252,0.373462,0.689882,-1.234047,-0.572045
23,-0.433056,0.177659,-1.328525,1.034475,0.237653,-0.139346,0.674151,-1.528495,-0.043014,-1.640143,-0.207027,0.768056,-0.411706,0.07305,-0.1864,0.340344,1.382879,-2.054685,-0.647163,0.530113,0.522084,0.567731,0.530568,1.15215,1.732223,-0.079044,-2.114594,1.85549,-0.580887,1.765144,-0.239101,-0.31505,-0.335939,1.774594,0.453269,1.106056,0.16698,0.866876,-1.388412,-0.478492,-0.283974,0.578905,-0.105204,0.449951,0.339381,-0.328056,1.648381,0.607613,-1.097383,0.708581,0.417805,0.169225,-0.0439,-1.809047,0.372516,0.266864,-0.065736,-1.461118,2.054139,1.755144,-1.554664,1.143391,-0.974691,-0.166167,-0.016156,-2.361274,-0.236022,-0.061705,0.012949,0.598869,0.091041,1.099716,0.265633,1.020321,-0.761519,-1.20113,-1.230965,0.209576,-0.502038,-2.366434,0.601546,-0.561798,0.239694,-0.064682,-0.434314,0.374801,0.671523,0.240939,1.006517,-0.609984,0.022921,-0.655186,-2.056549,1.235589,-1.170847,1.254859,-1.156697,0.729994,0.623689,-1.719229,0.760838,-1.226045,-0.257619,0.98252,0.373462,0.689882,-1.234047,-0.572045
24,-0.433056,0.177659,-1.328525,1.034475,0.237653,-0.139346,0.674151,-1.528495,-0.043014,-1.640143,-0.207027,0.768056,-0.411706,0.07305,-0.1864,0.340344,1.382879,-2.054685,-0.647163,0.530113,0.522084,0.567731,0.530568,1.15215,1.732223,-0.079044,-2.114594,1.85549,-0.580887,1.765144,-0.239101,-0.31505,-0.335939,1.774594,0.453269,1.106056,0.16698,0.866876,-1.388412,-0.478492,-0.283974,0.578905,-0.105204,0.449951,0.339381,-0.328056,1.648381,0.607613,-1.097383,0.708581,0.417805,0.169225,-0.0439,-1.809047,0.372516,0.266864,-0.065736,-1.461118,2.054139,1.755144,-1.554664,1.143391,-0.974691,-0.166167,-0.016156,-2.361274,-0.236022,-0.061705,0.012949,0.598869,0.091041,1.099716,0.265633,1.020321,-0.761519,-1.20113,-1.230965,0.209576,-0.502038,-2.366434,0.601546,-0.561798,0.239694,-0.064682,-0.434314,0.374801,0.671523,0.240939,1.006517,-0.609984,0.022921,-0.655186,-2.056549,1.235589,-1.170847,1.254859,-1.156697,0.729994,0.623689,-1.719229,0.760838,-1.226045,-0.257619,0.98252,0.373462,0.689882,-1.234047,-0.572045
25,-0.31476,0.482278,-0.958046,0.82441,0.847967,0.015695,0.080493,-1.129115,0.614178,-1.909768,-0.507044,-0.1744,-0.431072,0.980041,-0.549485,1.386318,1.473836,-1.93649,-0.760839,-0.359645,0.18478,0.278853,0.504756,0.163329,2.084799,0.507986,-1.681992,1.543471,-0.334162,1.549256,-0.234568,0.081025,0.10259,1.349061,-0.198812,1.1989,-0.279794,2.224753,-0.560545,-1.014517,-0.376223,0.513394,-0.333097,0.43142,0.953055,-0.146259,0.789006,0.949724,-1.1317,1.337297,0.667556,-0.090399,-0.299834,-1.93094,0.466682,-0.074715,-0.485879,-1.432686,2.063766,1.278323,-0.827354,1.191858,-1.136714,0.47538,-0.319777,-2.689306,-0.890292,0.628647,-0.057267,0.26747,0.169111,-0.24757,1.0678,1.212249,0.728889,-0.957022,-0.965696,0.529508,-0.515313,-1.762527,0.582613,-0.373043,0.483034,-0.570102,-0.341494,0.388334,0.795078,0.022648,0.626136,-0.611496,-0.677299,-0.895647,-2.420945,1.42054,-0.421118,-0.015612,-1.257788,0.288018,-0.01671,-1.284079,1.13909,-1.232344,0.37573,0.348762,-0.054267,0.681856,-0.688732,-1.133138
26,-0.31476,0.482278,-0.958046,0.82441,0.847967,0.015695,0.080493,-1.129115,0.614178,-1.909768,-0.507044,-0.1744,-0.431072,0.980041,-0.549485,1.386318,1.473836,-1.93649,-0.760839,-0.359645,0.18478,0.278853,0.504756,0.163329,2.084799,0.507986,-1.681992,1.543471,-0.334162,1.549256,-0.234568,0.081025,0.10259,1.349061,-0.198812,1.1989,-0.279794,2.224753,-0.560545,-1.014517,-0.376223,0.513394,-0.333097,0.43142,0.953055,-0.146259,0.789006,0.949724,-1.1317,1.337297,0.667556,-0.090399,-0.299834,-1.93094,0.466682,-0.074715,-0.485879,-1.432686,2.063766,1.278323,-0.827354,1.191858,-1.136714,0.47538,-0.319777,-2.689306,-0.890292,0.628647,-0.057267,0.26747,0.169111,-0.24757,1.0678,1.212249,0.728889,-0.957022,-0.965696,0.529508,-0.515313,-1.762527,0.582613,-0.373043,0.483034,-0.570102,-0.341494,0.388334,0.795078,0.022648,0.626136,-0.611496,-0.677299,-0.895647,-2.420945,1.42054,-0.421118,-0.015612,-1.257788,0.288018,-0.01671,-1.284079,1.13909,-1.232344,0.37573,0.348762,-0.054267,0.681856,-0.688732,-1.133138
27,-0.31476,0.482278,-0.958046,0.82441,0.847967,0.015695,0.080493,-1.129115,0.614178,-1.909768,-0.507044,-0.1744,-0.431072,0.980041,-0.549485,1.386318,1.473836,-1.93649,-0.760839,-0.359645,0.18478,0.278853,0.504756,0.163329,2.084799,0.507986,-1.681992,1.543471,-0.334162,1.549256,-0.234568,0.081025,0.10259,1.349061,-0.198812,1.1989,-0.279794,2.224753,-0.560545,-1.014517,-0.376223,0.513394,-0.333097,0.43142,0.953055,-0.146259,0.789006,0.949724,-1.1317,1.337297,0.667556,-0.090399,-0.299834,-1.93094,0.466682,-0.074715,-0.485879,-1.432686,2.063766,1.278323,-0.827354,1.191858,-1.136714,0.47538,-0.319777,-2.689306,-0.890292,0.628647,-0.057267,0.26747,0.169111,-0.24757,1.0678,1.212249,0.728889,-0.957022,-0.965696,0.529508,-0.515313,-1.762527,0.582613,-0.373043,0.483034,-0.570102,-0.341494,0.388334,0.795078,0.022648,0.626136,-0.611496,-0.677299,-0.895647,-2.420945,1.42054,-0.421118,-0.015612,-1.257788,0.288018,-0.01671,-1.284079,1.13909,-1.232344,0.37573,0.348762,-0.054267,0.681856,-0.688732,-1.133138
28,-0.31476,0.482278,-0.958046,0.82441,0.847967,0.015695,0.080493,-1.129115,0.614178,-1.909768,-0.507044,-0.1744,-0.431072,0.980041,-0.549485,1.386318,1.473836,-1.93649,-0.760839,-0.359645,0.18478,0.278853,0.504756,0.163329,2.084799,0.507986,-1.681992,1.543471,-0.334162,1.549256,-0.234568,0.081025,0.10259,1.349061,-0.198812,1.1989,-0.279794,2.224753,-0.560545,-1.014517,-0.376223,0.513394,-0.333097,0.43142,0.953055,-0.146259,0.789006,0.949724,-1.1317,1.337297,0.667556,-0.090399,-0.299834,-1.93094,0.466682,-0.074715,-0.485879,-1.432686,2.063766,1.278323,-0.827354,1.191858,-1.136714,0.47538,-0.319777,-2.689306,-0.890292,0.628647,-0.057267,0.26747,0.169111,-0.24757,1.0678,1.212249,0.728889,-0.957022,-0.965696,0.529508,-0.515313,-1.762527,0.582613,-0.373043,0.483034,-0.570102,-0.341494,0.388334,0.795078,0.022648,0.626136,-0.611496,-0.677299,-0.895647,-2.420945,1.42054,-0.421118,-0.015612,-1.257788,0.288018,-0.01671,-1.284079,1.13909,-1.232344,0.37573,0.348762,-0.054267,0.681856,-0.688732,-1.133138
29,-0.31476,0.482278,-0.958046,0.82441,0.847967,0.015695,0.080493,-1.129115,0.614178,-1.909768,-0.507044,-0.1744,-0.431072,0.980041,-0.549485,1.386318,1.473836,-1.93649,-0.760839,-0.359645,0.18478,0.278853,0.504756,0.163329,2.084799,0.507986,-1.681992,1.543471,-0.334162,1.549256,-0.234568,0.081025,0.10259,1.349061,-0.198812,1.1989,-0.279794,2.224753,-0.560545,-1.014517,-0.376223,0.513394,-0.333097,0.43142,0.953055,-0.146259,0.789006,0.949724,-1.1317,1.337297,0.667556,-0.090399,-0.299834,-1.93094,0.466682,-0.074715,-0.485879,-1.432686,2.063766,1.278323,-0.827354,1.191858,-1.136714,0.47538,-0.319777,-2.689306,-0.890292,0.628647,-0.057267,0.26747,0.169111,-0.24757,1.0678,1.212249,0.728889,-0.957022,-0.965696,0.529508,-0.515313,-1.762527,0.582613,-0.373043,0.483034,-0.570102,-0.341494,0.388334,0.795078,0.022648,0.626136,-0.611496,-0.677299,-0.895647,-2.420945,1.42054,-0.421118,-0.015612,-1.257788,0.288018,-0.01671,-1.284079,1.13909,-1.232344,0.37573,0.348762,-0.054267,0.681856,-0.688732,-1.133138
30,-0.968118,1.150458,-0.334103,0.623283,1.023823,-0.543141,0.29491,-1.251064,0.195944,-1.350592,0.052618,0.213589,-0.820759,-0.399534,-0.538005,0.96915,1.123313,-1.862452,-0.309019,-0.170177,0.12808,-0.180604,-0.15166,1.155869,1.293736,-0.231973,-0.953849,1.222666,0.081531,1.458489,-0.757604,0.468182,0.017324,2.308759,0.171163,1.288789,-0.160235,0.722853,-0.293911,-0.653568,-0.222705,0.853861,0.06481,0.766107,0.218679,-1.839215,2.483635,-0.116805,-1.107974,1.08838,0.319857,-0.367722,-0.379476,-1.335522,-0.450911,0.336886,-0.870809,-1.709027,1.769534,1.510511,-1.310706,1.419448,-0.756163,-0.056013,0.456625,-1.751407,-0.230461,0.509317,0.448288,0.070187,-0.304223,0.058315,0.498383,1.01388,-0.232349,-1.393418,-0.554436,0.935959,-0.271013,-1.455887,0.993313,-0.773436,-0.085652,0.126338,0.174867,0.43014,0.985394,-0.115116,1.61229,-0.730716,-0.418048,-1.129106,-1.672872,0.646043,0.128133,0.282641,-1.250007,0.33901,0.609184,-0.899779,1.324369,-1.050619,0.373863,0.225207,-0.010492,0.642493,-1.243966,-0.167678
31,-0.968118,1.150458,-0.334103,0.623283,1.023823,-0.543141,0.29491,-1.251064,0.195944,-1.350592,0.052618,0.213589,-0.820759,-0.399534,-0.538005,0.96915,1.123313,-1.862452,-0.309019,-0.170177,0.12808,-0.180604,-0.15166,1.155869,1.293736,-0.231973,-0.953849,1.222666,0.081531,1.458489,-0.757604,0.468182,0.017324,2.308759,0.171163,1.288789,-0.160235,0.722853,-0.293911,-0.653568,-0.222705,0.853861,0.06481,0.766107,0.218679,-1.839215,2.483635,-0.116805,-1.107974,1.08838,0.319857,-0.367722,-0.379476,-1.335522,-0.450911,0.336886,-0.870809,-1.709027,1.769534,1.510511,-1.310706,1.419448,-0.756163,-0.056013,0.456625,-1.751407,-0.230461,0.509317,0.448288,0.070187,-0.304223,0.058315,0.498383,1.01388,-0.232349,-1.393418,-0.554436,0.935959,-0.271013,-1.455887,0.993313,-0.773436,-0.085652,0.126338,0.174867,0.43014,0.985394,-0.115116,1.61229,-0.730716,-0.418048,-1.129106,-1.672872,0.646043,0.128133,0.282641,-1.250007,0.33901,0.609184,-0.899779,1.324369,-1.050619,0.373863,0.225207,-0.010492,0.642493,-1.243966,-0.167678
32,-0.968118,1.150458,-0.334103,0.623283,1.023823,-0.543141,0.29491,-1.251064,0.195944,-1.350592,0.052618,0.213589,-0.820759,-0.399534,-0.538005,0.96915,1.123313,-1.862452,-0.309019,-0.170177,0.12808,-0.180604,-0.15166,1.155869,1.293736,-0.231973,-0.953849,1.222666,0.081531,1.458489,-0.757604,0.468182,0.017324,2.308759,0.171163,1.288789,-0.160235,0.722853,-0.293911,-0.653568,-0.222705,0.853861,0.06481,0.766107,0.218679,-1.839215,2.483635,-0.116805,-1.107974,1.08838,0.319857,-0.367722,-0.379476,-1.335522,-0.450911,0.336886,-0.870809,-1.709027,1.769534,1.510511,-1.310706,1.419448,-0.756163,-0.056013,0.456625,-1.751407,-0.230461,0.509317,0.448288,0.070187,-0.304223,0.058315,0.498383,1.01388,-0.232349,-1.393418,-0.554436,0.935959,-0.271013,-1.455887,0.993313,-0.773436,-0.085652,0.126338,0.174867,0.43014,0.985394,-0.115116,1.61229,-0.730716,-0.418048,-1.129106,-1.672872,0.646043,0.128133,0.282641,-1.250007,0.33901,0.609184,-0.899779,1.324369,-1.050619,0.373863,0.225207,-0.010492,0.642493,-1.243966,-0.167678
33,-0.968118,1.150458,-0.334103,0.623283,1.023823,-0.543141,0.29491,-1.251064,0.195944,-1.350592,0.052618,0.213589,-0.820759,-0.399534,-0.538005,0.96915,1.123313,-1.862452,-0.309019,-0.170177,0.12808,-0.180604,-0.15166,1.155869,1.293736,-0.231973,-0.953849,1.222666,0.081531,1.458489,-0.757604,0.468182,0.017324,2.308759,0.171163,1.288789,-0.160235,0.722853,-0.293911,-0.653568,-0.222705,0.853861,0.06481,0.766107,0.218679,-1.839215,2.483635,-0.116805,-1.107974,1.08838,0.319857,-0.367722,-0.379476,-1.335522,-0.450911,0.336886,-0.870809,-1.709027,1.769534,1.510511,-1.310706,1.419448,-0.756163,-0.056013,0.456625,-1.751407,-0.230461,0.509317,0.448288,0.070187,-0.304223,0.058315,0.498383,1.01388,-0.232349,-1.393418,-0.554436,0.935959,-0.271013,-1.455887,0.993313,-0.773436,-0.085652,0.126338,0.174867,0.43014,0.985394,-0.115116,1.61229,-0.730716,-0.418048,-1.129106,-1.672872,0.646043,0.128133,0.282641,-1.250007,0.33901,0.609184,-0.899779,1.324369,-1.050619,0.373863,0.225207,-0.010492,0.642493,-1.243966,-0.167678
34,-0.968118,1.150458,-0.334103,0.623283,1.023823,-0.543141,0.29491,-1.251064,0.195944,-1.350592,0.052618,0.213589,-0.820759,-0.399534,-0.538005,0.96915,1.123313,-1.862452,-0.309019,-0.170177,0.12808,-0.180604,-0.15166,1.155869,1.293736,-0.231973,-0.953849,1.222666,0.081531,1.458489,-0.757604,0.468182,0.017324,2.308759,0.171163,1.288789,-0.160235,0.722853,-0.293911,-0.653568,-0.222705,0.853861,0.06481,0.766107,0.218679,-1.839215,2.483635,-0.116805,-1.107974,1.08838,0.319857,-0.367722,-0.379476,-1.335522,-0.450911,0.336886,-0.870809,-1.709027,1.769534,1.510511,-1.310706,1.419448,-0.756163,-0.056013,0.456625,-1.751407,-0.230461,0.509317,0.448288,0.070187,-0.304223,0.058315,0.498383,1.01388,-0.232349,-1.393418,-0.554436,0.935959,-0.271013,-1.455887,0.993313,-0.773436,-0.085652,0.126338,0.174867,0.43014,0.985394,-0.115116,1.61229,-0.730716,-0.418048,-1.129106,-1.672872,0.646043,0.128133,0.282641,-1.250007,0.33901,0.609184,-0.899779,1.324369,-1.050619,0.373863,0.225207,-0.010492,0.642493,-1.243966,-0.167678
35,-0.990954,0.233701,-0.274864,0.80335,0.660071,-0.191552,0.752809,-1.708782,0.852627,-0.969409,0.419655,-0.27157,-0.518293,0.361964,-0.392461,0.63254,0.917535,-2.361184,-0.56405,0.336257,0.395976,0.188586,-0.603951,0.92286,1.835381,-0.015524,-1.580502,1.261618,-0.959563,1.192292,-0.572508,-0.053434,-0.131789,1.942773,0.404059,1.091864,0.666831,1.150049,-0.666847,-1.337977,-0.082662,0.574215,-0.65616,0.298161,0.37007,-0.974659,2.243852,0.045708,-1.11925,1.22665,0.501935,-0.1427,-0.624672,-1.575094,-0.671887,0.320837,-1.172697,-1.127487,2.173741,1.686049,-1.835728,0.67721,-0.774897,0.078576,-0.216331,-1.626569,-0.54197,-0.102282,0.395609,-0.122314,-0.633096,0.817,0.577228,1.325614,0.031464,-0.69172,-1.192606,0.629225,0.21536,-2.055906,0.340374,-0.313264,0.674451,-0.027608,-0.046984,0.530814,1.115135,0.065729,1.334887,-0.451799,-1.022931,-1.418717,-0.929446,1.096852,0.280731,1.016853,-1.825959,0.088661,0.779186,-0.906305,0.899262,-1.491894,-0.037396,0.446504,-0.293482,0.811368,-0.711308,-0.778351
36,-0.990954,0.233701,-0.274864,0.80335,0.660071,-0.191552,0.752809,-1.708782,0.852627,-0.969409,0.419655,-0.27157,-0.518293,0.361964,-0.392461,0.63254,0.917535,-2.361184,-0.56405,0.336257,0.395976,0.188586,-0.603951,0.92286,1.835381,-0.015524,-1.580502,1.261618,-0.959563,1.192292,-0.572508,-0.053434,-0.131789,1.942773,0.404059,1.091864,0.666831,1.150049,-0.666847,-1.337977,-0.082662,0.574215,-0.65616,0.298161,0.37007,-0.974659,2.243852,0.045708,-1.11925,1.22665,0.501935,-0.1427,-0.624672,-1.575094,-0.671887,0.320837,-1.172697,-1.127487,2.173741,1.686049,-1.835728,0.67721,-0.774897,0.078576,-0.216331,-1.626569,-0.54197,-0.102282,0.395609,-0.122314,-0.633096,0.817,0.577228,1.325614,0.031464,-0.69172,-1.192606,0.629225,0.21536,-2.055906,0.340374,-0.313264,0.674451,-0.027608,-0.046984,0.530814,1.115135,0.065729,1.334887,-0.451799,-1.022931,-1.418717,-0.929446,1.096852,0.280731,1.016853,-1.825959,0.088661,0.779186,-0.906305,0.899262,-1.491894,-0.037396,0.446504,-0.293482,0.811368,-0.711308,-0.778351
37,-0.990954,0.233701,-0.274864,0.80335,0.660071,-0.191552,0.752809,-1.708782,0.852627,-0.969409,0.419655,-0.27157,-0.518293,0.361964,-0.392461,0.63254,0.917535,-2.361184,-0.56405,0.336257,0.395976,0.188586,-0.603951,0.92286,1.835381,-0.015524,-1.580502,1.261618,-0.959563,1.192292,-0.572508,-0.053434,-0.131789,1.942773,0.404059,1.091864,0.666831,1.150049,-0.666847,-1.337977,-0.082662,0.574215,-0.65616,0.298161,0.37007,-0.974659,2.243852,0.045708,-1.11925,1.22665,0.501935,-0.1427,-0.624672,-1.575094,-0.671887,0.320837,-1.172697,-1.127487,2.173741,1.686049,-1.835728,0.67721,-0.774897,0.078576,-0.216331,-1.626569,-0.54197,-0.102282,0.395609,-0.122314,-0.633096,0.817,0.577228,1.325614,0.031464,-0.69172,-1.192606,0.629225,0.21536,-2.055906,0.340374,-0.313264,0.674451,-0.027608,-0.046984,0.530814,1.115135,0.065729,1.334887,-0.451799,-1.022931,-1.418717,-0.929446,1.096852,0.280731,1.016853,-1.825959,0.088661,0.779186,-0.906305,0.899262,-1.491894,-0.037396,0.446504,-0.293482,0.811368,-0.711308,-0.778351
38,-0.990954,0.233701,-0.274864,0.80335,0.660071,-0.191552,0.752809,-1.708782,0.852627,-0.969409,0.419655,-0.27157,-0.518293,0.361964,-0.392461,0.63254,0.917535,-2.361184,-0.56405,0.336257,0.395976,0.188586,-0.603951,0.92286,1.835381,-0.015524,-1.580502,1.261618,-0.959563,1.192292,-0.572508,-0.053434,-0.131789,1.942773,0.404059,1.091864,0.666831,1.150049,-0.666847,-1.337977,-0.082662,0.574215,-0.65616,0.298161,0.37007,-0.974659,2.243852,0.045708,-1.11925,1.22665,0.501935,-0.1427,-0.624672,-1.575094,-0.671887,0.320837,-1.172697,-1.127487,2.173741,1.686049,-1.835728,0.67721,-0.774897,0.078576,-0.216331,-1.626569,-0.54197,-0.102282,0.395609,-0.122314,-0.633096,0.817,0.577228,1.325614,0.031464,-0.69172,-1.192606,0.629225,0.21536,-2.055906,0.340374,-0.313264,0.674451,-0.027608,-0.046984,0.530814,1.115135,0.065729,1.334887,-0.451799,-1.022931,-1.418717,-0.929446,1.096852,0.280731,1.016853,-1.825959,0.088661,0.779186,-0.906305,0.899262,-1.491894,-0.037396,0.446504,-0.293482,0.811368,-0.711308,-0.778351
39,-0.990954,0.233701,-0.274864,0.80335,0.660071,-0.191552,0.752809,-1.708782,0.852627,-0.969409,0.419655,-0.27157,-0.518293,0.361964,-0.392461,0.63254,0.917535,-2.361184,-0.56405,0.336257,0.395976,0.188586,-0.603951,0.92286,1.835381,-0.015524,-1.580502,1.261618,-0.959563,1.192292,-0.572508,-0.053434,-0.131789,1.942773,0.404059,1.091864,0.666831,1.150049,-0.666847,-1.337977,-0.082662,0.574215,-0.65616,0.298161,0.37007,-0.974659,2.243852,0.045708,-1.11925,1.22665,0.501935,-0.1427,-0.624672,-1.575094,-0.671887,0.320837,-1.172697,-1.127487,2.173741,1.686049,-1.835728,0.67721,-0.774897,0.078576,-0.216331,-1.626569,-0.54197,-0.102282,0.395609,-0.122314,-0.633096,0.817,0.577228,1.325614,0.031464,-0.69172,-1.192606,0.629225,0.21536,-2.055906,0.340374,-0.313264,0.674451,-0.027608,-0.046984,0.530814,1.115135,0.065729,1.334887,-0.451799,-1.022931,-1.418717,-0.929446,1.096852,0.280731,1.016853,-1.825959,0.088661,0.779186,-0.906305,0.899262,-1.491894,-0.037396,0.446504,-0.293482,0.811368,-0.711308,-0.778351
40,-0.61848,0.1553,-0.583658,0.599567,0.712399,0.529468,0.259405,-1.743074,0.16655,-0.868658,0.273768,-0.15874,-0.357232,-0.152397,-0.755641,0.871108,1.351952,-2.05113,-0.497966,0.327119,0.370994,0.105632,-0.052647,1.531444,1.68773,0.10526,-1.473725,1.176633,-0.597549,1.471699,-0.577122,0.609616,-0.341697,2.209943,-0.026503,1.498112,0.215176,0.881128,-1.29378,-1.237696,-0.19893,0.361431,-0.39323,0.670307,0.74432,-1.371892,1.927142,-0.349824,-1.156075,1.199975,0.609731,0.275189,-0.849433,-0.944603,0.016328,-0.322169,-0.561599,-1.472249,1.324763,1.36086,-1.557597,0.418091,-1.154052,0.297781,-0.620932,-1.604233,-0.433078,0.389675,0.133804,0.088403,0.132598,0.895088,0.03365,1.760828,-0.081013,-1.404621,-1.111047,-0.150869,-0.018721,-2.422058,0.743476,-0.172883,0.413314,-0.068443,-0.802902,1.487737,0.378197,-0.234868,1.746232,-0.580465,-0.890733,-0.716862,-2.075994,1.047997,-0.03029,0.106261,-0.853281,-0.282985,1.34245,-1.440287,0.663523,-1.262231,0.014172,0.05481,0.217624,0.980708,-1.521955,-0.710218
41,-0.61848,0.1553,-0.583658,0.599567,0.712399,0.529468,0.259405,-1.743074,0.16655,-0.868658,0.273768,-0.15874,-0.357232,-0.152397,-0.755641,0.871108,1.351952,-2.05113,-0.497966,0.327119,0.370994,0.105632,-0.052647,1.531444,1.68773,0.10526,-1.473725,1.176633,-0.597549,1.471699,-0.577122,0.609616,-0.341697,2.209943,-0.026503,1.498112,0.215176,0.881128,-1.29378,-1.237696,-0.19893,0.361431,-0.39323,0.670307,0.74432,-1.371892,1.927142,-0.349824,-1.156075,1.199975,0.609731,0.275189,-0.849433,-0.944603,0.016328,-0.322169,-0.561599,-1.472249,1.324763,1.36086,-1.557597,0.418091,-1.154052,0.297781,-0.620932,-1.604233,-0.433078,0.389675,0.133804,0.088403,0.132598,0.895088,0.03365,1.760828,-0.081013,-1.404621,-1.111047,-0.150869,-0.018721,-2.422058,0.743476,-0.172883,0.413314,-0.068443,-0.802902,1.487737,0.378197,-0.234868,1.746232,-0.580465,-0.890733,-0.716862,-2.075994,1.047997,-0.03029,0.106261,-0.853281,-0.282985,1.34245,-1.440287,0.663523,-1.262231,0.014172,0.05481,0.217624,0.980708,-1.521955,-0.710218
42,-0.61848,0.1553,-0.583658,0.599567,0.712399,0.529468,0.259405,-1.743074,0.16655,-0.868658,0.273768,-0.15874,-0.357232,-0.152397,-0.755641,0.871108,1.351952,-2.05113,-0.497966,0.327119,0.370994,0.105632,-0.052647,1.531444,1.68773,0.10526,-1.473725,1.176633,-0.597549,1.471699,-0.577122,0.609616,-0.341697,2.209943,-0.026503,1.498112,0.215176,0.881128,-1.29378,-1.237696,-0.19893,0.361431,-0.39323,0.670307,0.74432,-1.371892,1.927142,-0.349824,-1.156075,1.199975,0.609731,0.275189,-0.849433,-0.944603,0.016328,-0.322169,-0.561599,-1.472249,1.324763,1.36086,-1.557597,0.418091,-1.154052,0.297781,-0.620932,-1.604233,-0.433078,0.389675,0.133804,0.088403,0.132598,0.895088,0.03365,1.760828,-0.081013,-1.404621,-1.111047,-0.150869,-0.018721,-2.422058,0.743476,-0.172883,0.413314,-0.068443,-0.802902,1.487737,0.378197,-0.234868,1.746232,-0.580465,-0.890733,-0.716862,-2.075994,1.047997,-0.03029,0.106261,-0.853281,-0.282985,1.34245,-1.440287,0.663523,-1.262231,0.014172,0.05481,0.217624,0.980708,-1.521955,-0.710218
43,-0.61848,0.1553,-0.583658,0.599567,0.712399,0.529468,0.259405,-1.743074,0.16655,-0.868658,0.273768,-0.15874,-0.357232,-0.152397,-0.755641,0.871108,1.351952,-2.05113,-0.497966,0.327119,0.370994,0.105632,-0.052647,1.531444,1.68773,0.10526,-1.473725,1.176633,-0.597549,1.471699,-0.577122,0.609616,-0.341697,2.209943,-0.026503,1.498112,0.215176,0.881128,-1.29378,-1.237696,-0.19893,0.361431,-0.39323,0.670307,0.74432,-1.371892,1.927142,-0.349824,-1.156075,1.199975,0.609731,0.275189,-0.849433,-0.944603,0.016328,-0.322169,-0.561599,-1.472249,1.324763,1.36086,-1.557597,0.418091,-1.154052,0.297781,-0.620932,-1.604233,-0.433078,0.389675,0.133804,0.088403,0.132598,0.895088,0.03365,1.760828,-0.081013,-1.404621,-1.111047,-0.150869,-0.018721,-2.422058,0.743476,-0.172883,0.413314,-0.068443,-0.802902,1.487737,0.378197,-0.234868,1.746232,-0.580465,-0.890733,-0.716862,-2.075994,1.047997,-0.03029,0.106261,-0.853281,-0.282985,1.34245,-1.440287,0.663523,-1.262231,0.014172,0.05481,0.217624,0.980708,-1.521955,-0.710218
44,-0.61848,0.1553,-0.583658,0.599567,0.712399,0.529468,0.259405,-1.743074,0.16655,-0.868658,0.273768,-0.15874,-0.357232,-0.152397,-0.755641,0.871108,1.351952,-2.05113,-0.497966,0.327119,0.370994,0.105632,-0.052647,1.531444,1.68773,0.10526,-1.473725,1.176633,-0.597549,1.471699,-0.577122,0.609616,-0.341697,2.209943,-0.026503,1.498112,0.215176,0.881128,-1.29378,-1.237696,-0.19893,0.361431,-0.39323,0.670307,0.74432,-1.371892,1.927142,-0.349824,-1.156075,1.199975,0.609731,0.275189,-0.849433,-0.944603,0.016328,-0.322169,-0.561599,-1.472249,1.324763,1.36086,-1.557597,0.418091,-1.154052,0.297781,-0.620932,-1.604233,-0.433078,0.389675,0.133804,0.088403,0.132598,0.895088,0.03365,1.760828,-0.081013,-1.404621,-1.111047,-0.150869,-0.018721,-2.422058,0.743476,-0.172883,0.413314,-0.068443,-0.802902,1.487737,0.378197,-0.234868,1.746232,-0.580465,-0.890733,-0.716862,-2.075994,1.047997,-0.03029,0.106261,-0.853281,-0.282985,1.34245,-1.440287,0.663523,-1.262231,0.014172,0.05481,0.217624,0.980708,-1.521955,-0.710218
45,-0.240368,0.589456,-0.566083,-0.064985,0.256688,0.478176,0.469735,-1.439984,0.375389,-1.315356,0.005506,-0.075165,-0.990501,0.420287,-0.423943,1.787407,1.306617,-2.273708,-1.130443,-0.032663,0.651211,0.926032,-0.786362,0.015391,1.032125,0.244476,-1.639538,0.88894,-0.21056,0.838014,0.789105,-0.578,0.08618,2.213598,0.984995,0.991115,0.792256,1.120105,-0.93003,-0.702062,-0.754984,0.907049,-0.160181,0.781122,1.183395,-0.263619,1.370124,-0.531691,-1.385998,1.292731,0.167904,-0.1895,-0.156597,-1.550784,-0.007389,0.480001,-0.262095,-1.793716,1.924644,1.765153,-1.621264,1.147724,-0.953951,-0.327444,-0.084529,-1.249247,-0.120819,1.131592,0.041943,-0.255274,0.678494,0.582037,0.067041,0.954882,-0.1458,-1.229192,-0.471594,0.814819,-0.519067,-1.610525,-0.046014,-0.432398,0.747449,0.432014,-1.056275,1.125228,1.146276,-0.361791,1.711453,0.142205,-0.437505,-1.442813,-1.722638,1.164997,0.545497,0.919604,-0.880956,0.840018,0.539911,-1.027509,0.846722,-1.15809,0.252516,0.492829,0.183359,1.205301,-1.091857,-0.386823
46,-0.240368,0.589456,-0.566083,-0.064985,0.256688,0.478176,0.469735,-1.439984,0.375389,-1.315356,0.005506,-0.075165,-0.990501,0.420287,-0.423943,1.787407,1.306617,-2.273708,-1.130443,-0.032663,0.651211,0.926032,-0.786362,0.015391,1.032125,0.244476,-1.639538,0.88894,-0.21056,0.838014,0.789105,-0.578,0.08618,2.213598,0.984995,0.991115,0.792256,1.120105,-0.93003,-0.702062,-0.754984,0.907049,-0.160181,0.781122,1.183395,-0.263619,1.370124,-0.531691,-1.385998,1.292731,0.167904,-0.1895,-0.156597,-1.550784,-0.007389,0.480001,-0.262095,-1.793716,1.924644,1.765153,-1.621264,1.147724,-0.953951,-0.327444,-0.084529,-1.249247,-0.120819,1.131592,0.041943,-0.255274,0.678494,0.582037,0.067041,0.954882,-0.1458,-1.229192,-0.471594,0.814819,-0.519067,-1.610525,-0.046014,-0.432398,0.747449,0.432014,-1.056275,1.125228,1.146276,-0.361791,1.711453,0.142205,-0.437505,-1.442813,-1.722638,1.164997,0.545497,0.919604,-0.880956,0.840018,0.539911,-1.027509,0.846722,-1.15809,0.252516,0.492829,0.183359,1.205301,-1.091857,-0.386823
47,-0.240368,0.589456,-0.566083,-0.064985,0.256688,0.478176,0.469735,-1.439984,0.375389,-1.315356,0.005506,-0.075165,-0.990501,0.420287,-0.423943,1.787407,1.306617,-2.273708,-1.130443,-0.032663,0.651211,0.926032,-0.786362,0.015391,1.032125,0.244476,-1.639538,0.88894,-0.21056,0.838014,0.789105,-0.578,0.08618,2.213598,0.984995,0.991115,0.792256,1.120105,-0.93003,-0.702062,-0.754984,0.907049,-0.160181,0.781122,1.183395,-0.263619,1.370124,-0.531691,-1.385998,1.292731,0.167904,-0.1895,-0.156597,-1.550784,-0.007389,0.480001,-0.262095,-1.793716,1.924644,1.765153,-1.621264,1.147724,-0.953951,-0.327444,-0.084529,-1.249247,-0.120819,1.131592,0.041943,-0.255274,0.678494,0.582037,0.067041,0.954882,-0.1458,-1.229192,-0.471594,0.814819,-0.519067,-1.610525,-0.046014,-0.432398,0.747449,0.432014,-1.056275,1.125228,1.146276,-0.361791,1.711453,0.142205,-0.437505,-1.442813,-1.722638,1.164997,0.545497,0.919604,-0.880956,0.840018,0.539911,-1.027509,0.846722,-1.15809,0.252516,0.492829,0.183359,1.205301,-1.091857,-0.386823
48,-0.240368,0.589456,-0.566083,-0.064985,0.256688,0.478176,0.469735,-1.439984,0.375389,-1.315356,0.005506,-0.075165,-0.990501,0.420287,-0.423943,1.787407,1.306617,-2.273708,-1.130443,-0.032663,0.651211,0.926032,-0.786362,0.015391,1.032125,0.244476,-1.639538,0.88894,-0.21056,0.838014,0.789105,-0.578,0.08618,2.213598,0.984995,0.991115,0.792256,1.120105,-0.93003,-0.702062,-0.754984,0.907049,-0.160181,0.781122,1.183395,-0.263619,1.370124,-0.531691,-1.385998,1.292731,0.167904,-0.1895,-0.156597,-1.550784,-0.007389,0.480001,-0.262095,-1.793716,1.924644,1.765153,-1.621264,1.147724,-0.953951,-0.327444,-0.084529,-1.249247,-0.120819,1.131592,0.041943,-0.255274,0.678494,0.582037,0.067041,0.954882,-0.1458,-1.229192,-0.471594,0.814819,-0.519067,-1.610525,-0.046014,-0.432398,0.747449,0.432014,-1.056275,1.125228,1.146276,-0.361791,1.711453,0.142205,-0.437505,-1.442813,-1.722638,1.164997,0.545497,0.919604,-0.880956,0.840018,0.539911,-1.027509,0.846722,-1.15809,0.252516,0.492829,0.183359,1.205301,-1.091857,-0.386823
49,-0.240368,0.589456,-0.566083,-0.064985,0.256688,0.478176,0.469735,-1.439984,0.375389,-1.315356,0.005506,-0.075165,-0.990501,0.420287,-0.423943,1.787407,1.306617,-2.273708,-1.130443,-0.032663,0.651211,0.926032,-0.786362,0.015391,1.032125,0.244476,-1.639538,0.88894,-0.21056,0.838014,0.789105,-0.578,0.08618,2.213598,0.984995,0.991115,0.792256,1.120105,-0.93003,-0.702062,-0.754984,0.907049,-0.160181,0.781122,1.183395,-0.263619,1.370124,-0.531691,-1.385998,1.292731,0.167904,-0.1895,-0.156597,-1.550784,-0.007389,0.480001,-0.262095,-1.793716,1.924644,1.765153,-1.621264,1.147724,-0.953951,-0.327444,-0.084529,-1.249247,-0.120819,1.131592,0.041943,-0.255274,0.678494,0.582037,0.067041,0.954882,-0.1458,-1.229192,-0.471594,0.814819,-0.519067,-1.610525,-0.046014,-0.432398,0.747449,0.432014,-1.056275,1.125228,1.146276,-0.361791,1.711453,0.142205,-0.437505,-1.442813,-1.722638,1.164997,0.545497,0.919604,-0.880956,0.840018,0.539911,-1.027509,0.846722,-1.15809,0.252516,0.492829,0.183359,1.205301,-1.091857,-0.386823
50,-0.240368,0.589456,-0.566083,-0.064985,0.256688,0.478176,0.469735,-1.439984,0.375389,-1.315356,0.005506,-0.075165,-0.990501,0.420287,-0.423943,1.787407,1.306617,-2.273708,-1.130443,-0.032663,0.651211,0.926032,-0.786362,0.015391,1.032125,0.244476,-1.639538,0.88894,-0.21056,0.838014,0.789105,-0.578,0.08618,2.213598,0.984995,0.991115,0.792256,1.120105,-0.93003,-0.702062,-0.754984,0.907049,-0.160181,0.781122,1.183395,-0.263619,1.370124,-0.531691,-1.385998,1.292731,0.167904,-0.1895,-0.156597,-1.550784,-0.007389,0.480001,-0.262095,-1.793716,1.924644,1.765153,-1.621264,1.147724,-0.953951,-0.327444,-0.084529,-1.249247,-0.120819,1.131592,0.041943,-0.255274,0.678494,0.582037,0.067041,0.954882,-0.1458,-1.229192,-0.471594,0.814819,-0.519067,-1.610525,-0.046014,-0.432398,0.747449,0.432014,-1.056275,1.125228,1.146276,-0.361791,1.711453,0.142205,-0.437505,-1.442813,-1.722638,1.164997,0.545497,0.919604,-0.880956,0.840018,0.539911,-1.027509,0.846722,-1.15809,0.252516,0.492829,0.183359,1.205301,-1.091857,-0.386823
51,0.433957,0.27148,-0.312832,0.200773,0.666743,0.16381,0.108094,-1.353055,0.077998,-0.461969,-0.018108,-0.195464,-0.841931,0.710022,0.05962,1.511528,1.342902,-2.153809,-0.223571,0.250871,0.650364,0.859794,-0.295428,0.375805,1.289971,0.508344,-1.850479,0.669349,-0.43075,1.327323,0.789897,-0.266613,-0.553111,1.394828,0.561046,1.391285,0.781335,0.906931,-0.932442,-0.781958,0.089236,0.753457,0.179211,0.489813,0.553257,-1.126409,1.103014,-0.296054,-0.791323,0.811537,0.566144,0.292978,-0.03047,-1.727395,0.139838,-0.268083,0.323104,-1.719659,1.935928,1.499758,-1.905358,0.867713,-1.043258,-0.048559,-0.010992,-2.297868,-0.533009,0.385393,-0.15503,0.31421,-0.02994,0.686405,0.239743,0.975759,-0.172373,-0.902997,-0.887583,0.525794,-0.196716,-1.927333,0.448481,-0.029085,0.585227,-0.416891,-0.963706,0.746961,0.301809,-0.230832,1.447086,-0.723095,-0.325087,-1.393999,-1.911404,1.302101,0.156871,0.815646,-1.029643,0.665872,0.165715,-1.281241,0.896236,-1.379143,0.736976,0.318442,-0.230255,1.124912,-0.955519,-0.295037
52,0.433957,0.27148,-0.312832,0.200773,0.666743,0.16381,0.108094,-1.353055,0.077998,-0.461969,-0.018108,-0.195464,-0.841931,0.710022,0.05962,1.511528,1.342902,-2.153809,-0.223571,0.250871,0.650364,0.859794,-0.295428,0.375805,1.289971,0.508344,-1.850479,0.669349,-0.43075,1.327323,0.789897,-0.266613,-0.553111,1.394828,0.561046,1.391285,0.781335,0.906931,-0.932442,-0.781958,0.089236,0.753457,0.179211,0.489813,0.553257,-1.126409,1.103014,-0.296054,-0.791323,0.811537,0.566144,0.292978,-0.03047,-1.727395,0.139838,-0.268083,0.323104,-1.719659,1.935928,1.499758,-1.905358,0.867713,-1.043258,-0.048559,-0.010992,-2.297868,-0.533009,0.385393,-0.15503,0.31421,-0.02994,0.686405,0.239743,0.975759,-0.172373,-0.902997,-0.887583,0.525794,-0.196716,-1.927333,0.448481,-0.029085,0.585227,-0.416891,-0.963706,0.746961,0.301809,-0.230832,1.447086,-0.723095,-0.325087,-1.393999,-1.911404,1.302101,0.156871,0.815646,-1.029643,0.665872,0.165715,-1.281241,0.896236,-1.379143,0.736976,0.318442,-0.230255,1.124912,-0.955519,-0.295037
53,0.433957,0.27148,-0.312832,0.200773,0.666743,0.16381,0.108094,-1.353055,0.077998,-0.461969,-0.018108,-0.195464,-0.841931,0.710022,0.05962,1.511528,1.342902,-2.153809,-0.223571,0.250871,0.650364,0.859794,-0.295428,0.375805,1.289971,0.508344,-1.850479,0.669349,-0.43075,1.327323,0.789897,-0.266613,-0.553111,1.394828,0.561046,1.391285,0.781335,0.906931,-0.932442,-0.781958,0.089236,0.753457,0.179211,0.489813,0.553257,-1.126409,1.103014,-0.296054,-0.791323,0.811537,0.566144,0.292978,-0.03047,-1.727395,0.139838,-0.268083,0.323104,-1.719659,1.935928,1.499758,-1.905358,0.867713,-1.043258,-0.048559,-0.010992,-2.297868,-0.533009,0.385393,-0.15503,0.31421,-0.02994,0.686405,0.239743,0.975759,-0.172373,-0.902997,-0.887583,0.525794,-0.196716,-1.927333,0.448481,-0.029085,0.585227,-0.416891,-0.963706,0.746961,0.301809,-0.230832,1.447086,-0.723095,-0.325087,-1.393999,-1.911404,1.302101,0.156871,0.815646,-1.029643,0.665872,0.165715,-1.281241,0.896236,-1.379143,0.736976,0.318442,-0.230255,1.124912,-0.955519,-0.295037
54,-0.019675,0.389163,-0.570534,0.655453,0.615199,0.419517,0.12873,-1.223318,0.502965,-0.632286,-0.222672,0.074944,-0.918662,1.226387,0.158963,1.379554,1.729331,-1.900581,0.03672,-0.006114,0.587862,0.603979,0.077647,0.439721,1.374512,0.299267,-1.71199,0.471902,-0.524456,1.641788,0.382729,-0.590087,-0.370482,1.113095,0.503008,1.138305,0.690707,1.106077,-0.664414,-0.799284,0.130732,0.843226,-0.110521,0.238991,0.547719,-1.353778,1.313424,-0.020058,-1.028916,0.887772,0.283024,-0.055899,-0.090959,-1.740459,-0.350158,0.223741,0.329316,-1.74963,1.752659,1.650436,-1.869228,0.551283,-0.817861,0.090923,-0.073118,-2.703557,-0.893341,0.558246,0.378288,0.445236,-0.063752,0.609514,0.484366,1.10221,0.172741,-1.168354,-0.815198,0.450206,0.24607,-1.796996,0.634809,-0.292838,0.281231,-0.84193,-0.722284,0.597045,0.350562,-0.019299,1.568655,-0.869984,-0.469651,-1.615333,-2.042936,1.358397,0.05616,0.724747,-0.73772,0.317399,0.226633,-1.178042,0.556258,-0.910053,0.309814,0.358458,-0.275592,0.584897,-1.028874,-0.474736
55,-0.019675,0.389163,-0.570534,0.655453,0.615199,0.419517,0.12873,-1.223318,0.502965,-0.632286,-0.222672,0.074944,-0.918662,1.226387,0.158963,1.379554,1.729331,-1.900581,0.03672,-0.006114,0.587862,0.603979,0.077647,0.439721,1.374512,0.299267,-1.71199,0.471902,-0.524456,1.641788,0.382729,-0.590087,-0.370482,1.113095,0.503008,1.138305,0.690707,1.106077,-0.664414,-0.799284,0.130732,0.843226,-0.110521,0.238991,0.547719,-1.353778,1.313424,-0.020058,-1.028916,0.887772,0.283024,-0.055899,-0.090959,-1.740459,-0.350158,0.223741,0.329316,-1.74963,1.752659,1.650436,-1.869228,0.551283,-0.817861,0.090923,-0.073118,-2.703557,-0.893341,0.558246,0.378288,0.445236,-0.063752,0.609514,0.484366,1.10221,0.172741,-1.168354,-0.815198,0.450206,0.24607,-1.796996,0.634809,-0.292838,0.281231,-0.84193,-0.722284,0.597045,0.350562,-0.019299,1.568655,-0.869984,-0.469651,-1.615333,-2.042936,1.358397,0.05616,0.724747,-0.73772,0.317399,0.226633,-1.178042,0.556258,-0.910053,0.309814,0.358458,-0.275592,0.584897,-1.028874,-0.474736
56,-0.019675,0.389163,-0.570534,0.655453,0.615199,0.419517,0.12873,-1.223318,0.502965,-0.632286,-0.222672,0.074944,-0.918662,1.226387,0.158963,1.379554,1.729331,-1.900581,0.03672,-0.006114,0.587862,0.603979,0.077647,0.439721,1.374512,0.299267,-1.71199,0.471902,-0.524456,1.641788,0.382729,-0.590087,-0.370482,1.113095,0.503008,1.138305,0.690707,1.106077,-0.664414,-0.799284,0.130732,0.843226,-0.110521,0.238991,0.547719,-1.353778,1.313424,-0.020058,-1.028916,0.887772,0.283024,-0.055899,-0.090959,-1.740459,-0.350158,0.223741,0.329316,-1.74963,1.752659,1.650436,-1.869228,0.551283,-0.817861,0.090923,-0.073118,-2.703557,-0.893341,0.558246,0.378288,0.445236,-0.063752,0.609514,0.484366,1.10221,0.172741,-1.168354,-0.815198,0.450206,0.24607,-1.796996,0.634809,-0.292838,0.281231,-0.84193,-0.722284,0.597045,0.350562,-0.019299,1.568655,-0.869984,-0.469651,-1.615333,-2.042936,1.358397,0.05616,0.724747,-0.73772,0.317399,0.226633,-1.178042,0.556258,-0.910053,0.309814,0.358458,-0.275592,0.584897,-1.028874,-0.474736
57,0.133917,0.469833,-0.20669,0.347308,0.650523,0.354475,0.163609,-1.166163,0.773216,-0.669087,0.204089,0.069685,-0.726605,0.620715,-0.004902,1.480798,1.323792,-1.579794,0.027955,0.04214,0.499118,0.445897,-0.259152,0.610066,1.310622,0.06066,-1.06177,0.257199,-0.434202,1.928475,-0.261079,-0.370205,-0.359585,1.10306,0.491008,0.930722,0.977527,1.283005,-1.253911,-0.709201,0.00428,0.347653,-0.381911,0.078392,0.04668,-1.076175,1.414757,0.140541,-0.810353,1.045933,0.348425,0.223073,0.010774,-1.602466,0.001174,0.282689,0.289876,-1.182887,1.430108,1.529251,-1.595056,0.757862,-1.321036,0.385006,-0.084459,-2.386635,-1.163785,0.905128,0.524911,0.153186,-0.2111,0.456257,0.231276,1.392501,0.31555,-1.249457,-0.660827,0.578335,-0.002039,-1.762385,0.478271,-0.143155,0.177813,-0.461024,-0.420728,0.522616,0.402106,-0.149482,1.282827,-0.86873,-0.162011,-1.941468,-2.382976,1.51193,-0.343824,0.621304,-1.093409,-0.36987,-0.044378,-0.737457,0.780232,-0.790522,0.489081,0.154476,-0.045968,0.82548,-1.223403,-0.490838
58,0.133917,0.469833,-0.20669,0.347308,0.650523,0.354475,0.163609,-1.166163,0.773216,-0.669087,0.204089,0.069685,-0.726605,0.620715,-0.004902,1.480798,1.323792,-1.579794,0.027955,0.04214,0.499118,0.445897,-0.259152,0.610066,1.310622,0.06066,-1.06177,0.257199,-0.434202,1.928475,-0.261079,-0.370205,-0.359585,1.10306,0.491008,0.930722,0.977527,1.283005,-1.253911,-0.709201,0.00428,0.347653,-0.381911,0.078392,0.04668,-1.076175,1.414757,0.140541,-0.810353,1.045933,0.348425,0.223073,0.010774,-1.602466,0.001174,0.282689,0.289876,-1.182887,1.430108,1.529251,-1.595056,0.757862,-1.321036,0.385006,-0.084459,-2.386635,-1.163785,0.905128,0.524911,0.153186,-0.2111,0.456257,0.231276,1.392501,0.31555,-1.249457,-0.660827,0.578335,-0.002039,-1.762385,0.478271,-0.143155,0.177813,-0.461024,-0.420728,0.522616,0.402106,-0.149482,1.282827,-0.86873,-0.162011,-1.941468,-2.382976,1.51193,-0.343824,0.621304,-1.093409,-0.36987,-0.044378,-0.737457,0.780232,-0.790522,0.489081,0.154476,-0.045968,0.82548,-1.223403,-0.490838
59,0.133917,0.469833,-0.20669,0.347308,0.650523,0.354475,0.163609,-1.166163,0.773216,-0.669087,0.204089,0.069685,-0.726605,0.620715,-0.004902,1.480798,1.323792,-1.579794,0.027955,0.04214,0.499118,0.445897,-0.259152,0.610066,1.310622,0.06066,-1.06177,0.257199,-0.434202,1.928475,-0.261079,-0.370205,-0.359585,1.10306,0.491008,0.930722,0.977527,1.283005,-1.253911,-0.709201,0.00428,0.347653,-0.381911,0.078392,0.04668,-1.076175,1.414757,0.140541,-0.810353,1.045933,0.348425,0.223073,0.010774,-1.602466,0.001174,0.282689,0.289876,-1.182887,1.430108,1.529251,-1.595056,0.757862,-1.321036,0.385006,-0.084459,-2.386635,-1.163785,0.905128,0.524911,0.153186,-0.2111,0.456257,0.231276,1.392501,0.31555,-1.249457,-0.660827,0.578335,-0.002039,-1.762385,0.478271,-0.143155,0.177813,-0.461024,-0.420728,0.522616,0.402106,-0.149482,1.282827,-0.86873,-0.162011,-1.941468,-2.382976,1.51193,-0.343824,0.621304,-1.093409,-0.36987,-0.044378,-0.737457,0.780232,-0.790522,0.489081,0.154476,-0.045968,0.82548,-1.223403,-0.490838
60,-0.041443,0.563,-0.42025,0.581833,0.944546,-0.116677,0.382504,-1.563496,0.747923,-0.199984,0.159164,0.266611,-0.471601,0.481923,-0.919628,1.073015,1.605528,-2.343666,-0.798929,0.067069,0.439235,0.705369,0.357712,1.175094,1.775472,0.38079,-1.724815,1.29186,-0.170441,1.935815,-0.033276,-0.50007,0.041599,1.653999,0.328779,1.10459,0.109893,0.549344,-1.695747,-1.172766,-0.248612,0.533643,-0.213095,0.48199,1.572335,-1.338839,1.875133,-0.602677,-0.900383,1.126955,0.234416,-0.275355,-0.142437,-1.273829,-0.034905,0.111843,0.114652,-2.312118,1.77914,1.36355,-1.918243,0.416409,-0.714149,0.548034,0.637318,-1.994494,-0.479899,0.078505,-0.158948,0.532535,-0.386566,1.199219,0.05536,1.429261,0.147551,-1.369523,-0.329587,0.448696,-0.350838,-2.047891,0.43362,0.363383,0.255179,0.122636,-0.694904,0.790007,0.756276,-0.56142,1.699243,-0.535394,-0.288253,-1.08519,-2.243829,0.530819,0.459302,0.590188,-1.11082,0.50979,0.605595,-0.732062,1.13491,-1.236666,-0.163811,0.183929,-0.1265,0.969311,-1.57068,-0.552703
61,-0.041443,0.563,-0.42025,0.581833,0.944546,-0.116677,0.382504,-1.563496,0.747923,-0.199984,0.159164,0.266611,-0.471601,0.481923,-0.919628,1.073015,1.605528,-2.343666,-0.798929,0.067069,0.439235,0.705369,0.357712,1.175094,1.775472,0.38079,-1.724815,1.29186,-0.170441,1.935815,-0.033276,-0.50007,0.041599,1.653999,0.328779,1.10459,0.109893,0.549344,-1.695747,-1.172766,-0.248612,0.533643,-0.213095,0.48199,1.572335,-1.338839,1.875133,-0.602677,-0.900383,1.126955,0.234416,-0.275355,-0.142437,-1.273829,-0.034905,0.111843,0.114652,-2.312118,1.77914,1.36355,-1.918243,0.416409,-0.714149,0.548034,0.637318,-1.994494,-0.479899,0.078505,-0.158948,0.532535,-0.386566,1.199219,0.05536,1.429261,0.147551,-1.369523,-0.329587,0.448696,-0.350838,-2.047891,0.43362,0.363383,0.255179,0.122636,-0.694904,0.790007,0.756276,-0.56142,1.699243,-0.535394,-0.288253,-1.08519,-2.243829,0.530819,0.459302,0.590188,-1.11082,0.50979,0.605595,-0.732062,1.13491,-1.236666,-0.163811,0.183929,-0.1265,0.969311,-1.57068,-0.552703
62,-0.041443,0.563,-0.42025,0.581833,0.944546,-0.116677,0.382504,-1.563496,0.747923,-0.199984,0.159164,0.266611,-0.471601,0.481923,-0.919628,1.073015,1.605528,-2.343666,-0.798929,0.067069,0.439235,0.705369,0.357712,1.175094,1.775472,0.38079,-1.724815,1.29186,-0.170441,1.935815,-0.033276,-0.50007,0.041599,1.653999,0.328779,1.10459,0.109893,0.549344,-1.695747,-1.172766,-0.248612,0.533643,-0.213095,0.48199,1.572335,-1.338839,1.875133,-0.602677,-0.900383,1.126955,0.234416,-0.275355,-0.142437,-1.273829,-0.034905,0.111843,0.114652,-2.312118,1.77914,1.36355,-1.918243,0.416409,-0.714149,0.548034,0.637318,-1.994494,-0.479899,0.078505,-0.158948,0.532535,-0.386566,1.199219,0.05536,1.429261,0.147551,-1.369523,-0.329587,0.448696,-0.350838,-2.047891,0.43362,0.363383,0.255179,0.122636,-0.694904,0.790007,0.756276,-0.56142,1.699243,-0.535394,-0.288253,-1.08519,-2.243829,0.530819,0.459302,0.590188,-1.11082,0.50979,0.605595,-0.732062,1.13491,-1.236666,-0.163811,0.183929,-0.1265,0.969311,-1.57068,-0.552703
63,-0.041443,0.563,-0.42025,0.581833,0.944546,-0.116677,0.382504,-1.563496,0.747923,-0.199984,0.159164,0.266611,-0.471601,0.481923,-0.919628,1.073015,1.605528,-2.343666,-0.798929,0.067069,0.439235,0.705369,0.357712,1.175094,1.775472,0.38079,-1.724815,1.29186,-0.170441,1.935815,-0.033276,-0.50007,0.041599,1.653999,0.328779,1.10459,0.109893,0.549344,-1.695747,-1.172766,-0.248612,0.533643,-0.213095,0.48199,1.572335,-1.338839,1.875133,-0.602677,-0.900383,1.126955,0.234416,-0.275355,-0.142437,-1.273829,-0.034905,0.111843,0.114652,-2.312118,1.77914,1.36355,-1.918243,0.416409,-0.714149,0.548034,0.637318,-1.994494,-0.479899,0.078505,-0.158948,0.532535,-0.386566,1.199219,0.05536,1.429261,0.147551,-1.369523,-0.329587,0.448696,-0.350838,-2.047891,0.43362,0.363383,0.255179,0.122636,-0.694904,0.790007,0.756276,-0.56142,1.699243,-0.535394,-0.288253,-1.08519,-2.243829,0.530819,0.459302,0.590188,-1.11082,0.50979,0.605595,-0.732062,1.13491,-1.236666,-0.163811,0.183929,-0.1265,0.969311,-1.57068,-0.552703
64,0.205982,0.335701,-0.410251,0.098943,1.232251,0.051883,0.591593,-1.59729,0.250089,-0.82809,0.345529,0.275119,-0.338507,-0.138132,-0.653628,1.052614,1.289304,-2.130302,-0.554999,0.067477,0.985224,0.443063,0.182491,0.932412,1.533852,0.517898,-1.813032,1.483368,-0.412774,2.152671,-0.790132,-0.789099,0.045673,1.963533,-0.078366,1.322612,0.264252,1.090839,-1.10523,-1.249544,-0.168327,0.274663,-0.279176,-0.264472,0.927141,-1.008689,1.422094,0.019954,-1.297949,1.061526,0.116746,0.450757,0.044415,-0.941711,0.378308,0.185454,-0.24681,-1.626019,1.495088,1.571926,-1.606847,0.939222,-0.456666,0.206284,0.570553,-1.861147,-0.525197,0.072464,0.212635,-0.237832,-0.107467,0.919167,-0.136586,1.165799,0.675902,-1.09233,-0.82248,0.84831,-0.454561,-2.523051,0.444567,0.320298,0.327846,0.492779,-0.442283,1.023159,0.636039,-0.507891,1.327589,-0.514236,-0.707658,-1.272008,-1.756165,1.347312,0.170091,0.686406,-1.618766,0.976312,0.437045,-1.263476,0.896039,-0.701174,0.357278,0.420649,0.029719,0.846856,-1.320098,-0.513851
65,0.205982,0.335701,-0.410251,0.098943,1.232251,0.051883,0.591593,-1.59729,0.250089,-0.82809,0.345529,0.275119,-0.338507,-0.138132,-0.653628,1.052614,1.289304,-2.130302,-0.554999,0.067477,0.985224,0.443063,0.182491,0.932412,1.533852,0.517898,-1.813032,1.483368,-0.412774,2.152671,-0.790132,-0.789099,0.045673,1.963533,-0.078366,1.322612,0.264252,1.090839,-1.10523,-1.249544,-0.168327,0.274663,-0.279176,-0.264472,0.927141,-1.008689,1.422094,0.019954,-1.297949,1.061526,0.116746,0.450757,0.044415,-0.941711,0.378308,0.185454,-0.24681,-1.626019,1.495088,1.571926,-1.606847,0.939222,-0.456666,0.206284,0.570553,-1.861147,-0.525197,0.072464,0.212635,-0.237832,-0.107467,0.919167,-0.136586,1.165799,0.675902,-1.09233,-0.82248,0.84831,-0.454561,-2.523051,0.444567,0.320298,0.327846,0.492779,-0.442283,1.023159,0.636039,-0.507891,1.327589,-0.514236,-0.707658,-1.272008,-1.756165,1.347312,0.170091,0.686406,-1.618766,0.976312,0.437045,-1.263476,0.896039,-0.701174,0.357278,0.420649,0.029719,0.846856,-1.320098,-0.513851
66,0.205982,0.335701,-0.410251,0.098943,1.232251,0.051883,0.591593,-1.59729,0.250089,-0.82809,0.345529,0.275119,-0.338507,-0.138132,-0.653628,1.052614,1.289304,-2.130302,-0.554999,0.067477,0.985224,0.443063,0.182491,0.932412,1.533852,0.517898,-1.813032,1.483368,-0.412774,2.152671,-0.790132,-0.789099,0.045673,1.963533,-0.078366,1.322612,0.264252,1.090839,-1.10523,-1.249544,-0.168327,0.274663,-0.279176,-0.264472,0.927141,-1.008689,1.422094,0.019954,-1.297949,1.061526,0.116746,0.450757,0.044415,-0.941711,0.378308,0.185454,-0.24681,-1.626019,1.495088,1.571926,-1.606847,0.939222,-0.456666,0.206284,0.570553,-1.861147,-0.525197,0.072464,0.212635,-0.237832,-0.107467,0.919167,-0.136586,1.165799,0.675902,-1.09233,-0.82248,0.84831,-0.454561,-2.523051,0.444567,0.320298,0.327846,0.492779,-0.442283,1.023159,0.636039,-0.507891,1.327589,-0.514236,-0.707658,-1.272008,-1.756165,1.347312,0.170091,0.686406,-1.618766,0.976312,0.437045,-1.263476,0.896039,-0.701174,0.357278,0.420649,0.029719,0.846856,-1.320098,-0.513851
67,0.205982,0.335701,-0.410251,0.098943,1.232251,0.051883,0.591593,-1.59729,0.250089,-0.82809,0.345529,0.275119,-0.338507,-0.138132,-0.653628,1.052614,1.289304,-2.130302,-0.554999,0.067477,0.985224,0.443063,0.182491,0.932412,1.533852,0.517898,-1.813032,1.483368,-0.412774,2.152671,-0.790132,-0.789099,0.045673,1.963533,-0.078366,1.322612,0.264252,1.090839,-1.10523,-1.249544,-0.168327,0.274663,-0.279176,-0.264472,0.927141,-1.008689,1.422094,0.019954,-1.297949,1.061526,0.116746,0.450757,0.044415,-0.941711,0.378308,0.185454,-0.24681,-1.626019,1.495088,1.571926,-1.606847,0.939222,-0.456666,0.206284,0.570553,-1.861147,-0.525197,0.072464,0.212635,-0.237832,-0.107467,0.919167,-0.136586,1.165799,0.675902,-1.09233,-0.82248,0.84831,-0.454561,-2.523051,0.444567,0.320298,0.327846,0.492779,-0.442283,1.023159,0.636039,-0.507891,1.327589,-0.514236,-0.707658,-1.272008,-1.756165,1.347312,0.170091,0.686406,-1.618766,0.976312,0.437045,-1.263476,0.896039,-0.701174,0.357278,0.420649,0.029719,0.846856,-1.320098,-0.513851
68,0.205982,0.335701,-0.410251,0.098943,1.232251,0.051883,0.591593,-1.59729,0.250089,-0.82809,0.345529,0.275119,-0.338507,-0.138132,-0.653628,1.052614,1.289304,-2.130302,-0.554999,0.067477,0.985224,0.443063,0.182491,0.932412,1.533852,0.517898,-1.813032,1.483368,-0.412774,2.152671,-0.790132,-0.789099,0.045673,1.963533,-0.078366,1.322612,0.264252,1.090839,-1.10523,-1.249544,-0.168327,0.274663,-0.279176,-0.264472,0.927141,-1.008689,1.422094,0.019954,-1.297949,1.061526,0.116746,0.450757,0.044415,-0.941711,0.378308,0.185454,-0.24681,-1.626019,1.495088,1.571926,-1.606847,0.939222,-0.456666,0.206284,0.570553,-1.861147,-0.525197,0.072464,0.212635,-0.237832,-0.107467,0.919167,-0.136586,1.165799,0.675902,-1.09233,-0.82248,0.84831,-0.454561,-2.523051,0.444567,0.320298,0.327846,0.492779,-0.442283,1.023159,0.636039,-0.507891,1.327589,-0.514236,-0.707658,-1.272008,-1.756165,1.347312,0.170091,0.686406,-1.618766,0.976312,0.437045,-1.263476,0.896039,-0.701174,0.357278,0.420649,0.029719,0.846856,-1.320098,-0.513851
69,0.205982,0.335701,-0.410251,0.098943,1.232251,0.051883,0.591593,-1.59729,0.250089,-0.82809,0.345529,0.275119,-0.338507,-0.138132,-0.653628,1.052614,1.289304,-2.130302,-0.554999,0.067477,0.985224,0.443063,0.182491,0.932412,1.533852,0.517898,-1.813032,1.483368,-0.412774,2.152671,-0.790132,-0.789099,0.045673,1.963533,-0.078366,1.322612,0.264252,1.090839,-1.10523,-1.249544,-0.168327,0.274663,-0.279176,-0.264472,0.927141,-1.008689,1.422094,0.019954,-1.297949,1.061526,0.116746,0.450757,0.044415,-0.941711,0.378308,0.185454,-0.24681,-1.626019,1.495088,1.571926,-1.606847,0.939222,-0.456666,0.206284,0.570553,-1.861147,-0.525197,0.072464,0.212635,-0.237832,-0.107467,0.919167,-0.136586,1.165799,0.675902,-1.09233,-0.82248,0.84831,-0.454561,-2.523051,0.444567,0.320298,0.327846,0.492779,-0.442283,1.023159,0.636039,-0.507891,1.327589,-0.514236,-0.707658,-1.272008,-1.756165,1.347312,0.170091,0.686406,-1.618766,0.976312,0.437045,-1.263476,0.896039,-0.701174,0.357278,0.420649,0.029719,0.846856,-1.320098,-0.513851
70,0.205982,0.335701,-0.410251,0.098943,1.232251,0.051883,0.591593,-1.59729,0.250089,-0.82809,0.345529,0.275119,-0.338507,-0.138132,-0.653628,1.052614,1.289304,-2.130302,-0.554999,0.067477,0.985224,0.443063,0.182491,0.932412,1.533852,0.517898,-1.813032,1.483368,-0.412774,2.152671,-0.790132,-0.789099,0.045673,1.963533,-0.078366,1.322612,0.264252,1.090839,-1.10523,-1.249544,-0.168327,0.274663,-0.279176,-0.264472,0.927141,-1.008689,1.422094,0.019954,-1.297949,1.061526,0.116746,0.450757,0.044415,-0.941711,0.378308,0.185454,-0.24681,-1.626019,1.495088,1.571926,-1.606847,0.939222,-0.456666,0.206284,0.570553,-1.861147,-0.525197,0.072464,0.212635,-0.237832,-0.107467,0.919167,-0.136586,1.165799,0.675902,-1.09233,-0.82248,0.84831,-0.454561,-2.523051,0.444567,0.320298,0.327846,0.492779,-0.442283,1.023159,0.636039,-0.507891,1.327589,-0.514236,-0.707658,-1.272008,-1.756165,1.347312,0.170091,0.686406,-1.618766,0.976312,0.437045,-1.263476,0.896039,-0.701174,0.357278,0.420649,0.029719,0.846856,-1.320098,-0.513851
71,0.205982,0.335701,-0.410251,0.098943,1.232251,0.051883,0.591593,-1.59729,0.250089,-0.82809,0.345529,0.275119,-0.338507,-0.138132,-0.653628,1.052614,1.289304,-2.130302,-0.554999,0.067477,0.985224,0.443063,0.182491,0.932412,1.533852,0.517898,-1.813032,1.483368,-0.412774,2.152671,-0.790132,-0.789099,0.045673,1.963533,-0.078366,1.322612,0.264252,1.090839,-1.10523,-1.249544,-0.168327,0.274663,-0.279176,-0.264472,0.927141,-1.008689,1.422094,0.019954,-1.297949,1.061526,0.116746,0.450757,0.044415,-0.941711,0.378308,0.185454,-0.24681,-1.626019,1.495088,1.571926,-1.606847,0.939222,-0.456666,0.206284,0.570553,-1.861147,-0.525197,0.072464,0.212635,-0.237832,-0.107467,0.919167,-0.136586,1.165799,0.675902,-1.09233,-0.82248,0.84831,-0.454561,-2.523051,0.444567,0.320298,0.327846,0.492779,-0.442283,1.023159,0.636039,-0.507891,1.327589,-0.514236,-0.707658,-1.272008,-1.756165,1.347312,0.170091,0.686406,-1.618766,0.976312,0.437045,-1.263476,0.896039,-0.701174,0.357278,0.420649,0.029719,0.846856,-1.320098,-0.513851
72,-1.115902,0.189855,-0.88048,0.961402,0.324017,-0.440285,-0.049571,-1.853376,0.120866,-1.579518,-0.376763,0.453641,-0.631056,-0.161416,0.267934,0.689561,0.647389,-2.296206,-0.587916,0.492758,0.717928,0.160212,0.198382,0.557709,1.776662,-0.126634,-1.633686,1.79782,-0.374885,1.628651,-0.030549,-0.069261,0.047861,1.793217,-0.077476,1.30865,0.508447,0.328292,-0.478986,-0.305394,-0.421583,0.88206,-0.274995,0.338248,0.234351,-0.203096,1.289134,0.512153,-1.525101,0.937132,0.370736,-0.275997,-0.062669,-2.161527,0.645606,0.47895,-0.375984,-1.740433,1.872347,1.816778,-0.76042,1.175658,-0.540504,0.054712,0.587175,-2.230109,0.088937,0.548591,-0.443205,0.431678,0.04129,0.876496,0.471102,1.169909,0.138355,-1.419735,-0.962525,0.313949,-0.08111,-1.85674,-0.222102,-0.147741,-0.013896,-0.436328,-0.40348,0.585362,0.852946,0.494304,0.721012,-0.226495,-0.426331,-0.858727,-1.605244,1.455046,-0.493233,0.434128,-0.976717,0.590095,0.709964,-1.423695,1.12421,-0.4028,0.167317,0.48515,0.286006,0.807392,-1.181541,-0.697141
73,-0.814966,0.435241,-0.887959,0.951446,0.390742,-0.607502,0.361431,-1.654486,1.084746,-0.748443,0.276035,-0.020851,-0.873774,0.167639,-0.248726,1.157256,1.196398,-1.960367,-0.243257,0.266141,0.791909,0.332525,0.141565,1.154274,2.069434,0.387662,-1.350568,1.180711,-0.603694,1.52939,-0.046421,-0.377973,-0.122446,1.406409,0.110726,1.256874,0.335007,0.757748,-1.088119,-0.229976,-0.911561,0.631528,-0.201443,0.62837,0.738345,-0.466981,1.519757,0.384698,-1.357082,1.354093,0.04403,-0.35122,-0.364663,-1.587292,0.63194,0.215555,-0.742188,-1.980627,2.076529,1.245904,-1.465964,0.753572,-0.94649,0.082278,0.259334,-1.801001,-0.413447,0.049322,-0.101137,0.134445,-0.153802,0.579285,0.514076,1.336369,0.077772,-1.204114,-0.869861,0.592912,-0.078358,-2.002657,0.109171,-0.234023,0.576193,0.125653,-0.572849,0.565873,1.025653,-0.418369,1.256163,-0.456482,-0.583021,-1.287529,-1.75621,1.353323,0.04725,0.763644,-1.029643,0.592126,0.520358,-1.515323,0.996221,-0.662351,0.201324,0.086008,-0.06269,0.889345,-1.238654,-0.508829
74,-0.814966,0.435241,-0.887959,0.951446,0.390742,-0.607502,0.361431,-1.654486,1.084746,-0.748443,0.276035,-0.020851,-0.873774,0.167639,-0.248726,1.157256,1.196398,-1.960367,-0.243257,0.266141,0.791909,0.332525,0.141565,1.154274,2.069434,0.387662,-1.350568,1.180711,-0.603694,1.52939,-0.046421,-0.377973,-0.122446,1.406409,0.110726,1.256874,0.335007,0.757748,-1.088119,-0.229976,-0.911561,0.631528,-0.201443,0.62837,0.738345,-0.466981,1.519757,0.384698,-1.357082,1.354093,0.04403,-0.35122,-0.364663,-1.587292,0.63194,0.215555,-0.742188,-1.980627,2.076529,1.245904,-1.465964,0.753572,-0.94649,0.082278,0.259334,-1.801001,-0.413447,0.049322,-0.101137,0.134445,-0.153802,0.579285,0.514076,1.336369,0.077772,-1.204114,-0.869861,0.592912,-0.078358,-2.002657,0.109171,-0.234023,0.576193,0.125653,-0.572849,0.565873,1.025653,-0.418369,1.256163,-0.456482,-0.583021,-1.287529,-1.75621,1.353323,0.04725,0.763644,-1.029643,0.592126,0.520358,-1.515323,0.996221,-0.662351,0.201324,0.086008,-0.06269,0.889345,-1.238654,-0.508829
75,-0.814966,0.435241,-0.887959,0.951446,0.390742,-0.607502,0.361431,-1.654486,1.084746,-0.748443,0.276035,-0.020851,-0.873774,0.167639,-0.248726,1.157256,1.196398,-1.960367,-0.243257,0.266141,0.791909,0.332525,0.141565,1.154274,2.069434,0.387662,-1.350568,1.180711,-0.603694,1.52939,-0.046421,-0.377973,-0.122446,1.406409,0.110726,1.256874,0.335007,0.757748,-1.088119,-0.229976,-0.911561,0.631528,-0.201443,0.62837,0.738345,-0.466981,1.519757,0.384698,-1.357082,1.354093,0.04403,-0.35122,-0.364663,-1.587292,0.63194,0.215555,-0.742188,-1.980627,2.076529,1.245904,-1.465964,0.753572,-0.94649,0.082278,0.259334,-1.801001,-0.413447,0.049322,-0.101137,0.134445,-0.153802,0.579285,0.514076,1.336369,0.077772,-1.204114,-0.869861,0.592912,-0.078358,-2.002657,0.109171,-0.234023,0.576193,0.125653,-0.572849,0.565873,1.025653,-0.418369,1.256163,-0.456482,-0.583021,-1.287529,-1.75621,1.353323,0.04725,0.763644,-1.029643,0.592126,0.520358,-1.515323,0.996221,-0.662351,0.201324,0.086008,-0.06269,0.889345,-1.238654,-0.508829
76,-0.814966,0.435241,-0.887959,0.951446,0.390742,-0.607502,0.361431,-1.654486,1.084746,-0.748443,0.276035,-0.020851,-0.873774,0.167639,-0.248726,1.157256,1.196398,-1.960367,-0.243257,0.266141,0.791909,0.332525,0.141565,1.154274,2.069434,0.387662,-1.350568,1.180711,-0.603694,1.52939,-0.046421,-0.377973,-0.122446,1.406409,0.110726,1.256874,0.335007,0.757748,-1.088119,-0.229976,-0.911561,0.631528,-0.201443,0.62837,0.738345,-0.466981,1.519757,0.384698,-1.357082,1.354093,0.04403,-0.35122,-0.364663,-1.587292,0.63194,0.215555,-0.742188,-1.980627,2.076529,1.245904,-1.465964,0.753572,-0.94649,0.082278,0.259334,-1.801001,-0.413447,0.049322,-0.101137,0.134445,-0.153802,0.579285,0.514076,1.336369,0.077772,-1.204114,-0.869861,0.592912,-0.078358,-2.002657,0.109171,-0.234023,0.576193,0.125653,-0.572849,0.565873,1.025653,-0.418369,1.256163,-0.456482,-0.583021,-1.287529,-1.75621,1.353323,0.04725,0.763644,-1.029643,0.592126,0.520358,-1.515323,0.996221,-0.662351,0.201324,0.086008,-0.06269,0.889345,-1.238654,-0.508829
77,-0.814966,0.435241,-0.887959,0.951446,0.390742,-0.607502,0.361431,-1.654486,1.084746,-0.748443,0.276035,-0.020851,-0.873774,0.167639,-0.248726,1.157256,1.196398,-1.960367,-0.243257,0.266141,0.791909,0.332525,0.141565,1.154274,2.069434,0.387662,-1.350568,1.180711,-0.603694,1.52939,-0.046421,-0.377973,-0.122446,1.406409,0.110726,1.256874,0.335007,0.757748,-1.088119,-0.229976,-0.911561,0.631528,-0.201443,0.62837,0.738345,-0.466981,1.519757,0.384698,-1.357082,1.354093,0.04403,-0.35122,-0.364663,-1.587292,0.63194,0.215555,-0.742188,-1.980627,2.076529,1.245904,-1.465964,0.753572,-0.94649,0.082278,0.259334,-1.801001,-0.413447,0.049322,-0.101137,0.134445,-0.153802,0.579285,0.514076,1.336369,0.077772,-1.204114,-0.869861,0.592912,-0.078358,-2.002657,0.109171,-0.234023,0.576193,0.125653,-0.572849,0.565873,1.025653,-0.418369,1.256163,-0.456482,-0.583021,-1.287529,-1.75621,1.353323,0.04725,0.763644,-1.029643,0.592126,0.520358,-1.515323,0.996221,-0.662351,0.201324,0.086008,-0.06269,0.889345,-1.238654,-0.508829
78,-0.814966,0.435241,-0.887959,0.951446,0.390742,-0.607502,0.361431,-1.654486,1.084746,-0.748443,0.276035,-0.020851,-0.873774,0.167639,-0.248726,1.157256,1.196398,-1.960367,-0.243257,0.266141,0.791909,0.332525,0.141565,1.154274,2.069434,0.387662,-1.350568,1.180711,-0.603694,1.52939,-0.046421,-0.377973,-0.122446,1.406409,0.110726,1.256874,0.335007,0.757748,-1.088119,-0.229976,-0.911561,0.631528,-0.201443,0.62837,0.738345,-0.466981,1.519757,0.384698,-1.357082,1.354093,0.04403,-0.35122,-0.364663,-1.587292,0.63194,0.215555,-0.742188,-1.980627,2.076529,1.245904,-1.465964,0.753572,-0.94649,0.082278,0.259334,-1.801001,-0.413447,0.049322,-0.101137,0.134445,-0.153802,0.579285,0.514076,1.336369,0.077772,-1.204114,-0.869861,0.592912,-0.078358,-2.002657,0.109171,-0.234023,0.576193,0.125653,-0.572849,0.565873,1.025653,-0.418369,1.256163,-0.456482,-0.583021,-1.287529,-1.75621,1.353323,0.04725,0.763644,-1.029643,0.592126,0.520358,-1.515323,0.996221,-0.662351,0.201324,0.086008,-0.06269,0.889345,-1.238654,-0.508829
79,-0.814966,0.435241,-0.887959,0.951446,0.390742,-0.607502,0.361431,-1.654486,1.084746,-0.748443,0.276035,-0.020851,-0.873774,0.167639,-0.248726,1.157256,1.196398,-1.960367,-0.243257,0.266141,0.791909,0.332525,0.141565,1.154274,2.069434,0.387662,-1.350568,1.180711,-0.603694,1.52939,-0.046421,-0.377973,-0.122446,1.406409,0.110726,1.256874,0.335007,0.757748,-1.088119,-0.229976,-0.911561,0.631528,-0.201443,0.62837,0.738345,-0.466981,1.519757,0.384698,-1.357082,1.354093,0.04403,-0.35122,-0.364663,-1.587292,0.63194,0.215555,-0.742188,-1.980627,2.076529,1.245904,-1.465964,0.753572,-0.94649,0.082278,0.259334,-1.801001,-0.413447,0.049322,-0.101137,0.134445,-0.153802,0.579285,0.514076,1.336369,0.077772,-1.204114,-0.869861,0.592912,-0.078358,-2.002657,0.109171,-0.234023,0.576193,0.125653,-0.572849,0.565873,1.025653,-0.418369,1.256163,-0.456482,-0.583021,-1.287529,-1.75621,1.353323,0.04725,0.763644,-1.029643,0.592126,0.520358,-1.515323,0.996221,-0.662351,0.201324,0.086008,-0.06269,0.889345,-1.238654,-0.508829
80,-0.814966,0.435241,-0.887959,0.951446,0.390742,-0.607502,0.361431,-1.654486,1.084746,-0.748443,0.276035,-0.020851,-0.873774,0.167639,-0.248726,1.157256,1.196398,-1.960367,-0.243257,0.266141,0.791909,0.332525,0.141565,1.154274,2.069434,0.387662,-1.350568,1.180711,-0.603694,1.52939,-0.046421,-0.377973,-0.122446,1.406409,0.110726,1.256874,0.335007,0.757748,-1.088119,-0.229976,-0.911561,0.631528,-0.201443,0.62837,0.738345,-0.466981,1.519757,0.384698,-1.357082,1.354093,0.04403,-0.35122,-0.364663,-1.587292,0.63194,0.215555,-0.742188,-1.980627,2.076529,1.245904,-1.465964,0.753572,-0.94649,0.082278,0.259334,-1.801001,-0.413447,0.049322,-0.101137,0.134445,-0.153802,0.579285,0.514076,1.336369,0.077772,-1.204114,-0.869861,0.592912,-0.078358,-2.002657,0.109171,-0.234023,0.576193,0.125653,-0.572849,0.565873,1.025653,-0.418369,1.256163,-0.456482,-0.583021,-1.287529,-1.75621,1.353323,0.04725,0.763644,-1.029643,0.592126,0.520358,-1.515323,0.996221,-0.662351,0.201324,0.086008,-0.06269,0.889345,-1.238654,-0.508829
81,-0.814966,0.435241,-0.887959,0.951446,0.390742,-0.607502,0.361431,-1.654486,1.084746,-0.748443,0.276035,-0.020851,-0.873774,0.167639,-0.248726,1.157256,1.196398,-1.960367,-0.243257,0.266141,0.791909,0.332525,0.141565,1.154274,2.069434,0.387662,-1.350568,1.180711,-0.603694,1.52939,-0.046421,-0.377973,-0.122446,1.406409,0.110726,1.256874,0.335007,0.757748,-1.088119,-0.229976,-0.911561,0.631528,-0.201443,0.62837,0.738345,-0.466981,1.519757,0.384698,-1.357082,1.354093,0.04403,-0.35122,-0.364663,-1.587292,0.63194,0.215555,-0.742188,-1.980627,2.076529,1.245904,-1.465964,0.753572,-0.94649,0.082278,0.259334,-1.801001,-0.413447,0.049322,-0.101137,0.134445,-0.153802,0.579285,0.514076,1.336369,0.077772,-1.204114,-0.869861,0.592912,-0.078358,-2.002657,0.109171,-0.234023,0.576193,0.125653,-0.572849,0.565873,1.025653,-0.418369,1.256163,-0.456482,-0.583021,-1.287529,-1.75621,1.353323,0.04725,0.763644,-1.029643,0.592126,0.520358,-1.515323,0.996221,-0.662351,0.201324,0.086008,-0.06269,0.889345,-1.238654,-0.508829
82,-0.814966,0.435241,-0.887959,0.951446,0.390742,-0.607502,0.361431,-1.654486,1.084746,-0.748443,0.276035,-0.020851,-0.873774,0.167639,-0.248726,1.157256,1.196398,-1.960367,-0.243257,0.266141,0.791909,0.332525,0.141565,1.154274,2.069434,0.387662,-1.350568,1.180711,-0.603694,1.52939,-0.046421,-0.377973,-0.122446,1.406409,0.110726,1.256874,0.335007,0.757748,-1.088119,-0.229976,-0.911561,0.631528,-0.201443,0.62837,0.738345,-0.466981,1.519757,0.384698,-1.357082,1.354093,0.04403,-0.35122,-0.364663,-1.587292,0.63194,0.215555,-0.742188,-1.980627,2.076529,1.245904,-1.465964,0.753572,-0.94649,0.082278,0.259334,-1.801001,-0.413447,0.049322,-0.101137,0.134445,-0.153802,0.579285,0.514076,1.336369,0.077772,-1.204114,-0.869861,0.592912,-0.078358,-2.002657,0.109171,-0.234023,0.576193,0.125653,-0.572849,0.565873,1.025653,-0.418369,1.256163,-0.456482,-0.583021,-1.287529,-1.75621,1.353323,0.04725,0.763644,-1.029643,0.592126,0.520358,-1.515323,0.996221,-0.662351,0.201324,0.086008,-0.06269,0.889345,-1.238654,-0.508829
83,-0.814966,0.435241,-0.887959,0.951446,0.390742,-0.607502,0.361431,-1.654486,1.084746,-0.748443,0.276035,-0.020851,-0.873774,0.167639,-0.248726,1.157256,1.196398,-1.960367,-0.243257,0.266141,0.791909,0.332525,0.141565,1.154274,2.069434,0.387662,-1.350568,1.180711,-0.603694,1.52939,-0.046421,-0.377973,-0.122446,1.406409,0.110726,1.256874,0.335007,0.757748,-1.088119,-0.229976,-0.911561,0.631528,-0.201443,0.62837,0.738345,-0.466981,1.519757,0.384698,-1.357082,1.354093,0.04403,-0.35122,-0.364663,-1.587292,0.63194,0.215555,-0.742188,-1.980627,2.076529,1.245904,-1.465964,0.753572,-0.94649,0.082278,0.259334,-1.801001,-0.413447,0.049322,-0.101137,0.134445,-0.153802,0.579285,0.514076,1.336369,0.077772,-1.204114,-0.869861,0.592912,-0.078358,-2.002657,0.109171,-0.234023,0.576193,0.125653,-0.572849,0.565873,1.025653,-0.418369,1.256163,-0.456482,-0.583021,-1.287529,-1.75621,1.353323,0.04725,0.763644,-1.029643,0.592126,0.520358,-1.515323,0.996221,-0.662351,0.201324,0.086008,-0.06269,0.889345,-1.238654,-0.508829
84,-0.814966,0.435241,-0.887959,0.951446,0.390742,-0.607502,0.361431,-1.654486,1.084746,-0.748443,0.276035,-0.020851,-0.873774,0.167639,-0.248726,1.157256,1.196398,-1.960367,-0.243257,0.266141,0.791909,0.332525,0.141565,1.154274,2.069434,0.387662,-1.350568,1.180711,-0.603694,1.52939,-0.046421,-0.377973,-0.122446,1.406409,0.110726,1.256874,0.335007,0.757748,-1.088119,-0.229976,-0.911561,0.631528,-0.201443,0.62837,0.738345,-0.466981,1.519757,0.384698,-1.357082,1.354093,0.04403,-0.35122,-0.364663,-1.587292,0.63194,0.215555,-0.742188,-1.980627,2.076529,1.245904,-1.465964,0.753572,-0.94649,0.082278,0.259334,-1.801001,-0.413447,0.049322,-0.101137,0.134445,-0.153802,0.579285,0.514076,1.336369,0.077772,-1.204114,-0.869861,0.592912,-0.078358,-2.002657,0.109171,-0.234023,0.576193,0.125653,-0.572849,0.565873,1.025653,-0.418369,1.256163,-0.456482,-0.583021,-1.287529,-1.75621,1.353323,0.04725,0.763644,-1.029643,0.592126,0.520358,-1.515323,0.996221,-0.662351,0.201324,0.086008,-0.06269,0.889345,-1.238654,-0.508829
85,-0.814966,0.435241,-0.887959,0.951446,0.390742,-0.607502,0.361431,-1.654486,1.084746,-0.748443,0.276035,-0.020851,-0.873774,0.167639,-0.248726,1.157256,1.196398,-1.960367,-0.243257,0.266141,0.791909,0.332525,0.141565,1.154274,2.069434,0.387662,-1.350568,1.180711,-0.603694,1.52939,-0.046421,-0.377973,-0.122446,1.406409,0.110726,1.256874,0.335007,0.757748,-1.088119,-0.229976,-0.911561,0.631528,-0.201443,0.62837,0.738345,-0.466981,1.519757,0.384698,-1.357082,1.354093,0.04403,-0.35122,-0.364663,-1.587292,0.63194,0.215555,-0.742188,-1.980627,2.076529,1.245904,-1.465964,0.753572,-0.94649,0.082278,0.259334,-1.801001,-0.413447,0.049322,-0.101137,0.134445,-0.153802,0.579285,0.514076,1.336369,0.077772,-1.204114,-0.869861,0.592912,-0.078358,-2.002657,0.109171,-0.234023,0.576193,0.125653,-0.572849,0.565873,1.025653,-0.418369,1.256163,-0.456482,-0.583021,-1.287529,-1.75621,1.353323,0.04725,0.763644,-1.029643,0.592126,0.520358,-1.515323,0.996221,-0.662351,0.201324,0.086008,-0.06269,0.889345,-1.238654,-0.508829
86,-0.814966,0.435241,-0.887959,0.951446,0.390742,-0.607502,0.361431,-1.654486,1.084746,-0.748443,0.276035,-0.020851,-0.873774,0.167639,-0.248726,1.157256,1.196398,-1.960367,-0.243257,0.266141,0.791909,0.332525,0.141565,1.154274,2.069434,0.387662,-1.350568,1.180711,-0.603694,1.52939,-0.046421,-0.377973,-0.122446,1.406409,0.110726,1.256874,0.335007,0.757748,-1.088119,-0.229976,-0.911561,0.631528,-0.201443,0.62837,0.738345,-0.466981,1.519757,0.384698,-1.357082,1.354093,0.04403,-0.35122,-0.364663,-1.587292,0.63194,0.215555,-0.742188,-1.980627,2.076529,1.245904,-1.465964,0.753572,-0.94649,0.082278,0.259334,-1.801001,-0.413447,0.049322,-0.101137,0.134445,-0.153802,0.579285,0.514076,1.336369,0.077772,-1.204114,-0.869861,0.592912,-0.078358,-2.002657,0.109171,-0.234023,0.576193,0.125653,-0.572849,0.565873,1.025653,-0.418369,1.256163,-0.456482,-0.583021,-1.287529,-1.75621,1.353323,0.04725,0.763644,-1.029643,0.592126,0.520358,-1.515323,0.996221,-0.662351,0.201324,0.086008,-0.06269,0.889345,-1.238654,-0.508829
87,-0.814966,0.435241,-0.887959,0.951446,0.390742,-0.607502,0.361431,-1.654486,1.084746,-0.748443,0.276035,-0.020851,-0.873774,0.167639,-0.248726,1.157256,1.196398,-1.960367,-0.243257,0.266141,0.791909,0.332525,0.141565,1.154274,2.069434,0.387662,-1.350568,1.180711,-0.603694,1.52939,-0.046421,-0.377973,-0.122446,1.406409,0.110726,1.256874,0.335007,0.757748,-1.088119,-0.229976,-0.911561,0.631528,-0.201443,0.62837,0.738345,-0.466981,1.519757,0.384698,-1.357082,1.354093,0.04403,-0.35122,-0.364663,-1.587292,0.63194,0.215555,-0.742188,-1.980627,2.076529,1.245904,-1.465964,0.753572,-0.94649,0.082278,0.259334,-1.801001,-0.413447,0.049322,-0.101137,0.134445,-0.153802,0.579285,0.514076,1.336369,0.077772,-1.204114,-0.869861,0.592912,-0.078358,-2.002657,0.109171,-0.234023,0.576193,0.125653,-0.572849,0.565873,1.025653,-0.418369,1.256163,-0.456482,-0.583021,-1.287529,-1.75621,1.353323,0.04725,0.763644,-1.029643,0.592126,0.520358,-1.515323,0.996221,-0.662351,0.201324,0.086008,-0.06269,0.889345,-1.238654,-0.508829
