0,X24,X58,X96,X115,X169,X207,X211,X468,X525,X545,X580,X698,X767
1,X9,X63,X220,X257,X306,X391,X396,X400,X418,X570,X638,X656,X722
2,X117,X264,X278,X279,X376,X386,X400,X428,X607,X618,X622,X625,X654
3,X9,X63,X220,X257,X306,X391,X396,X400,X418,X570,X665,X696,X717
4,X49,X283,X322,X339,X378,X384,X422,X591,X609,X626,X673,X680,X742
5,X49,X86,X141,X145,X151,X167,X200,X291,X293,X343,X485,X723,X747
6,X23,X149,X166,X168,X184,X197,X212,X281,X305,X352,X578,X702,X767
7,X23,X149,X166,X168,X184,X197,X212,X281,X305,X352,X578,X702,X767
8,X20,X26,X104,X143,X277,X364,X367,X433,X471,X491,X578,X667,X702
9,X88,X122,X141,X145,X149,X151,X167,X200,X281,X305,X352,X578,X743
10,X117,X212,X264,X278,X279,X401,X421,X433,X471,X491,X578,X746,X751
11,X88,X122,X212,X264,X278,X279,X364,X428,X607,X618,X622,X625,X654
12,X26,X76,X212,X264,X278,X279,X364,X428,X607,X618,X622,X625,X654
13,X88,X122,X171,X174,X183,X222,X407,X591,X609,X626,X673,X680,X742
14,X88,X122,X171,X174,X183,X222,X407,X591,X609,X626,X673,X680,X742
15,X88,X122,X171,X174,X183,X222,X277,X279,X297,X416,X436,X746,X751
16,X88,X122,X171,X183,X222,X244,X303,X312,X421,X457,X578,X618,X716
17,X88,X122,X171,X176,X183,X222,X244,X303,X312,X421,X457,X578,X716
18,X88,X122,X171,X174,X183,X222,X303,X312,X421,X457,X578,X618,X742
19,X79,X88,X122,X176,X183,X222,X244,X303,X312,X421,X457,X578,X716
20,X79,X88,X122,X176,X183,X222,X244,X312,X421,X457,X474,X578,X716
21,X79,X88,X122,X176,X183,X222,X303,X312,X421,X457,X468,X578,X716
22,X88,X122,X171,X183,X194,X222,X303,X312,X421,X457,X673,X680,X742
23,X79,X88,X122,X176,X183,X222,X244,X312,X421,X457,X474,X725,X742
24,X79,X88,X122,X176,X183,X222,X244,X312,X421,X457,X474,X725,X742
25,X79,X88,X122,X176,X183,X222,X244,X312,X421,X457,X474,X725,X742
26,X110,X117,X171,X183,X194,X222,X303,X312,X457,X479,X578,X658,X742
27,X110,X117,X171,X183,X194,X222,X303,X312,X457,X479,X578,X658,X742
28,X110,X117,X171,X183,X194,X222,X303,X312,X457,X479,X578,X658,X742
29,X110,X117,X171,X183,X194,X222,X303,X312,X457,X479,X578,X658,X742
30,X88,X122,X171,X183,X194,X222,X303,X312,X457,X479,X578,X658,X742
31,X88,X122,X171,X183,X194,X222,X303,X312,X457,X479,X578,X658,X742
32,X39,X53,X57,X88,X122,X183,X222,X303,X312,X457,X578,X618,X654
33,X21,X110,X117,X171,X183,X194,X222,X312,X457,X578,X618,X656,X716
34,X21,X110,X117,X171,X183,X194,X222,X312,X457,X479,X578,X658,X742
35,X58,X110,X117,X171,X183,X194,X303,X312,X457,X479,X578,X721,X743
36,X58,X110,X117,X171,X183,X194,X312,X457,X479,X578,X658,X662,X742
37,X58,X110,X117,X171,X183,X194,X312,X389,X457,X479,X578,X719,X742
38,X58,X110,X117,X171,X183,X194,X312,X389,X457,X479,X578,X719,X742
39,X58,X117,X171,X183,X194,X312,X389,X457,X479,X496,X578,X658,X742
40,X58,X117,X171,X183,X194,X312,X389,X457,X479,X496,X578,X658,X742
41,X110,X117,X171,X183,X194,X222,X312,X457,X479,X578,X705,X719,X742
42,X50,X110,X117,X171,X183,X194,X303,X312,X457,X479,X578,X658,X742
43,X50,X110,X117,X171,X183,X194,X303,X312,X457,X479,X658,X662,X742
44,X79,X88,X122,X176,X183,X194,X303,X312,X457,X604,X658,X662,X742
45,X39,X110,X117,X171,X183,X194,X303,X312,X457,X479,X658,X662,X742
46,X79,X88,X117,X171,X183,X194,X303,X312,X457,X479,X658,X662,X742
47,X79,X88,X122,X176,X183,X194,X303,X421,X457,X658,X662,X710,X742
48,X79,X88,X122,X176,X183,X194,X303,X421,X457,X658,X662,X710,X742
49,X79,X88,X122,X176,X183,X194,X303,X421,X457,X658,X662,X710,X742
50,X110,X117,X171,X183,X194,X303,X312,X457,X479,X578,X618,X656,X742
51,X79,X88,X122,X144,X176,X183,X194,X303,X312,X457,X658,X662,X742
52,X79,X88,X122,X144,X183,X194,X303,X312,X457,X576,X658,X662,X742
53,X79,X88,X122,X144,X183,X194,X303,X312,X457,X576,X658,X662,X742
54,X21,X122,X171,X183,X194,X303,X312,X320,X457,X576,X658,X662,X742
55,X79,X88,X122,X144,X176,X183,X194,X312,X457,X518,X618,X656,X742
56,X79,X88,X122,X144,X176,X183,X194,X312,X457,X518,X618,X656,X742
57,X79,X88,X122,X144,X176,X183,X194,X312,X457,X518,X618,X656,X742
58,X79,X88,X122,X144,X176,X183,X194,X312,X457,X518,X618,X656,X742
59,X79,X88,X122,X144,X176,X183,X194,X312,X457,X518,X618,X656,X742
60,X79,X88,X122,X144,X176,X183,X194,X312,X457,X518,X618,X656,X742
61,X79,X88,X122,X144,X176,X183,X194,X312,X457,X518,X618,X656,X742
62,X79,X88,X122,X144,X176,X183,X194,X312,X457,X518,X618,X656,X742
63,X79,X88,X122,X144,X176,X183,X194,X312,X457,X518,X618,X656,X742
64,X79,X88,X122,X144,X176,X183,X194,X312,X457,X518,X618,X656,X742
65,X21,X122,X171,X176,X183,X194,X303,X311,X312,X457,X658,X662,X742
66,X79,X88,X122,X144,X176,X183,X194,X312,X457,X518,X658,X662,X742
67,X110,X117,X171,X183,X194,X303,X312,X457,X479,X527,X658,X662,X742
68,X29,X56,X88,X122,X171,X183,X194,X303,X312,X457,X479,X662,X742
69,X29,X56,X88,X122,X171,X183,X194,X303,X312,X457,X479,X662,X742
70,X29,X56,X88,X122,X171,X183,X194,X303,X312,X457,X479,X662,X742
71,X88,X122,X171,X183,X194,X303,X312,X457,X518,X561,X662,X705,X742
72,X74,X79,X88,X122,X144,X183,X194,X312,X457,X501,X658,X662,X742
73,X74,X79,X88,X122,X144,X183,X194,X312,X457,X501,X658,X662,X742
74,X53,X74,X79,X88,X122,X144,X167,X183,X194,X457,X658,X662,X742
75,X69,X110,X117,X171,X183,X194,X303,X312,X457,X479,X658,X662,X742
76,X53,X74,X79,X88,X122,X144,X183,X194,X417,X457,X658,X662,X742
77,X53,X74,X79,X88,X122,X144,X183,X194,X417,X457,X658,X662,X742
78,X53,X74,X79,X88,X122,X144,X183,X194,X417,X457,X658,X662,X742
79,X53,X74,X79,X88,X122,X144,X183,X194,X417,X457,X658,X662,X742
80,X53,X74,X79,X88,X122,X144,X183,X194,X417,X457,X658,X662,X742
81,X53,X74,X79,X88,X122,X144,X183,X194,X417,X457,X658,X662,X742
82,X53,X74,X79,X88,X122,X144,X183,X194,X417,X457,X618,X656,X742
83,X7,X74,X79,X88,X122,X144,X183,X194,X417,X457,X618,X656,X742
84,X7,X74,X79,X88,X122,X144,X183,X194,X417,X457,X618,X656,X742
85,X53,X74,X79,X88,X122,X144,X183,X194,X417,X457,X658,X662,X742
86,X53,X74,X79,X88,X122,X144,X183,X194,X417,X457,X658,X662,X742
87,X53,X74,X79,X88,X167,X183,X194,X417,X438,X457,X658,X662,X742
88,X53,X74,X79,X88,X167,X183,X194,X417,X438,X457,X658,X662,X742
89,X17,X74,X79,X88,X122,X183,X194,X303,X457,X580,X658,X662,X742
90,X53,X74,X79,X88,X122,X144,X183,X194,X312,X457,X658,X662,X742
91,X53,X74,X79,X88,X144,X183,X194,X417,X457,X479,X658,X662,X742
92,X53,X110,X171,X183,X194,X290,X303,X312,X438,X457,X658,X662,X742
93,X53,X110,X171,X183,X194,X290,X303,X312,X438,X457,X658,X662,X742
94,X53,X110,X171,X183,X194,X290,X303,X312,X438,X457,X658,X662,X742
95,X53,X74,X79,X88,X167,X183,X194,X417,X457,X479,X650,X662,X742
96,X53,X74,X79,X88,X167,X183,X194,X417,X457,X479,X650,X662,X742
97,X53,X74,X79,X88,X167,X183,X194,X417,X457,X479,X650,X662,X742
98,X53,X74,X79,X88,X171,X183,X194,X303,X312,X380,X457,X662,X742
99,X53,X74,X79,X88,X122,X144,X167,X183,X194,X457,X650,X662,X742
100,X53,X74,X79,X88,X122,X144,X167,X183,X194,X457,X650,X662,X742
101,X53,X74,X79,X88,X122,X144,X167,X183,X194,X457,X650,X662,X742
102,X53,X74,X79,X88,X122,X144,X167,X183,X194,X457,X650,X662,X742
103,X53,X74,X79,X88,X122,X144,X167,X183,X194,X457,X650,X662,X742
104,X53,X74,X79,X88,X122,X144,X167,X183,X194,X457,X650,X662,X742
105,X53,X74,X79,X88,X122,X144,X183,X184,X194,X457,X650,X662,X742
106,X53,X74,X79,X88,X122,X144,X183,X184,X194,X457,X650,X662,X742
107,X53,X74,X79,X88,X122,X144,X183,X184,X194,X380,X457,X662,X742
108,X53,X74,X79,X88,X167,X183,X194,X312,X457,X658,X662,X742,X756
109,X53,X74,X79,X88,X167,X183,X194,X312,X457,X658,X662,X742,X756
110,X53,X74,X79,X88,X167,X183,X194,X312,X457,X658,X662,X742,X756
111,X53,X74,X79,X88,X167,X183,X194,X312,X457,X658,X662,X742,X756
112,X53,X74,X79,X88,X167,X183,X194,X312,X457,X658,X662,X742,X756
113,X53,X74,X79,X88,X167,X183,X194,X312,X457,X658,X662,X742,X756
114,X53,X74,X79,X88,X167,X183,X194,X312,X457,X658,X662,X742,X756
115,X53,X74,X79,X88,X167,X183,X194,X312,X457,X658,X662,X742,X756
116,X53,X74,X79,X88,X167,X183,X194,X312,X457,X658,X662,X742,X756
117,X37,X53,X74,X79,X88,X183,X194,X303,X312,X380,X457,X662,X742
118,X37,X53,X74,X79,X88,X183,X194,X303,X312,X380,X457,X662,X742
119,X37,X53,X74,X79,X88,X116,X183,X194,X226,X457,X479,X658,X742
120,X37,X53,X74,X79,X88,X116,X183,X194,X226,X457,X479,X658,X742
121,X53,X74,X79,X88,X122,X183,X194,X303,X312,X380,X457,X662,X742
122,X53,X74,X79,X88,X122,X144,X183,X184,X194,X380,X457,X662,X742
123,X53,X74,X79,X88,X122,X144,X183,X184,X312,X380,X457,X662,X742
124,X37,X53,X74,X79,X88,X121,X183,X194,X312,X380,X457,X662,X742
125,X37,X53,X74,X79,X88,X116,X183,X194,X457,X479,X662,X737,X742
126,X53,X74,X79,X88,X122,X183,X194,X303,X312,X380,X457,X662,X742
127,X37,X53,X74,X79,X88,X116,X183,X194,X457,X479,X662,X737,X742
128,X37,X53,X74,X79,X88,X116,X183,X194,X457,X479,X662,X737,X742
129,X37,X53,X74,X79,X88,X116,X183,X194,X457,X479,X533,X679,X742
130,X37,X53,X74,X79,X88,X116,X183,X194,X457,X479,X533,X679,X742
131,X30,X74,X79,X88,X122,X144,X167,X183,X272,X317,X457,X658,X742
132,X37,X53,X74,X79,X88,X116,X183,X194,X312,X380,X457,X662,X742
133,X37,X53,X74,X79,X88,X183,X187,X194,X457,X479,X533,X716,X742
134,X53,X74,X79,X88,X116,X183,X194,X312,X372,X380,X457,X662,X742
135,X53,X74,X79,X88,X116,X183,X194,X312,X372,X380,X457,X662,X742
136,X52,X53,X74,X79,X88,X116,X183,X194,X312,X380,X457,X662,X742
137,X52,X53,X74,X79,X88,X116,X183,X194,X312,X380,X457,X662,X742
138,X52,X53,X74,X79,X88,X116,X183,X194,X312,X380,X457,X662,X742
139,X52,X53,X74,X79,X88,X116,X183,X194,X312,X380,X457,X662,X742
140,X52,X53,X74,X79,X88,X116,X183,X194,X312,X380,X457,X662,X742
141,X52,X53,X74,X79,X88,X116,X183,X194,X312,X380,X457,X662,X742
142,X37,X53,X74,X79,X88,X104,X183,X194,X380,X457,X565,X662,X742
143,X53,X74,X79,X88,X171,X183,X194,X303,X312,X380,X457,X662,X742
144,X53,X74,X79,X88,X171,X183,X194,X303,X312,X380,X457,X662,X742
145,X53,X74,X79,X88,X171,X183,X194,X303,X312,X380,X457,X662,X742
146,X53,X74,X79,X88,X171,X183,X194,X303,X312,X380,X457,X662,X742
147,X53,X74,X79,X88,X171,X183,X194,X303,X312,X380,X457,X662,X742
148,X53,X74,X79,X88,X171,X183,X194,X303,X312,X380,X457,X662,X742
149,X53,X74,X79,X88,X171,X183,X194,X303,X312,X380,X457,X662,X742
150,X52,X53,X69,X74,X79,X88,X183,X194,X312,X380,X457,X662,X742
151,X52,X53,X69,X74,X79,X88,X183,X194,X312,X380,X457,X662,X742
152,X52,X53,X69,X74,X79,X88,X183,X194,X312,X380,X457,X662,X742
153,X52,X53,X69,X74,X79,X88,X183,X194,X312,X380,X457,X662,X742
154,X52,X53,X69,X74,X79,X88,X183,X194,X312,X380,X457,X662,X742
155,X24,X53,X79,X88,X171,X183,X194,X312,X380,X457,X662,X716,X742
156,X53,X74,X79,X88,X122,X144,X183,X312,X380,X457,X662,X670,X742
157,X53,X74,X79,X88,X104,X116,X183,X290,X312,X380,X457,X625,X742
158,X53,X74,X79,X88,X179,X183,X194,X312,X380,X457,X662,X716,X742
159,X53,X74,X79,X88,X122,X144,X183,X312,X380,X457,X662,X690,X742
160,X53,X74,X79,X88,X122,X144,X183,X312,X380,X457,X662,X690,X742
161,X52,X53,X69,X74,X79,X88,X183,X194,X312,X380,X457,X662,X742
162,X53,X74,X79,X88,X122,X144,X183,X312,X380,X457,X605,X662,X742
163,X52,X53,X69,X74,X79,X88,X183,X194,X312,X380,X457,X662,X742
164,X52,X53,X69,X74,X79,X88,X183,X194,X312,X380,X457,X662,X742
165,X52,X53,X69,X74,X79,X88,X183,X194,X312,X380,X457,X662,X742
166,X53,X74,X79,X88,X122,X144,X183,X194,X312,X380,X457,X662,X742
167,X52,X53,X69,X74,X79,X88,X183,X194,X312,X380,X457,X662,X742
168,X52,X53,X69,X74,X79,X88,X183,X194,X312,X380,X457,X662,X742
169,X52,X53,X69,X74,X79,X88,X183,X194,X312,X380,X457,X662,X742
170,X52,X53,X69,X74,X79,X88,X183,X194,X312,X380,X457,X662,X742
171,X52,X53,X69,X74,X79,X88,X183,X194,X312,X380,X457,X662,X742
172,X52,X53,X69,X74,X79,X88,X183,X194,X312,X380,X457,X662,X742
173,X53,X69,X74,X79,X88,X171,X183,X194,X312,X380,X457,X662,X742
174,X52,X53,X69,X74,X79,X88,X183,X194,X312,X380,X457,X662,X742
175,X52,X53,X69,X74,X79,X88,X183,X194,X312,X380,X457,X662,X742
176,X52,X53,X69,X74,X79,X88,X183,X194,X312,X380,X457,X662,X742
177,X37,X53,X69,X74,X79,X88,X122,X183,X312,X380,X457,X662,X742
178,X37,X53,X69,X74,X79,X88,X183,X312,X380,X457,X662,X723,X742
179,X37,X53,X69,X74,X79,X88,X183,X312,X380,X457,X662,X723,X742
180,X53,X74,X79,X88,X116,X147,X179,X183,X194,X312,X380,X457,X742
181,X53,X74,X79,X88,X183,X223,X232,X312,X380,X457,X469,X662,X742
182,X52,X53,X69,X74,X79,X88,X183,X194,X312,X380,X457,X662,X742
183,X52,X53,X69,X74,X79,X88,X183,X194,X312,X380,X457,X662,X742
184,X53,X69,X74,X79,X88,X183,X194,X312,X380,X457,X477,X662,X742
185,X53,X69,X74,X79,X88,X183,X194,X312,X380,X457,X469,X662,X742
186,X37,X53,X79,X88,X122,X183,X194,X312,X380,X453,X457,X662,X742
187,X53,X69,X74,X79,X88,X183,X194,X312,X380,X457,X603,X662,X742
188,X53,X69,X74,X79,X88,X183,X194,X312,X380,X457,X603,X662,X742
189,X53,X69,X74,X79,X88,X183,X194,X312,X380,X457,X511,X662,X742
190,X53,X69,X74,X79,X88,X183,X194,X312,X380,X457,X469,X662,X742
191,X53,X69,X74,X79,X88,X171,X183,X194,X312,X380,X457,X662,X742
192,X53,X69,X74,X79,X88,X171,X183,X194,X312,X380,X457,X662,X742
193,X21,X53,X69,X74,X79,X88,X183,X194,X312,X380,X457,X662,X742
194,X21,X53,X69,X74,X79,X88,X183,X194,X312,X380,X457,X662,X742
195,X21,X53,X69,X74,X79,X88,X183,X194,X312,X380,X457,X662,X742
196,X21,X53,X69,X74,X79,X88,X183,X194,X312,X380,X457,X662,X742
197,X21,X53,X69,X74,X79,X88,X183,X194,X312,X380,X457,X662,X742
198,X21,X53,X69,X74,X79,X88,X183,X194,X312,X380,X457,X662,X742
199,X53,X69,X74,X79,X88,X183,X194,X219,X312,X380,X457,X662,X742
200,X52,X53,X69,X74,X79,X88,X183,X194,X312,X380,X457,X662,X742
201,X52,X53,X69,X74,X79,X88,X183,X194,X312,X380,X457,X662,X742
202,X52,X53,X69,X74,X79,X88,X183,X194,X312,X380,X457,X662,X742
203,X53,X69,X74,X79,X83,X88,X183,X194,X312,X380,X457,X662,X742
204,X53,X69,X74,X79,X83,X88,X183,X194,X312,X380,X457,X662,X742
205,X53,X69,X74,X79,X83,X88,X183,X194,X312,X380,X457,X662,X742
206,X53,X69,X74,X79,X83,X88,X183,X194,X312,X380,X457,X662,X742
207,X53,X69,X74,X79,X83,X88,X183,X194,X312,X380,X457,X662,X742
208,X53,X69,X74,X79,X83,X183,X194,X312,X325,X380,X457,X662,X742
209,X53,X69,X74,X79,X83,X183,X194,X312,X325,X380,X457,X662,X742
210,X53,X69,X74,X79,X83,X183,X194,X312,X325,X380,X457,X662,X742
211,X53,X69,X74,X79,X83,X183,X194,X312,X325,X380,X457,X662,X742
212,X53,X69,X74,X79,X83,X183,X194,X312,X325,X380,X457,X662,X742
213,X53,X69,X74,X79,X83,X183,X194,X312,X325,X380,X457,X662,X742
214,X52,X53,X69,X74,X79,X88,X183,X194,X312,X380,X457,X662,X742
215,X18,X53,X69,X74,X79,X88,X183,X194,X312,X380,X457,X662,X742
216,X52,X53,X69,X74,X79,X88,X183,X194,X312,X380,X457,X662,X742
217,X52,X53,X69,X74,X79,X88,X183,X194,X312,X380,X457,X662,X742
218,X52,X53,X69,X74,X79,X88,X183,X194,X312,X380,X457,X662,X742
219,X52,X53,X69,X74,X79,X88,X183,X194,X312,X380,X457,X662,X742
220,X52,X53,X69,X74,X79,X88,X183,X194,X312,X380,X457,X662,X742
221,X52,X53,X69,X74,X79,X88,X183,X194,X312,X380,X457,X662,X742
222,X52,X53,X69,X74,X79,X88,X183,X194,X312,X380,X457,X662,X742
223,X37,X53,X69,X74,X79,X88,X183,X194,X211,X312,X380,X457,X742
224,X52,X53,X69,X74,X79,X88,X183,X194,X312,X380,X457,X662,X742
225,X52,X53,X69,X74,X79,X88,X183,X194,X312,X380,X457,X662,X742
226,X52,X53,X69,X74,X79,X88,X183,X194,X312,X380,X457,X662,X742
227,X52,X53,X69,X74,X79,X88,X183,X194,X312,X380,X457,X662,X742
228,X52,X53,X69,X74,X79,X88,X183,X194,X312,X380,X457,X662,X742
229,X52,X53,X69,X74,X79,X88,X183,X194,X312,X380,X457,X662,X742
230,X52,X53,X69,X74,X79,X88,X183,X194,X312,X380,X457,X662,X742
231,X53,X69,X74,X79,X88,X183,X194,X312,X327,X380,X457,X662,X742
232,X52,X53,X69,X74,X79,X183,X194,X312,X380,X457,X525,X662,X742
233,X53,X69,X74,X79,X88,X183,X194,X312,X380,X457,X658,X662,X742
234,X53,X69,X74,X79,X88,X183,X194,X312,X380,X457,X658,X662,X742
235,X52,X53,X69,X74,X79,X183,X194,X312,X380,X457,X662,X723,X742
236,X52,X53,X69,X74,X79,X183,X194,X312,X325,X380,X457,X662,X742
237,X52,X53,X69,X74,X79,X183,X194,X312,X325,X380,X457,X662,X742
238,X37,X53,X74,X79,X88,X183,X194,X312,X380,X457,X496,X662,X742
239,X37,X53,X74,X79,X88,X183,X194,X312,X380,X457,X496,X662,X742
240,X37,X53,X74,X79,X88,X183,X194,X312,X325,X380,X457,X662,X742
241,X37,X53,X74,X79,X88,X183,X194,X312,X325,X380,X457,X662,X742
242,X52,X74,X79,X88,X183,X194,X312,X380,X457,X469,X496,X662,X742
243,X53,X74,X79,X88,X183,X194,X312,X380,X457,X464,X662,X712,X742
244,X52,X53,X69,X79,X88,X183,X194,X312,X380,X457,X558,X662,X742
245,X52,X53,X69,X79,X88,X183,X194,X312,X380,X457,X558,X662,X742
246,X52,X53,X69,X79,X88,X183,X194,X312,X380,X457,X558,X662,X742
247,X53,X69,X74,X79,X88,X183,X194,X312,X380,X457,X469,X662,X742
248,X53,X69,X74,X79,X88,X183,X194,X312,X380,X457,X469,X662,X742
249,X52,X53,X69,X79,X88,X183,X194,X312,X380,X457,X558,X662,X742
250,X52,X53,X69,X79,X88,X183,X194,X312,X380,X457,X558,X662,X742
251,X52,X53,X69,X79,X88,X183,X194,X312,X380,X457,X558,X662,X742
252,X52,X53,X69,X79,X88,X183,X194,X312,X380,X457,X558,X662,X742
253,X52,X53,X69,X79,X88,X183,X194,X312,X380,X457,X558,X662,X742
254,X52,X53,X69,X79,X88,X183,X194,X312,X380,X457,X558,X662,X742
255,X52,X53,X69,X79,X88,X183,X194,X312,X380,X457,X552,X558,X742
256,X53,X74,X79,X88,X183,X194,X285,X312,X434,X457,X552,X662,X742
257,X52,X53,X69,X79,X88,X183,X194,X312,X380,X457,X527,X662,X742
258,X52,X53,X69,X79,X88,X183,X194,X312,X380,X457,X527,X662,X742
259,X52,X53,X69,X74,X79,X88,X183,X194,X312,X380,X457,X558,X742
260,X52,X53,X69,X74,X79,X183,X194,X312,X380,X457,X527,X665,X742
261,X52,X53,X69,X74,X79,X183,X194,X312,X380,X457,X558,X662,X742
262,X52,X53,X69,X74,X79,X183,X194,X312,X380,X457,X558,X662,X742
263,X52,X53,X69,X74,X79,X183,X194,X312,X380,X457,X527,X662,X742
264,X52,X53,X69,X74,X79,X183,X194,X312,X380,X457,X527,X662,X742
265,X52,X53,X69,X74,X79,X183,X194,X312,X380,X457,X527,X665,X742
266,X40,X53,X74,X79,X88,X183,X194,X312,X380,X457,X566,X662,X742
267,X52,X53,X69,X74,X79,X88,X183,X194,X380,X457,X566,X662,X742
268,X52,X53,X69,X74,X79,X183,X194,X312,X380,X457,X566,X662,X742
269,X52,X53,X69,X74,X79,X183,X194,X312,X380,X457,X566,X662,X742
270,X69,X74,X79,X88,X183,X194,X333,X380,X452,X457,X552,X662,X742
271,X69,X74,X79,X88,X183,X194,X333,X380,X452,X457,X552,X662,X742
272,X69,X74,X79,X88,X183,X194,X333,X380,X452,X457,X552,X662,X742
273,X52,X53,X69,X74,X79,X183,X194,X312,X380,X457,X566,X662,X742
274,X52,X53,X69,X74,X79,X183,X194,X312,X380,X457,X527,X662,X742
275,X52,X53,X69,X74,X79,X183,X194,X312,X380,X457,X527,X662,X742
276,X69,X74,X79,X88,X183,X194,X333,X380,X457,X552,X590,X662,X742
277,X69,X74,X79,X88,X183,X194,X333,X380,X452,X457,X552,X662,X742
278,X69,X74,X79,X88,X183,X194,X333,X380,X457,X527,X601,X662,X742
279,X69,X74,X79,X88,X183,X194,X321,X380,X452,X457,X527,X662,X742
280,X74,X79,X88,X183,X194,X333,X380,X457,X527,X537,X601,X662,X742
281,X69,X74,X79,X88,X183,X194,X312,X380,X452,X457,X527,X662,X742
282,X69,X74,X79,X88,X183,X194,X333,X336,X380,X457,X527,X662,X742
283,X69,X74,X79,X88,X183,X194,X211,X312,X380,X457,X527,X662,X742
284,X53,X74,X79,X88,X183,X194,X211,X312,X380,X457,X527,X662,X742
285,X53,X74,X79,X88,X183,X194,X211,X312,X380,X457,X527,X662,X742
286,X53,X74,X79,X88,X183,X194,X211,X312,X380,X457,X527,X662,X742
287,X52,X53,X69,X74,X79,X183,X194,X312,X380,X457,X527,X662,X742
288,X52,X53,X69,X74,X79,X183,X194,X312,X380,X457,X601,X662,X742
289,X52,X53,X69,X74,X79,X183,X194,X312,X380,X457,X527,X662,X742
290,X52,X53,X69,X74,X79,X183,X194,X312,X380,X457,X527,X662,X742
291,X53,X69,X74,X79,X88,X183,X194,X312,X380,X457,X527,X662,X742
292,X53,X69,X74,X79,X88,X183,X194,X312,X380,X457,X527,X662,X742
293,X53,X69,X74,X79,X88,X183,X194,X312,X380,X457,X527,X662,X742
294,X52,X53,X69,X74,X79,X183,X194,X312,X380,X457,X552,X662,X742
295,X53,X69,X74,X79,X183,X194,X312,X380,X457,X527,X654,X662,X742
296,X53,X69,X74,X79,X137,X183,X194,X312,X380,X457,X527,X606,X662
297,X53,X69,X74,X79,X137,X183,X194,X312,X380,X457,X527,X606,X662
298,X53,X69,X74,X79,X137,X183,X194,X312,X380,X457,X527,X606,X662
299,X53,X69,X74,X79,X137,X183,X194,X312,X380,X457,X527,X606,X662
300,X52,X53,X69,X74,X79,X183,X194,X312,X380,X457,X527,X662,X742
301,X69,X74,X79,X88,X183,X194,X291,X380,X413,X483,X578,X662,X742
302,X52,X53,X69,X74,X79,X183,X194,X321,X380,X457,X654,X662,X742
303,X52,X53,X69,X74,X79,X183,X194,X321,X380,X457,X654,X662,X742
304,X52,X53,X69,X74,X79,X183,X194,X312,X380,X457,X527,X601,X662
305,X52,X53,X69,X74,X79,X183,X194,X312,X380,X457,X527,X662,X742
306,X52,X53,X69,X79,X183,X194,X312,X380,X405,X457,X654,X662,X742
307,X52,X53,X69,X79,X183,X194,X312,X380,X405,X457,X654,X662,X742
308,X52,X53,X69,X74,X79,X183,X194,X219,X312,X380,X457,X662,X742
309,X52,X53,X69,X74,X79,X183,X194,X219,X312,X380,X457,X662,X742
310,X52,X53,X69,X79,X183,X194,X312,X380,X405,X457,X654,X662,X742
311,X52,X53,X69,X79,X183,X194,X312,X380,X405,X457,X654,X662,X742
312,X52,X53,X69,X79,X183,X194,X312,X380,X405,X457,X654,X662,X742
313,X52,X53,X69,X79,X183,X194,X312,X380,X405,X457,X654,X662,X742
314,X52,X53,X69,X74,X79,X183,X194,X312,X380,X457,X662,X730,X742
315,X53,X69,X79,X183,X194,X312,X380,X457,X464,X578,X662,X742,X759
316,X53,X69,X79,X183,X194,X312,X380,X457,X464,X578,X662,X742,X759
317,X53,X69,X74,X79,X183,X194,X312,X380,X417,X457,X654,X662,X742
318,X53,X69,X74,X79,X183,X194,X312,X380,X417,X457,X662,X741,X742
319,X53,X67,X69,X76,X79,X183,X194,X312,X380,X433,X457,X527,X662
320,X74,X79,X88,X161,X183,X194,X233,X271,X312,X380,X457,X662,X742
321,X74,X79,X88,X161,X183,X194,X233,X271,X312,X380,X457,X662,X742
322,X53,X67,X69,X76,X79,X183,X194,X312,X380,X457,X527,X543,X601
323,X53,X60,X69,X74,X183,X194,X312,X380,X415,X457,X578,X662,X742
324,X53,X60,X69,X74,X79,X183,X194,X219,X312,X380,X457,X552,X662
325,X53,X60,X69,X74,X122,X183,X194,X312,X364,X380,X414,X457,X662
326,X52,X53,X69,X79,X183,X188,X194,X219,X312,X363,X380,X457,X742
327,X53,X60,X69,X74,X122,X183,X194,X312,X364,X380,X414,X457,X662
328,X53,X60,X69,X74,X122,X183,X194,X312,X380,X457,X527,X654,X662
329,X53,X60,X69,X74,X122,X183,X194,X312,X380,X457,X527,X654,X662
330,X53,X60,X69,X74,X79,X183,X194,X219,X312,X380,X457,X552,X742
331,X53,X60,X69,X74,X183,X188,X219,X312,X380,X457,X499,X735,X742
332,X53,X60,X69,X74,X183,X188,X219,X312,X380,X457,X499,X735,X742
333,X52,X53,X69,X79,X183,X188,X194,X219,X311,X312,X380,X457,X742
334,X52,X53,X69,X79,X183,X188,X194,X219,X311,X312,X380,X457,X742
335,X52,X53,X69,X79,X183,X187,X194,X219,X311,X312,X380,X457,X662
336,X52,X53,X69,X79,X183,X188,X194,X219,X311,X312,X380,X457,X742
337,X52,X53,X69,X79,X183,X188,X194,X219,X311,X312,X380,X457,X742
338,X52,X53,X69,X79,X183,X188,X194,X219,X311,X312,X380,X457,X742
339,X52,X53,X69,X79,X183,X188,X194,X219,X311,X312,X380,X457,X742
340,X52,X53,X69,X79,X183,X188,X194,X219,X311,X312,X380,X457,X742
341,X52,X53,X69,X79,X183,X188,X194,X219,X311,X312,X380,X457,X742
342,X52,X53,X69,X79,X183,X194,X312,X380,X433,X457,X497,X662,X742
343,X52,X53,X69,X79,X183,X194,X219,X312,X380,X457,X527,X662,X742
344,X52,X53,X69,X79,X183,X188,X194,X312,X380,X457,X497,X527,X742
345,X52,X53,X69,X79,X183,X188,X194,X312,X380,X457,X497,X527,X742
346,X52,X53,X69,X79,X183,X194,X219,X312,X380,X457,X499,X662,X686
347,X52,X53,X69,X79,X183,X194,X219,X312,X380,X457,X499,X662,X686
348,X52,X53,X69,X79,X183,X194,X219,X312,X380,X457,X499,X662,X686
349,X52,X53,X69,X79,X183,X194,X219,X312,X380,X433,X457,X527,X686
350,X52,X53,X69,X79,X183,X194,X219,X312,X380,X457,X527,X662,X742
351,X52,X53,X69,X79,X183,X194,X219,X312,X380,X433,X457,X527,X686
352,X52,X53,X69,X79,X183,X188,X194,X312,X380,X457,X662,X711,X742
353,X52,X53,X69,X79,X183,X188,X194,X312,X380,X457,X662,X711,X742
354,X52,X53,X69,X79,X183,X188,X194,X312,X380,X457,X662,X711,X742
355,X52,X53,X69,X79,X183,X194,X219,X312,X380,X457,X662,X711,X742
356,X53,X69,X79,X131,X183,X188,X194,X312,X380,X457,X662,X711,X742
357,X52,X53,X69,X79,X183,X194,X219,X312,X380,X457,X662,X711,X742
358,X52,X53,X69,X79,X183,X194,X219,X312,X380,X457,X662,X711,X742
359,X52,X53,X69,X79,X183,X194,X219,X312,X380,X457,X662,X711,X742
360,X52,X53,X69,X79,X183,X194,X219,X312,X380,X457,X499,X662,X742
361,X52,X53,X69,X79,X183,X194,X219,X312,X380,X457,X527,X662,X744
362,X53,X69,X74,X79,X106,X183,X194,X219,X312,X380,X457,X662,X686
363,X53,X69,X79,X183,X194,X312,X364,X380,X457,X593,X662,X711,X742
364,X53,X69,X79,X183,X194,X312,X364,X380,X457,X593,X662,X711,X742
365,X52,X53,X69,X79,X183,X194,X312,X380,X457,X519,X662,X711,X742
366,X52,X53,X69,X79,X183,X194,X219,X312,X380,X457,X662,X711,X742
367,X52,X53,X69,X79,X183,X194,X312,X380,X457,X593,X662,X711,X742
368,X52,X53,X69,X79,X183,X194,X312,X380,X457,X593,X662,X711,X742
369,X52,X53,X69,X79,X183,X194,X219,X312,X380,X457,X662,X711,X742
370,X52,X53,X69,X79,X183,X194,X219,X312,X380,X457,X662,X711,X742
371,X53,X69,X74,X79,X183,X194,X219,X312,X380,X457,X542,X662,X742
372,X53,X69,X79,X183,X194,X219,X311,X312,X380,X457,X542,X662,X742
373,X53,X69,X79,X183,X194,X219,X311,X312,X380,X457,X542,X662,X742
374,X53,X69,X79,X183,X194,X219,X311,X312,X380,X457,X542,X662,X742
375,X53,X69,X79,X183,X194,X219,X311,X312,X380,X457,X542,X662,X742
376,X53,X69,X74,X79,X183,X194,X219,X312,X380,X457,X542,X662,X742
377,X53,X69,X79,X183,X194,X311,X312,X380,X457,X522,X542,X662,X742
378,X52,X53,X69,X79,X183,X194,X219,X312,X380,X457,X662,X711,X742
379,X52,X53,X69,X79,X183,X194,X219,X312,X380,X457,X662,X711,X742
380,X52,X53,X69,X79,X183,X194,X219,X312,X380,X457,X662,X711,X742
381,X52,X53,X69,X79,X183,X194,X219,X312,X380,X457,X662,X711,X742
382,X53,X69,X79,X183,X188,X194,X295,X312,X380,X450,X457,X662,X742
383,X53,X69,X79,X183,X188,X194,X219,X312,X380,X457,X662,X711,X742
384,X53,X69,X79,X183,X188,X194,X219,X312,X380,X457,X662,X711,X742
385,X53,X69,X79,X183,X188,X194,X219,X312,X380,X457,X499,X691,X742
386,X52,X53,X69,X79,X164,X183,X194,X312,X380,X457,X534,X638,X742
387,X52,X53,X69,X79,X164,X183,X194,X312,X380,X457,X534,X638,X742
388,X53,X69,X79,X183,X188,X194,X219,X312,X380,X457,X499,X691,X742
389,X53,X69,X79,X183,X188,X194,X219,X312,X380,X457,X662,X711,X742
390,X53,X69,X79,X183,X188,X194,X219,X312,X380,X457,X662,X711,X742
391,X53,X69,X79,X183,X188,X194,X219,X312,X380,X457,X662,X742,X751
392,X53,X69,X79,X183,X188,X194,X219,X312,X380,X457,X662,X742,X751
393,X53,X69,X79,X183,X188,X194,X219,X312,X380,X457,X662,X711,X742
394,X53,X69,X79,X183,X188,X194,X219,X312,X380,X457,X662,X711,X742
395,X53,X69,X79,X183,X188,X194,X219,X312,X380,X457,X662,X742,X751
396,X53,X69,X79,X183,X188,X194,X219,X312,X380,X457,X662,X711,X742
397,X53,X69,X79,X183,X188,X194,X219,X312,X380,X457,X662,X711,X742
398,X53,X69,X79,X183,X188,X194,X219,X243,X312,X380,X457,X691,X742
399,X53,X69,X79,X183,X188,X194,X219,X243,X312,X380,X457,X691,X742
400,X53,X69,X79,X183,X188,X194,X219,X312,X380,X457,X662,X711,X742
401,X53,X69,X79,X183,X188,X194,X219,X312,X380,X457,X662,X711,X742
402,X53,X69,X79,X183,X188,X194,X219,X312,X380,X457,X662,X711,X742
403,X53,X69,X79,X183,X188,X194,X219,X312,X380,X457,X662,X711,X742
404,X53,X69,X79,X183,X188,X194,X219,X312,X380,X457,X662,X711,X742
405,X53,X69,X79,X183,X188,X194,X219,X312,X380,X457,X662,X711,X742
406,X53,X69,X79,X183,X188,X194,X219,X312,X380,X457,X662,X711,X742
407,X53,X69,X79,X183,X188,X194,X219,X312,X380,X457,X662,X711,X742
408,X53,X69,X79,X183,X188,X194,X219,X312,X380,X457,X662,X711,X742
409,X53,X69,X79,X183,X188,X194,X219,X312,X380,X457,X662,X691,X742
410,X53,X69,X79,X183,X188,X194,X219,X312,X380,X457,X662,X691,X742
411,X53,X69,X79,X183,X188,X194,X219,X312,X380,X457,X662,X691,X742
412,X53,X69,X79,X177,X183,X188,X194,X312,X380,X457,X461,X711,X742
413,X53,X69,X79,X177,X183,X188,X194,X312,X380,X457,X461,X711,X742
414,X53,X69,X79,X183,X188,X194,X312,X380,X457,X461,X662,X691,X742
415,X53,X69,X79,X183,X188,X194,X312,X380,X457,X514,X662,X711,X742
416,X53,X79,X183,X188,X194,X219,X312,X380,X457,X514,X662,X711,X742
417,X53,X79,X183,X188,X194,X219,X312,X380,X457,X514,X662,X711,X742
418,X53,X69,X79,X183,X188,X194,X219,X312,X380,X457,X662,X691,X742
419,X53,X79,X183,X188,X194,X219,X312,X380,X457,X514,X662,X711,X742
420,X53,X79,X183,X188,X194,X219,X312,X380,X457,X514,X662,X711,X742
421,X53,X79,X183,X188,X194,X219,X312,X380,X457,X514,X662,X711,X742
422,X53,X69,X79,X183,X188,X194,X219,X312,X380,X457,X662,X691,X742
423,X53,X69,X79,X183,X188,X194,X312,X380,X457,X461,X662,X711,X742
424,X53,X69,X79,X183,X188,X194,X219,X312,X380,X457,X662,X691,X742
425,X53,X69,X79,X183,X188,X194,X219,X312,X380,X457,X662,X691,X742
426,X53,X69,X79,X183,X188,X194,X219,X312,X380,X457,X662,X691,X742
427,X53,X69,X79,X183,X188,X194,X219,X312,X380,X457,X662,X691,X742
428,X53,X69,X79,X183,X188,X194,X219,X312,X380,X457,X662,X691,X742
429,X53,X69,X79,X183,X188,X194,X219,X312,X380,X423,X457,X691,X742
430,X53,X69,X79,X183,X188,X194,X219,X312,X380,X457,X662,X691,X742
431,X53,X69,X79,X183,X188,X194,X219,X312,X380,X457,X662,X691,X742
432,X53,X69,X79,X183,X188,X194,X219,X312,X380,X457,X662,X691,X742
433,X53,X69,X79,X183,X188,X194,X219,X312,X380,X457,X662,X691,X742
434,X53,X69,X79,X183,X188,X194,X219,X312,X380,X457,X662,X691,X742
435,X53,X69,X79,X183,X188,X194,X219,X312,X380,X457,X662,X691,X742
436,X53,X69,X79,X183,X188,X194,X219,X312,X380,X457,X662,X691,X742
437,X53,X69,X79,X183,X188,X194,X219,X312,X380,X457,X662,X691,X742
438,X53,X69,X79,X183,X188,X194,X219,X312,X378,X380,X457,X711,X742
439,X53,X69,X79,X183,X188,X194,X219,X312,X378,X380,X457,X711,X742
440,X53,X69,X79,X183,X188,X194,X219,X312,X380,X457,X665,X691,X742
441,X53,X69,X79,X183,X188,X194,X219,X312,X380,X457,X665,X691,X742
442,X53,X69,X79,X183,X188,X194,X219,X312,X378,X380,X457,X691,X742
443,X53,X69,X79,X183,X188,X194,X219,X312,X378,X380,X457,X691,X742
444,X53,X69,X79,X183,X188,X194,X219,X312,X378,X380,X457,X691,X742
445,X53,X69,X79,X183,X188,X194,X219,X312,X378,X380,X457,X691,X742
446,X53,X69,X79,X183,X188,X194,X219,X312,X340,X380,X457,X691,X742
447,X53,X69,X79,X183,X188,X194,X219,X312,X340,X380,X457,X691,X742
448,X53,X69,X79,X183,X188,X194,X219,X312,X340,X380,X457,X711,X742
449,X53,X69,X79,X183,X188,X194,X219,X312,X378,X380,X457,X691,X742
450,X53,X69,X79,X183,X188,X194,X219,X312,X378,X380,X457,X691,X742
