0,X52,X141,X249,X320,X327,X352,X379,X381,X404,X412,X489,X607,X725
1,X9,X64,X145,X155,X285,X332,X378,X387,X423,X465,X518,X529,X613
2,X47,X140,X201,X246,X360,X368,X417,X547,X586,X619,X645,X742,X749
3,X74,X141,X249,X320,X327,X352,X379,X381,X404,X412,X489,X607,X725
4,X74,X141,X249,X320,X327,X352,X379,X381,X404,X412,X489,X607,X725
5,X24,X64,X201,X246,X360,X368,X417,X547,X586,X619,X645,X742,X749
6,X201,X244,X256,X279,X424,X444,X519,X547,X586,X619,X645,X742,X749
7,X120,X201,X244,X256,X279,X380,X417,X552,X607,X678,X710,X726,X757
8,X120,X201,X244,X256,X279,X380,X417,X552,X607,X678,X710,X726,X757
9,X9,X201,X244,X256,X279,X380,X417,X552,X607,X678,X710,X726,X757
10,X20,X201,X244,X256,X279,X380,X417,X552,X607,X678,X710,X726,X757
11,X120,X201,X244,X256,X279,X380,X417,X552,X607,X678,X710,X726,X757
12,X58,X201,X209,X244,X256,X279,X380,X417,X552,X607,X710,X726,X757
13,X9,X141,X221,X233,X422,X425,X464,X535,X607,X678,X710,X726,X757
14,X9,X201,X221,X233,X337,X363,X386,X430,X431,X459,X497,X519,X561
15,X120,X201,X244,X256,X279,X380,X393,X417,X552,X607,X710,X726,X757
16,X120,X244,X256,X279,X380,X393,X417,X471,X552,X607,X645,X726,X757
17,X120,X244,X256,X279,X380,X393,X417,X471,X552,X607,X645,X726,X757
18,X120,X201,X244,X256,X279,X380,X417,X491,X607,X678,X710,X726,X757
19,X201,X244,X256,X279,X380,X393,X417,X471,X552,X607,X645,X726,X757
20,X9,X141,X244,X256,X279,X362,X519,X535,X552,X619,X645,X726,X757
21,X42,X141,X221,X233,X279,X362,X519,X535,X552,X619,X645,X726,X757
22,X42,X141,X221,X233,X279,X362,X519,X535,X552,X619,X645,X726,X757
23,X9,X120,X201,X233,X363,X425,X464,X535,X552,X645,X726,X757,X765
24,X9,X120,X123,X201,X330,X424,X427,X471,X552,X607,X645,X726,X757
25,X9,X201,X221,X233,X279,X362,X425,X464,X535,X552,X645,X726,X757
26,X9,X201,X221,X233,X279,X362,X425,X464,X535,X552,X645,X726,X757
27,X9,X120,X201,X244,X363,X425,X464,X535,X552,X645,X726,X757,X765
28,X9,X141,X201,X233,X279,X362,X425,X464,X535,X552,X645,X726,X757
29,X9,X201,X221,X233,X279,X362,X425,X464,X535,X552,X645,X726,X757
30,X9,X201,X221,X233,X279,X362,X425,X464,X535,X552,X645,X726,X757
31,X9,X201,X221,X233,X279,X362,X425,X464,X535,X552,X645,X726,X757
32,X9,X201,X221,X233,X279,X362,X425,X464,X535,X552,X645,X726,X757
33,X9,X201,X221,X233,X279,X362,X425,X464,X535,X552,X645,X726,X757
34,X9,X120,X201,X233,X279,X362,X425,X464,X535,X552,X645,X726,X757
35,X9,X141,X201,X244,X256,X279,X362,X417,X535,X552,X645,X726,X757
36,X9,X141,X201,X244,X256,X279,X362,X417,X535,X552,X645,X726,X757
37,X9,X141,X201,X244,X256,X279,X362,X417,X535,X552,X645,X726,X757
38,X9,X141,X201,X244,X256,X279,X362,X417,X535,X552,X645,X726,X757
39,X9,X141,X201,X233,X279,X362,X425,X464,X535,X552,X645,X726,X757
40,X9,X120,X123,X201,X233,X279,X362,X425,X464,X552,X607,X645,X757
41,X9,X201,X206,X221,X233,X279,X362,X425,X464,X552,X607,X645,X757
42,X9,X64,X120,X123,X201,X233,X279,X362,X464,X552,X645,X726,X757
43,X9,X64,X120,X123,X201,X233,X279,X362,X464,X552,X645,X726,X757
44,X9,X64,X120,X123,X201,X233,X279,X362,X464,X552,X645,X726,X757
45,X9,X64,X120,X123,X201,X233,X279,X362,X464,X552,X645,X726,X757
46,X9,X64,X120,X123,X201,X233,X279,X362,X464,X552,X645,X726,X757
47,X9,X64,X120,X123,X201,X233,X279,X362,X464,X552,X619,X645,X757
48,X9,X64,X120,X123,X201,X233,X279,X362,X464,X552,X619,X645,X757
49,X9,X64,X120,X123,X201,X233,X279,X362,X464,X552,X619,X645,X757
50,X9,X64,X120,X123,X201,X233,X279,X362,X464,X552,X645,X726,X757
51,X9,X64,X120,X123,X201,X233,X279,X362,X464,X552,X645,X726,X757
52,X9,X64,X120,X123,X201,X233,X279,X362,X464,X552,X645,X726,X757
53,X9,X64,X120,X123,X201,X233,X279,X362,X464,X552,X645,X726,X757
54,X9,X64,X120,X123,X201,X233,X279,X362,X464,X552,X645,X726,X757
55,X9,X64,X120,X123,X201,X233,X279,X362,X464,X552,X645,X726,X757
56,X9,X64,X120,X123,X201,X233,X279,X362,X464,X552,X645,X726,X757
57,X9,X64,X120,X123,X201,X233,X279,X362,X464,X552,X725,X726,X757
58,X9,X64,X120,X123,X201,X233,X279,X362,X464,X552,X725,X726,X757
59,X9,X64,X120,X123,X201,X233,X279,X362,X464,X552,X725,X726,X757
60,X9,X64,X120,X123,X201,X233,X279,X362,X464,X552,X645,X726,X757
61,X9,X64,X120,X123,X201,X233,X279,X362,X464,X552,X645,X726,X757
62,X9,X64,X120,X123,X201,X233,X279,X362,X464,X552,X645,X726,X757
63,X9,X64,X120,X123,X201,X233,X279,X362,X464,X552,X645,X726,X757
64,X9,X43,X64,X118,X141,X201,X233,X279,X362,X464,X552,X645,X757
65,X64,X120,X123,X201,X233,X279,X362,X464,X488,X552,X645,X726,X757
66,X9,X64,X120,X123,X201,X233,X279,X362,X464,X552,X645,X726,X757
67,X9,X64,X120,X123,X201,X233,X279,X362,X464,X552,X645,X726,X757
68,X9,X64,X120,X123,X201,X233,X279,X362,X464,X552,X645,X726,X757
69,X9,X15,X64,X120,X123,X201,X233,X279,X362,X552,X645,X726,X757
70,X9,X64,X120,X123,X201,X233,X279,X362,X464,X552,X645,X726,X757
71,X9,X64,X120,X123,X201,X233,X279,X362,X464,X552,X645,X726,X757
72,X9,X64,X120,X123,X201,X233,X279,X362,X464,X552,X645,X726,X757
73,X9,X64,X120,X123,X201,X233,X279,X362,X404,X552,X645,X757,X765
74,X9,X64,X120,X123,X201,X233,X279,X362,X464,X552,X645,X726,X757
75,X9,X64,X120,X123,X201,X233,X279,X362,X431,X552,X645,X726,X757
76,X9,X64,X120,X123,X201,X233,X279,X362,X464,X552,X645,X726,X757
77,X9,X64,X120,X123,X201,X233,X279,X362,X464,X552,X645,X726,X757
78,X9,X64,X120,X123,X201,X233,X279,X362,X464,X552,X645,X726,X757
79,X9,X64,X120,X123,X201,X233,X279,X362,X464,X552,X645,X726,X757
80,X9,X64,X120,X123,X201,X233,X279,X362,X464,X552,X645,X726,X757
81,X9,X64,X120,X123,X201,X202,X233,X279,X464,X552,X645,X726,X757
82,X9,X64,X120,X123,X201,X233,X279,X362,X464,X552,X645,X726,X757
83,X9,X64,X120,X123,X201,X233,X279,X362,X464,X552,X645,X726,X757
84,X9,X64,X120,X123,X201,X233,X279,X323,X464,X552,X645,X726,X757
85,X9,X64,X120,X123,X201,X233,X279,X362,X464,X552,X645,X726,X757
86,X9,X64,X120,X123,X181,X233,X279,X362,X464,X552,X645,X726,X757
87,X9,X64,X120,X123,X201,X233,X279,X362,X464,X552,X619,X726,X757
88,X9,X64,X120,X123,X201,X233,X279,X362,X464,X552,X619,X726,X757
89,X9,X64,X120,X123,X201,X233,X279,X362,X464,X552,X619,X726,X757
90,X9,X64,X120,X123,X201,X233,X279,X362,X464,X552,X619,X726,X757
91,X9,X64,X120,X123,X201,X233,X279,X362,X464,X552,X619,X726,X757
92,X9,X64,X120,X123,X201,X233,X279,X362,X499,X552,X645,X726,X757
93,X9,X64,X120,X123,X201,X233,X279,X362,X499,X552,X645,X726,X757
94,X9,X64,X120,X123,X201,X233,X279,X362,X499,X552,X645,X726,X757
95,X9,X64,X120,X201,X233,X279,X362,X464,X552,X645,X726,X757,X768
96,X9,X64,X120,X201,X233,X279,X362,X464,X552,X645,X726,X757,X768
97,X9,X64,X120,X201,X233,X279,X362,X464,X552,X645,X726,X757,X768
98,X9,X64,X120,X201,X233,X279,X362,X464,X552,X645,X726,X757,X768
99,X9,X64,X120,X201,X233,X279,X362,X464,X552,X645,X726,X757,X768
100,X9,X64,X120,X201,X233,X279,X362,X464,X552,X645,X726,X757,X768
101,X9,X64,X120,X201,X233,X279,X362,X464,X552,X645,X726,X757,X768
102,X9,X64,X95,X120,X123,X201,X233,X279,X362,X552,X645,X726,X757
103,X64,X120,X123,X201,X233,X279,X362,X464,X552,X645,X726,X757,X768
104,X9,X64,X95,X120,X123,X201,X233,X279,X362,X552,X645,X726,X757
105,X9,X64,X120,X201,X233,X279,X362,X464,X552,X645,X726,X757,X768
106,X9,X64,X120,X201,X233,X279,X362,X464,X552,X645,X726,X757,X768
107,X9,X64,X123,X201,X233,X279,X362,X404,X464,X552,X645,X726,X757
108,X9,X64,X123,X201,X233,X279,X362,X404,X464,X552,X645,X726,X757
109,X9,X64,X123,X201,X233,X279,X362,X404,X464,X552,X645,X726,X757
110,X9,X64,X123,X201,X233,X279,X362,X404,X464,X552,X645,X726,X757
111,X9,X64,X120,X123,X201,X233,X279,X362,X464,X552,X645,X726,X757
112,X9,X64,X120,X123,X201,X233,X279,X362,X464,X552,X645,X726,X757
113,X9,X64,X120,X123,X201,X233,X279,X362,X464,X552,X645,X726,X757
114,X9,X64,X120,X123,X201,X233,X279,X362,X464,X552,X645,X726,X757
115,X9,X64,X120,X123,X201,X233,X279,X362,X464,X552,X645,X726,X757
116,X9,X64,X120,X123,X201,X233,X279,X362,X464,X552,X645,X726,X757
117,X9,X64,X120,X123,X201,X233,X279,X362,X464,X552,X645,X726,X757
118,X9,X64,X120,X123,X201,X233,X279,X362,X464,X552,X645,X726,X757
119,X9,X64,X120,X123,X201,X233,X279,X362,X464,X552,X645,X726,X757
120,X9,X64,X120,X123,X201,X233,X279,X362,X464,X552,X645,X726,X757
121,X9,X64,X120,X123,X201,X233,X279,X362,X464,X552,X645,X726,X757
122,X9,X64,X120,X123,X201,X233,X279,X362,X464,X552,X645,X726,X757
123,X9,X64,X120,X123,X201,X233,X279,X362,X464,X552,X645,X726,X757
124,X9,X64,X120,X123,X201,X233,X279,X362,X464,X552,X645,X726,X757
125,X9,X26,X64,X120,X123,X201,X233,X279,X362,X464,X552,X645,X757
126,X9,X64,X84,X120,X123,X201,X233,X279,X362,X552,X645,X726,X757
127,X9,X64,X84,X120,X123,X201,X233,X279,X362,X552,X645,X726,X757
128,X9,X64,X120,X123,X201,X233,X279,X362,X464,X552,X645,X726,X757
129,X9,X64,X120,X123,X201,X233,X279,X362,X464,X552,X645,X726,X757
130,X9,X64,X123,X201,X233,X279,X362,X464,X552,X607,X645,X726,X757
131,X9,X64,X120,X123,X201,X233,X279,X362,X464,X552,X645,X726,X757
132,X9,X64,X120,X123,X201,X233,X279,X362,X464,X552,X645,X726,X757
133,X9,X64,X120,X123,X201,X233,X279,X362,X464,X552,X645,X726,X757
134,X9,X64,X120,X123,X201,X233,X279,X362,X464,X552,X645,X726,X757
135,X9,X64,X120,X123,X201,X233,X279,X362,X464,X552,X645,X726,X757
136,X9,X64,X120,X123,X201,X233,X279,X362,X464,X552,X645,X726,X757
137,X9,X64,X120,X123,X201,X233,X279,X362,X464,X552,X645,X726,X757
138,X9,X64,X120,X123,X201,X233,X279,X362,X464,X519,X552,X645,X757
139,X9,X64,X120,X123,X201,X233,X279,X362,X464,X519,X552,X645,X757
140,X9,X42,X64,X123,X201,X233,X279,X362,X464,X552,X645,X726,X757
141,X9,X42,X64,X123,X201,X233,X279,X362,X464,X552,X645,X726,X757
142,X9,X42,X64,X123,X201,X233,X279,X362,X464,X552,X645,X726,X757
143,X9,X42,X64,X123,X201,X233,X279,X362,X464,X552,X645,X726,X757
144,X9,X42,X64,X123,X201,X233,X279,X362,X464,X552,X645,X726,X757
145,X9,X42,X64,X123,X201,X233,X279,X362,X464,X552,X645,X726,X757
146,X9,X42,X64,X123,X201,X233,X279,X362,X464,X552,X645,X726,X757
147,X9,X42,X64,X123,X201,X233,X279,X362,X464,X552,X645,X726,X757
148,X9,X42,X64,X123,X201,X233,X279,X362,X464,X552,X645,X726,X757
149,X9,X64,X123,X201,X233,X279,X464,X552,X619,X645,X726,X757,X768
150,X9,X42,X64,X123,X201,X233,X279,X362,X464,X552,X645,X726,X757
151,X9,X42,X64,X123,X201,X233,X279,X362,X464,X552,X645,X726,X757
152,X9,X42,X64,X123,X201,X233,X279,X362,X464,X552,X645,X726,X757
153,X9,X42,X64,X123,X201,X233,X279,X362,X464,X552,X645,X726,X757
154,X9,X42,X64,X123,X201,X233,X279,X362,X464,X552,X645,X726,X757
155,X9,X42,X64,X123,X201,X233,X279,X362,X464,X552,X645,X726,X757
156,X9,X42,X64,X201,X233,X279,X357,X362,X464,X552,X645,X726,X757
157,X9,X42,X64,X123,X201,X233,X279,X362,X464,X552,X645,X726,X757
158,X9,X42,X64,X123,X201,X233,X279,X362,X464,X552,X645,X726,X757
159,X9,X42,X64,X123,X201,X233,X279,X362,X464,X552,X645,X726,X757
160,X9,X42,X64,X123,X201,X233,X279,X362,X464,X552,X645,X726,X757
161,X9,X42,X64,X123,X201,X233,X279,X362,X464,X552,X645,X726,X757
162,X9,X42,X64,X123,X201,X233,X279,X362,X464,X552,X645,X726,X757
163,X9,X42,X64,X123,X201,X233,X279,X362,X464,X552,X645,X726,X757
164,X9,X42,X64,X123,X201,X233,X279,X362,X464,X552,X617,X645,X757
165,X9,X42,X64,X123,X201,X233,X279,X362,X464,X552,X617,X645,X757
166,X9,X42,X64,X123,X201,X233,X279,X362,X464,X552,X617,X645,X757
167,X9,X42,X64,X123,X201,X233,X279,X362,X464,X552,X617,X645,X757
168,X9,X42,X64,X123,X201,X233,X279,X362,X464,X552,X617,X645,X757
169,X9,X42,X64,X123,X201,X233,X279,X362,X464,X552,X617,X645,X757
170,X9,X42,X64,X123,X201,X233,X279,X362,X464,X552,X617,X645,X757
171,X9,X42,X64,X123,X201,X233,X279,X362,X464,X552,X617,X645,X757
172,X9,X42,X64,X120,X123,X201,X233,X279,X362,X552,X645,X726,X757
173,X9,X42,X64,X201,X233,X279,X362,X464,X552,X624,X645,X726,X757
174,X9,X42,X64,X201,X233,X279,X362,X464,X552,X624,X645,X726,X757
175,X9,X42,X64,X201,X233,X279,X362,X464,X552,X624,X645,X726,X757
176,X9,X42,X64,X201,X233,X279,X362,X464,X552,X624,X645,X726,X757
177,X9,X42,X64,X201,X233,X279,X362,X464,X552,X624,X645,X726,X757
178,X9,X42,X64,X123,X201,X233,X279,X362,X464,X552,X645,X726,X757
179,X9,X42,X64,X123,X201,X233,X279,X362,X464,X552,X645,X726,X757
180,X9,X42,X64,X123,X201,X233,X279,X362,X464,X552,X645,X726,X757
181,X9,X42,X64,X123,X201,X233,X279,X362,X464,X552,X645,X726,X757
182,X9,X42,X64,X123,X201,X233,X279,X362,X464,X552,X645,X726,X757
183,X9,X42,X64,X123,X201,X233,X279,X362,X464,X552,X645,X726,X757
184,X9,X42,X64,X123,X149,X201,X233,X279,X362,X464,X552,X645,X757
185,X9,X42,X64,X123,X149,X201,X233,X279,X362,X464,X552,X645,X757
186,X9,X42,X64,X123,X149,X201,X233,X279,X362,X464,X552,X645,X757
187,X9,X42,X64,X123,X149,X201,X233,X279,X362,X464,X552,X645,X757
188,X9,X42,X64,X123,X187,X201,X233,X279,X362,X552,X645,X726,X757
189,X9,X15,X42,X64,X201,X233,X279,X362,X464,X552,X645,X726,X757
190,X9,X15,X42,X64,X201,X233,X279,X362,X464,X552,X645,X726,X757
191,X9,X15,X42,X64,X201,X233,X279,X362,X464,X552,X645,X726,X757
192,X9,X15,X42,X64,X201,X233,X279,X362,X464,X552,X645,X726,X757
193,X9,X15,X42,X64,X187,X201,X233,X279,X362,X552,X645,X726,X757
194,X9,X15,X42,X64,X187,X201,X233,X279,X362,X552,X645,X726,X757
195,X9,X15,X42,X64,X187,X201,X233,X279,X362,X552,X645,X726,X757
196,X9,X15,X42,X64,X201,X233,X279,X362,X464,X552,X645,X726,X757
197,X9,X15,X42,X64,X201,X233,X279,X362,X464,X552,X645,X726,X757
198,X9,X15,X42,X64,X201,X233,X279,X362,X464,X552,X645,X726,X757
199,X9,X15,X42,X64,X201,X233,X279,X362,X464,X552,X645,X726,X757
200,X9,X15,X42,X64,X201,X233,X279,X362,X464,X552,X645,X726,X757
201,X9,X15,X42,X64,X201,X233,X279,X362,X464,X552,X645,X726,X757
202,X9,X15,X42,X64,X201,X233,X279,X362,X464,X552,X645,X726,X757
203,X9,X15,X42,X64,X201,X233,X279,X362,X464,X552,X645,X726,X757
204,X9,X15,X42,X64,X201,X233,X279,X362,X464,X552,X645,X726,X757
205,X9,X15,X42,X64,X201,X233,X279,X362,X393,X464,X645,X726,X757
206,X9,X15,X42,X64,X201,X233,X279,X362,X393,X464,X645,X726,X757
207,X9,X15,X42,X64,X201,X233,X279,X362,X393,X464,X645,X726,X757
208,X9,X15,X42,X64,X201,X233,X279,X362,X393,X464,X645,X726,X757
209,X9,X15,X42,X64,X201,X233,X279,X362,X464,X552,X645,X725,X757
210,X9,X15,X42,X64,X201,X233,X279,X362,X464,X552,X645,X725,X757
211,X9,X15,X42,X64,X201,X233,X279,X362,X464,X552,X645,X725,X757
212,X9,X15,X42,X64,X201,X233,X279,X362,X464,X552,X645,X725,X757
213,X9,X15,X42,X64,X201,X233,X279,X362,X464,X552,X645,X725,X757
214,X9,X15,X42,X64,X201,X233,X279,X362,X464,X552,X645,X725,X757
215,X9,X15,X42,X64,X201,X233,X279,X362,X464,X552,X645,X726,X757
216,X9,X15,X42,X64,X201,X233,X279,X362,X464,X552,X645,X726,X757
217,X9,X15,X42,X64,X201,X233,X279,X362,X464,X552,X645,X726,X757
218,X9,X15,X42,X64,X201,X233,X279,X362,X464,X552,X645,X726,X757
219,X9,X15,X42,X64,X201,X233,X279,X362,X464,X552,X645,X726,X757
220,X9,X15,X42,X64,X201,X233,X279,X362,X464,X552,X645,X726,X757
221,X9,X15,X42,X64,X201,X233,X279,X362,X464,X552,X645,X726,X757
222,X9,X15,X42,X64,X201,X233,X279,X362,X464,X552,X645,X726,X757
223,X9,X15,X42,X64,X201,X233,X279,X362,X464,X552,X645,X726,X757
224,X9,X15,X42,X64,X201,X233,X279,X362,X464,X552,X645,X726,X757
225,X9,X15,X42,X64,X201,X233,X279,X362,X464,X552,X645,X726,X757
226,X9,X15,X42,X64,X201,X233,X279,X362,X464,X552,X645,X726,X757
227,X9,X15,X42,X64,X201,X233,X279,X362,X464,X552,X645,X726,X757
228,X9,X15,X42,X64,X201,X233,X279,X362,X464,X552,X645,X726,X757
229,X9,X15,X42,X64,X201,X233,X279,X362,X464,X645,X721,X726,X757
230,X9,X15,X42,X64,X201,X233,X279,X362,X464,X552,X645,X726,X757
231,X9,X15,X42,X64,X201,X233,X279,X357,X464,X552,X645,X726,X757
232,X9,X15,X42,X64,X201,X233,X279,X362,X464,X552,X645,X726,X757
233,X9,X15,X42,X64,X201,X233,X279,X362,X464,X552,X645,X726,X757
234,X9,X15,X42,X64,X201,X233,X279,X362,X464,X552,X645,X726,X757
235,X9,X15,X42,X64,X201,X233,X279,X362,X464,X552,X645,X726,X757
236,X9,X15,X42,X64,X201,X233,X279,X362,X464,X552,X645,X726,X757
237,X9,X15,X42,X64,X201,X233,X279,X362,X464,X552,X645,X726,X757
238,X9,X15,X42,X64,X201,X233,X279,X362,X464,X552,X645,X726,X757
239,X9,X15,X42,X64,X201,X233,X279,X362,X464,X552,X645,X726,X757
240,X9,X15,X42,X64,X201,X233,X279,X362,X464,X552,X645,X726,X757
241,X9,X15,X42,X64,X201,X233,X279,X362,X464,X552,X645,X726,X757
242,X9,X15,X42,X64,X201,X233,X279,X362,X464,X552,X645,X726,X757
243,X9,X15,X42,X64,X201,X202,X233,X279,X362,X552,X645,X726,X757
244,X9,X15,X42,X64,X201,X202,X233,X279,X362,X552,X645,X726,X757
245,X9,X15,X42,X64,X187,X201,X233,X279,X362,X464,X552,X645,X757
246,X9,X15,X42,X64,X187,X201,X233,X279,X362,X464,X552,X645,X757
247,X9,X15,X42,X64,X187,X201,X233,X279,X362,X464,X552,X645,X757
248,X9,X15,X42,X64,X187,X201,X233,X279,X362,X464,X552,X645,X757
249,X9,X15,X42,X64,X201,X233,X264,X279,X464,X552,X645,X726,X757
250,X9,X15,X42,X64,X201,X233,X264,X279,X464,X552,X645,X726,X757
251,X9,X15,X42,X64,X201,X233,X279,X362,X464,X552,X645,X726,X757
252,X9,X15,X42,X64,X201,X233,X279,X362,X464,X552,X645,X726,X757
253,X9,X15,X42,X64,X201,X233,X279,X362,X464,X552,X645,X726,X757
254,X9,X15,X42,X64,X201,X233,X279,X362,X464,X552,X645,X726,X757
255,X9,X15,X42,X64,X201,X233,X279,X362,X464,X552,X645,X726,X757
256,X9,X15,X42,X64,X201,X233,X279,X362,X464,X552,X645,X726,X757
257,X9,X15,X42,X64,X201,X233,X279,X362,X464,X552,X645,X726,X757
258,X9,X15,X42,X64,X201,X233,X279,X362,X464,X552,X645,X726,X757
259,X9,X15,X42,X64,X201,X233,X279,X362,X464,X552,X645,X726,X757
260,X9,X15,X42,X64,X201,X233,X279,X362,X464,X552,X645,X726,X757
261,X9,X15,X42,X64,X201,X233,X279,X362,X464,X552,X645,X726,X757
262,X9,X15,X42,X64,X201,X233,X279,X362,X464,X552,X645,X726,X757
263,X9,X15,X42,X64,X201,X233,X279,X362,X464,X552,X645,X726,X757
264,X9,X15,X42,X64,X201,X233,X279,X362,X464,X552,X645,X726,X757
265,X9,X15,X42,X64,X201,X233,X279,X362,X464,X552,X645,X726,X757
266,X9,X15,X42,X64,X201,X233,X279,X362,X464,X552,X645,X726,X757
267,X9,X15,X42,X64,X201,X233,X279,X362,X552,X645,X721,X726,X757
268,X9,X15,X42,X64,X201,X233,X279,X362,X552,X645,X721,X726,X757
269,X9,X15,X42,X64,X201,X233,X279,X362,X464,X552,X645,X726,X757
270,X9,X15,X42,X64,X201,X233,X279,X362,X464,X552,X645,X726,X757
271,X9,X15,X42,X64,X201,X233,X279,X362,X464,X552,X645,X726,X757
272,X9,X15,X42,X64,X201,X233,X279,X362,X464,X552,X645,X726,X757
273,X9,X15,X42,X64,X201,X233,X279,X362,X464,X552,X645,X726,X757
274,X9,X15,X42,X64,X201,X233,X279,X362,X464,X552,X645,X726,X757
275,X9,X15,X42,X64,X201,X233,X279,X362,X464,X552,X645,X726,X757
276,X9,X15,X42,X64,X201,X233,X279,X362,X464,X552,X645,X726,X757
277,X9,X15,X42,X64,X201,X233,X279,X362,X464,X552,X645,X726,X757
278,X9,X15,X42,X64,X201,X233,X279,X362,X464,X552,X645,X726,X757
279,X9,X15,X42,X64,X201,X233,X279,X362,X464,X552,X645,X726,X757
280,X9,X15,X42,X64,X201,X233,X279,X362,X464,X552,X645,X726,X757
281,X9,X15,X42,X64,X201,X233,X279,X362,X464,X552,X645,X726,X757
282,X9,X15,X42,X64,X201,X233,X279,X362,X464,X552,X645,X726,X757
283,X9,X15,X42,X64,X201,X233,X279,X362,X464,X552,X645,X726,X757
284,X9,X15,X42,X64,X201,X233,X279,X362,X464,X538,X552,X645,X726
285,X9,X15,X42,X64,X201,X233,X279,X362,X464,X538,X552,X645,X726
286,X9,X15,X42,X64,X201,X233,X279,X362,X464,X538,X552,X645,X726
287,X9,X15,X42,X64,X201,X233,X279,X362,X464,X538,X552,X645,X726
288,X9,X15,X42,X64,X201,X233,X279,X362,X464,X538,X552,X645,X726
289,X9,X15,X42,X64,X201,X233,X279,X362,X464,X538,X552,X645,X726
290,X9,X15,X42,X64,X201,X233,X279,X362,X464,X538,X552,X645,X726
291,X9,X15,X42,X64,X201,X233,X279,X362,X464,X538,X552,X645,X726
292,X9,X15,X42,X64,X201,X233,X279,X362,X464,X538,X552,X645,X726
293,X9,X15,X42,X64,X201,X233,X279,X362,X464,X552,X645,X726,X757
294,X9,X15,X42,X64,X201,X233,X279,X362,X464,X552,X645,X726,X757
295,X9,X15,X42,X64,X201,X233,X279,X362,X464,X552,X645,X726,X757
296,X9,X15,X42,X64,X201,X233,X279,X362,X464,X552,X645,X726,X757
297,X9,X15,X42,X64,X201,X233,X279,X362,X464,X552,X645,X726,X757
298,X9,X15,X42,X64,X201,X202,X233,X279,X362,X464,X552,X645,X757
299,X9,X15,X42,X64,X201,X202,X233,X279,X362,X464,X552,X645,X757
300,X9,X15,X42,X64,X201,X202,X233,X279,X362,X464,X552,X645,X757
301,X9,X15,X42,X64,X201,X202,X233,X279,X362,X464,X552,X645,X757
302,X9,X15,X42,X64,X201,X233,X279,X362,X464,X552,X645,X726,X757
303,X9,X15,X42,X64,X201,X233,X279,X362,X464,X552,X645,X726,X757
304,X9,X15,X42,X64,X201,X233,X279,X362,X464,X552,X645,X726,X757
305,X9,X15,X42,X64,X201,X233,X279,X362,X464,X552,X645,X726,X757
306,X9,X15,X42,X64,X201,X233,X279,X362,X464,X552,X645,X726,X757
307,X9,X15,X42,X64,X201,X233,X279,X362,X464,X552,X645,X726,X757
308,X9,X15,X42,X64,X201,X233,X279,X362,X464,X552,X645,X726,X757
309,X9,X15,X42,X64,X201,X233,X279,X362,X464,X552,X645,X726,X757
310,X9,X15,X42,X64,X201,X233,X279,X362,X464,X552,X645,X726,X757
311,X9,X15,X42,X64,X201,X233,X279,X362,X464,X552,X645,X726,X757
312,X9,X15,X42,X64,X201,X233,X279,X362,X464,X552,X645,X726,X757
313,X9,X15,X42,X64,X201,X233,X279,X362,X464,X552,X645,X726,X757
314,X9,X15,X42,X64,X201,X233,X279,X362,X464,X552,X645,X726,X757
315,X9,X15,X42,X64,X201,X233,X279,X362,X464,X552,X645,X726,X757
316,X9,X15,X42,X64,X201,X233,X279,X362,X464,X552,X645,X726,X757
317,X9,X15,X42,X64,X201,X233,X279,X362,X464,X552,X645,X726,X757
318,X9,X15,X42,X64,X201,X233,X279,X362,X464,X552,X645,X726,X757
319,X9,X15,X42,X64,X201,X233,X279,X362,X464,X552,X645,X726,X757
320,X9,X15,X42,X64,X201,X233,X279,X362,X464,X552,X645,X726,X757
321,X9,X15,X42,X64,X201,X233,X279,X362,X464,X552,X645,X726,X757
322,X9,X15,X42,X64,X201,X233,X279,X362,X464,X552,X645,X726,X757
323,X9,X15,X42,X64,X201,X233,X279,X362,X464,X552,X645,X726,X757
324,X9,X15,X42,X64,X201,X233,X279,X362,X464,X552,X645,X726,X757
325,X9,X15,X42,X64,X201,X233,X279,X362,X464,X552,X645,X726,X757
326,X9,X15,X42,X64,X201,X233,X279,X362,X449,X464,X552,X645,X757
327,X9,X15,X42,X64,X201,X233,X279,X362,X464,X552,X645,X726,X757
328,X9,X15,X42,X64,X201,X233,X279,X362,X464,X552,X645,X726,X757
329,X9,X15,X42,X64,X201,X233,X279,X362,X464,X552,X645,X726,X757
330,X9,X15,X42,X64,X201,X233,X279,X362,X464,X552,X645,X726,X757
331,X9,X15,X42,X64,X201,X233,X279,X362,X552,X645,X721,X726,X757
332,X9,X15,X42,X64,X201,X233,X279,X362,X464,X552,X645,X726,X757
333,X9,X15,X42,X64,X201,X233,X279,X362,X464,X552,X645,X726,X757
334,X9,X15,X42,X64,X201,X233,X279,X362,X464,X552,X645,X726,X757
335,X9,X15,X42,X64,X201,X233,X279,X362,X464,X552,X645,X726,X757
336,X9,X15,X42,X64,X201,X233,X279,X362,X464,X552,X645,X726,X757
337,X9,X15,X42,X64,X201,X233,X279,X362,X464,X552,X645,X726,X757
338,X9,X15,X42,X64,X201,X233,X279,X362,X464,X552,X645,X726,X757
339,X9,X15,X42,X64,X201,X233,X279,X362,X464,X552,X645,X726,X757
340,X9,X15,X42,X64,X201,X233,X279,X362,X464,X552,X645,X726,X757
341,X9,X15,X42,X64,X201,X233,X279,X362,X464,X552,X645,X726,X757
342,X9,X15,X42,X64,X201,X233,X279,X362,X464,X552,X645,X726,X757
343,X9,X15,X42,X64,X201,X233,X279,X362,X464,X552,X645,X726,X757
344,X9,X15,X42,X64,X201,X233,X279,X323,X362,X464,X552,X645,X726
345,X9,X15,X42,X64,X201,X233,X279,X362,X464,X552,X645,X726,X757
346,X9,X15,X42,X64,X201,X233,X279,X362,X464,X552,X645,X726,X757
347,X9,X15,X42,X64,X201,X233,X279,X362,X464,X552,X645,X726,X757
348,X9,X15,X42,X64,X201,X233,X279,X362,X464,X552,X645,X726,X757
349,X9,X15,X42,X64,X201,X233,X362,X464,X552,X645,X725,X726,X757
350,X9,X15,X42,X64,X201,X233,X279,X362,X538,X552,X645,X726,X757
351,X9,X15,X42,X64,X201,X233,X279,X362,X464,X552,X645,X726,X757
352,X9,X15,X42,X64,X201,X233,X279,X362,X464,X552,X645,X726,X757
353,X9,X15,X42,X64,X201,X233,X279,X362,X464,X552,X645,X726,X757
354,X9,X15,X42,X64,X201,X233,X279,X362,X464,X552,X645,X726,X757
355,X9,X15,X42,X64,X201,X233,X279,X362,X464,X552,X645,X726,X757
356,X9,X15,X42,X64,X201,X233,X279,X362,X464,X552,X645,X726,X757
357,X9,X15,X42,X64,X201,X233,X279,X362,X464,X552,X645,X726,X757
358,X9,X15,X42,X64,X201,X233,X279,X362,X464,X552,X645,X726,X757
359,X9,X15,X42,X64,X201,X233,X279,X362,X464,X552,X645,X726,X757
360,X9,X15,X42,X64,X201,X233,X279,X362,X464,X552,X645,X726,X757
361,X9,X15,X42,X64,X201,X233,X279,X362,X464,X552,X645,X726,X757
362,X9,X15,X42,X64,X201,X233,X279,X362,X464,X552,X645,X726,X757
363,X9,X15,X42,X64,X201,X233,X279,X362,X464,X552,X645,X726,X757
364,X9,X15,X42,X64,X201,X233,X279,X362,X464,X552,X645,X726,X757
365,X9,X15,X42,X64,X201,X233,X279,X362,X464,X552,X645,X726,X757
366,X9,X15,X42,X64,X201,X233,X279,X362,X404,X464,X645,X726,X757
367,X9,X15,X42,X64,X201,X233,X279,X362,X464,X552,X645,X726,X757
368,X9,X15,X42,X64,X201,X233,X279,X362,X464,X552,X645,X726,X757
369,X9,X15,X42,X64,X201,X233,X279,X362,X464,X552,X645,X726,X757
370,X9,X15,X42,X64,X201,X233,X251,X353,X362,X464,X645,X726,X757
371,X9,X15,X42,X64,X201,X233,X251,X353,X362,X464,X645,X726,X757
372,X9,X15,X42,X64,X201,X233,X251,X353,X362,X464,X645,X726,X757
373,X9,X15,X42,X64,X201,X233,X279,X353,X362,X464,X645,X726,X757
374,X9,X15,X42,X64,X201,X233,X251,X353,X362,X464,X645,X726,X757
375,X9,X15,X42,X64,X201,X233,X251,X353,X362,X464,X645,X726,X757
376,X9,X15,X42,X64,X201,X233,X251,X353,X362,X464,X645,X726,X757
377,X9,X15,X42,X64,X201,X233,X251,X353,X362,X464,X645,X726,X757
378,X9,X15,X42,X64,X201,X233,X251,X353,X362,X464,X645,X726,X757
379,X9,X15,X42,X64,X201,X233,X251,X353,X362,X464,X645,X726,X757
380,X9,X15,X42,X64,X201,X233,X251,X353,X362,X464,X645,X726,X757
381,X9,X15,X42,X64,X201,X233,X279,X353,X362,X464,X645,X726,X757
382,X9,X15,X42,X64,X201,X233,X279,X353,X362,X464,X645,X726,X757
383,X9,X15,X42,X64,X201,X233,X279,X362,X464,X552,X619,X645,X757
384,X9,X15,X42,X64,X201,X233,X279,X353,X362,X464,X645,X726,X757
385,X9,X15,X42,X64,X201,X233,X279,X353,X362,X464,X645,X726,X757
386,X9,X15,X42,X64,X201,X233,X279,X353,X362,X464,X645,X726,X757
387,X9,X15,X42,X64,X201,X233,X279,X353,X362,X464,X645,X726,X757
388,X9,X15,X42,X64,X201,X233,X279,X353,X362,X464,X645,X726,X757
389,X9,X15,X42,X64,X201,X233,X279,X353,X362,X464,X645,X726,X757
390,X9,X15,X42,X64,X201,X233,X279,X353,X362,X464,X645,X726,X757
391,X9,X15,X42,X64,X201,X233,X279,X362,X464,X552,X645,X726,X757
392,X9,X15,X42,X64,X201,X233,X279,X362,X464,X552,X645,X726,X757
393,X9,X15,X42,X64,X201,X233,X279,X362,X464,X552,X645,X726,X757
394,X9,X15,X42,X64,X201,X233,X279,X362,X464,X552,X645,X726,X757
395,X9,X15,X42,X64,X201,X233,X279,X362,X464,X552,X645,X726,X757
396,X9,X15,X42,X64,X201,X233,X279,X362,X464,X552,X645,X726,X757
397,X9,X15,X42,X64,X201,X233,X279,X362,X464,X552,X645,X726,X757
398,X9,X15,X42,X64,X201,X233,X279,X362,X464,X552,X645,X726,X757
399,X9,X15,X42,X64,X201,X233,X279,X362,X464,X552,X645,X726,X757
400,X9,X15,X42,X64,X201,X233,X279,X362,X464,X552,X645,X726,X757
401,X9,X15,X42,X64,X201,X233,X279,X362,X464,X552,X645,X726,X757
402,X9,X15,X42,X64,X201,X233,X279,X362,X464,X552,X645,X726,X757
403,X9,X15,X42,X64,X201,X233,X279,X362,X464,X552,X645,X726,X757
404,X9,X15,X42,X64,X201,X233,X279,X362,X464,X552,X645,X726,X757
405,X9,X15,X42,X64,X187,X201,X233,X279,X464,X552,X645,X726,X757
406,X9,X15,X42,X64,X201,X233,X279,X362,X399,X464,X645,X726,X757
407,X9,X15,X42,X64,X201,X202,X233,X279,X362,X464,X552,X645,X726
408,X9,X15,X42,X64,X201,X202,X233,X279,X362,X464,X552,X645,X726
409,X9,X15,X42,X64,X201,X233,X279,X362,X399,X464,X645,X726,X757
410,X9,X15,X42,X64,X201,X233,X279,X362,X399,X464,X645,X726,X757
411,X9,X15,X42,X64,X201,X233,X279,X362,X399,X464,X645,X726,X757
412,X9,X15,X42,X64,X201,X233,X279,X362,X399,X464,X645,X726,X757
413,X9,X15,X42,X64,X201,X233,X279,X362,X399,X464,X645,X726,X757
414,X9,X15,X42,X64,X201,X233,X279,X357,X362,X552,X645,X726,X757
415,X9,X15,X42,X64,X201,X233,X279,X357,X362,X552,X645,X726,X757
416,X9,X15,X42,X64,X201,X233,X279,X357,X362,X552,X645,X726,X757
417,X15,X42,X64,X180,X201,X233,X279,X357,X362,X552,X645,X726,X757
418,X9,X15,X42,X64,X201,X233,X279,X357,X362,X552,X645,X726,X757
419,X9,X15,X42,X64,X201,X233,X279,X357,X362,X552,X645,X726,X757
420,X9,X15,X42,X64,X201,X233,X279,X357,X362,X552,X645,X726,X757
421,X9,X15,X42,X64,X201,X233,X279,X357,X362,X552,X645,X726,X757
422,X9,X15,X42,X64,X201,X233,X279,X362,X464,X552,X645,X726,X757
423,X9,X15,X42,X64,X201,X233,X279,X362,X464,X552,X645,X726,X757
424,X9,X15,X42,X64,X201,X233,X279,X362,X464,X552,X645,X726,X757
425,X9,X15,X42,X64,X201,X233,X279,X362,X464,X552,X645,X726,X757
426,X9,X15,X42,X64,X201,X233,X279,X362,X464,X552,X645,X726,X757
427,X9,X15,X42,X64,X201,X233,X279,X362,X464,X552,X645,X726,X757
428,X9,X15,X42,X64,X201,X233,X279,X362,X464,X552,X645,X726,X757
429,X9,X15,X42,X64,X201,X233,X279,X323,X552,X645,X676,X726,X757
430,X9,X15,X42,X64,X201,X233,X279,X362,X464,X552,X645,X726,X757
431,X9,X15,X42,X64,X201,X233,X279,X362,X464,X552,X645,X726,X757
432,X9,X15,X42,X64,X201,X233,X279,X362,X464,X552,X645,X726,X757
433,X9,X15,X42,X64,X201,X233,X279,X362,X464,X552,X645,X726,X757
434,X9,X15,X42,X64,X201,X202,X233,X362,X464,X552,X645,X726,X757
435,X9,X15,X42,X64,X201,X202,X233,X362,X464,X552,X645,X726,X757
436,X9,X15,X42,X64,X201,X202,X233,X362,X464,X552,X645,X726,X757
437,X9,X15,X42,X64,X201,X202,X233,X362,X464,X552,X645,X726,X757
438,X9,X15,X42,X64,X201,X202,X233,X362,X464,X552,X645,X726,X757
439,X9,X15,X42,X64,X201,X202,X233,X362,X464,X552,X645,X726,X757
440,X9,X15,X42,X64,X201,X202,X233,X362,X464,X552,X645,X726,X757
441,X9,X15,X42,X64,X201,X202,X233,X362,X464,X552,X645,X726,X757
442,X9,X15,X42,X64,X201,X202,X233,X362,X464,X552,X645,X726,X757
443,X9,X15,X42,X64,X201,X202,X233,X362,X464,X552,X645,X726,X757
444,X9,X15,X42,X64,X201,X202,X233,X362,X464,X552,X645,X726,X757
445,X9,X15,X42,X64,X201,X202,X233,X362,X464,X552,X645,X726,X757
446,X9,X15,X42,X64,X201,X202,X233,X362,X464,X552,X645,X726,X757
447,X9,X15,X42,X64,X201,X202,X233,X362,X464,X552,X645,X726,X757
448,X9,X15,X42,X64,X201,X202,X233,X362,X464,X552,X645,X726,X757
449,X9,X15,X42,X64,X201,X202,X233,X357,X362,X464,X552,X645,X757
450,X9,X15,X42,X64,X201,X202,X233,X357,X362,X464,X552,X645,X757
