0,X164,X322,X388,X415,X436,X457,X517,X586,X634,X692,X705,X712,X749
1,X164,X322,X388,X415,X436,X457,X517,X586,X634,X692,X705,X712,X749
2,X43,X65,X71,X85,X284,X295,X326,X395,X486,X622,X640,X641,X652
3,X43,X65,X71,X85,X284,X295,X326,X395,X486,X622,X640,X641,X652
4,X42,X46,X135,X142,X258,X281,X289,X346,X362,X371,X436,X466,X536
5,X42,X46,X135,X142,X288,X356,X411,X423,X486,X622,X640,X641,X652
6,X43,X65,X71,X85,X284,X295,X326,X395,X407,X414,X461,X499,X612
7,X12,X42,X135,X142,X274,X293,X346,X353,X362,X371,X436,X466,X536
8,X12,X42,X102,X142,X208,X242,X245,X274,X407,X414,X461,X499,X612
9,X12,X42,X102,X142,X208,X242,X245,X274,X407,X414,X461,X499,X612
10,X12,X42,X102,X142,X208,X242,X274,X395,X486,X539,X622,X640,X652
11,X17,X42,X102,X142,X208,X242,X274,X395,X486,X539,X622,X640,X652
12,X12,X42,X135,X142,X288,X351,X413,X436,X486,X622,X640,X641,X652
13,X12,X42,X135,X142,X274,X293,X346,X362,X371,X413,X436,X466,X536
14,X12,X42,X135,X142,X274,X293,X346,X362,X371,X413,X436,X466,X536
15,X12,X42,X142,X206,X302,X356,X411,X423,X486,X622,X640,X641,X652
16,X12,X42,X135,X142,X274,X293,X351,X413,X436,X486,X622,X641,X652
17,X12,X42,X135,X142,X274,X293,X351,X413,X436,X486,X622,X641,X652
18,X12,X42,X135,X142,X274,X293,X351,X413,X436,X486,X622,X641,X652
19,X12,X42,X135,X142,X274,X293,X351,X413,X436,X486,X622,X641,X652
20,X42,X135,X142,X274,X293,X413,X436,X486,X502,X622,X640,X641,X652
21,X42,X135,X142,X274,X293,X413,X436,X486,X502,X622,X640,X641,X652
22,X42,X142,X206,X274,X293,X413,X436,X486,X502,X622,X640,X641,X652
23,X42,X135,X142,X231,X274,X351,X413,X436,X486,X622,X624,X641,X652
24,X42,X135,X142,X231,X274,X351,X413,X436,X486,X622,X624,X641,X652
25,X12,X42,X135,X142,X288,X413,X436,X458,X486,X516,X622,X640,X652
26,X42,X135,X142,X293,X436,X457,X486,X502,X622,X638,X640,X641,X652
27,X42,X135,X142,X293,X436,X457,X486,X502,X622,X638,X640,X641,X652
28,X42,X135,X142,X293,X436,X457,X486,X502,X622,X638,X640,X641,X652
29,X42,X135,X142,X293,X436,X457,X486,X502,X622,X638,X640,X641,X652
30,X42,X135,X142,X293,X436,X457,X486,X502,X622,X638,X640,X641,X652
31,X42,X135,X142,X293,X436,X457,X486,X502,X622,X638,X640,X641,X652
32,X42,X135,X142,X293,X436,X457,X486,X502,X622,X638,X640,X641,X652
33,X12,X14,X42,X135,X142,X250,X351,X413,X436,X486,X622,X641,X652
34,X12,X14,X42,X135,X142,X250,X351,X413,X436,X486,X622,X641,X652
35,X12,X14,X42,X135,X142,X250,X351,X413,X436,X486,X622,X641,X652
36,X12,X14,X42,X135,X142,X250,X351,X413,X436,X486,X622,X641,X652
37,X42,X92,X142,X274,X293,X331,X351,X413,X436,X486,X622,X641,X652
38,X12,X14,X42,X135,X142,X250,X351,X413,X436,X486,X622,X641,X652
39,X12,X14,X42,X135,X142,X250,X351,X413,X436,X486,X622,X641,X652
40,X12,X42,X135,X142,X274,X436,X486,X502,X622,X640,X641,X652,X758
41,X12,X14,X42,X135,X142,X250,X413,X436,X486,X502,X640,X641,X652
42,X12,X42,X135,X142,X274,X436,X486,X502,X622,X640,X641,X652,X758
43,X12,X42,X135,X142,X274,X436,X486,X502,X622,X640,X641,X652,X758
44,X12,X14,X42,X135,X142,X250,X413,X436,X486,X502,X640,X641,X652
45,X12,X14,X42,X135,X142,X250,X413,X436,X486,X502,X622,X641,X652
46,X12,X14,X42,X135,X142,X250,X413,X436,X486,X502,X640,X641,X652
47,X12,X14,X42,X135,X142,X250,X413,X436,X486,X502,X640,X641,X652
48,X12,X14,X42,X135,X142,X250,X413,X436,X486,X502,X640,X641,X652
49,X12,X14,X42,X135,X142,X250,X413,X436,X486,X502,X640,X641,X652
50,X12,X14,X42,X135,X142,X250,X413,X436,X486,X502,X640,X641,X652
51,X12,X42,X92,X135,X140,X142,X413,X436,X486,X502,X640,X641,X652
52,X12,X42,X92,X135,X140,X142,X413,X436,X486,X502,X640,X641,X652
53,X12,X135,X142,X206,X248,X343,X436,X486,X502,X622,X640,X652,X739
54,X12,X135,X142,X206,X248,X343,X436,X486,X502,X622,X640,X652,X739
55,X12,X135,X142,X206,X248,X343,X436,X486,X502,X622,X640,X652,X739
56,X32,X42,X142,X206,X248,X343,X436,X486,X502,X622,X640,X652,X739
57,X12,X14,X42,X135,X142,X250,X413,X436,X502,X622,X640,X652,X739
58,X42,X135,X142,X274,X351,X413,X436,X486,X502,X622,X640,X652,X739
59,X12,X42,X92,X135,X140,X142,X413,X436,X486,X502,X640,X641,X652
60,X42,X135,X142,X259,X274,X436,X502,X622,X640,X641,X642,X652,X758
61,X42,X135,X142,X206,X436,X486,X502,X622,X640,X641,X642,X652,X758
62,X12,X42,X142,X274,X338,X436,X486,X502,X622,X641,X642,X652,X758
63,X42,X135,X142,X206,X436,X473,X486,X622,X640,X641,X642,X652,X758
64,X42,X135,X142,X206,X436,X473,X486,X622,X640,X641,X642,X652,X758
65,X16,X42,X142,X259,X274,X436,X486,X502,X622,X640,X641,X652,X758
66,X42,X135,X142,X206,X436,X473,X486,X622,X640,X641,X642,X652,X758
67,X12,X42,X135,X142,X250,X436,X486,X622,X640,X641,X642,X652,X758
68,X42,X87,X135,X142,X259,X274,X351,X413,X436,X486,X502,X527,X640
69,X42,X87,X135,X142,X259,X274,X351,X413,X436,X502,X640,X645,X652
70,X12,X42,X142,X274,X436,X486,X502,X622,X641,X642,X652,X753,X758
71,X12,X42,X142,X231,X274,X338,X436,X486,X601,X622,X642,X652,X758
72,X12,X14,X42,X135,X142,X225,X250,X436,X486,X502,X640,X641,X652
73,X12,X14,X42,X135,X142,X225,X250,X436,X486,X502,X640,X641,X652
74,X12,X14,X42,X135,X140,X142,X436,X486,X502,X641,X642,X652,X758
75,X12,X42,X142,X274,X397,X436,X486,X502,X622,X641,X642,X652,X758
76,X12,X42,X142,X274,X397,X436,X486,X502,X622,X641,X642,X652,X758
77,X12,X42,X142,X274,X397,X436,X486,X502,X622,X641,X642,X652,X758
78,X12,X42,X142,X274,X397,X436,X486,X502,X622,X641,X642,X652,X758
79,X12,X42,X142,X274,X397,X436,X486,X502,X622,X641,X642,X652,X758
80,X12,X42,X142,X274,X397,X436,X486,X502,X622,X641,X642,X652,X758
81,X12,X42,X142,X274,X397,X436,X486,X502,X622,X641,X642,X652,X758
82,X12,X42,X142,X274,X397,X436,X486,X502,X622,X641,X642,X652,X758
83,X42,X142,X206,X248,X397,X436,X486,X502,X622,X641,X642,X652,X758
84,X12,X16,X42,X135,X142,X270,X436,X486,X502,X641,X642,X652,X758
85,X42,X142,X206,X248,X413,X436,X486,X491,X622,X641,X642,X652,X758
86,X12,X14,X42,X142,X274,X361,X436,X486,X622,X641,X642,X652,X667
87,X12,X14,X42,X51,X142,X225,X250,X436,X502,X594,X641,X642,X667
88,X12,X16,X42,X135,X142,X270,X436,X486,X502,X641,X642,X652,X758
89,X12,X42,X70,X135,X142,X270,X436,X486,X502,X641,X642,X652,X758
90,X12,X42,X142,X206,X409,X436,X486,X500,X502,X594,X641,X642,X667
91,X12,X42,X142,X206,X409,X436,X486,X500,X502,X594,X641,X642,X667
92,X42,X142,X206,X274,X413,X436,X486,X500,X502,X594,X641,X642,X667
93,X42,X142,X206,X248,X397,X436,X486,X500,X502,X594,X641,X642,X667
94,X42,X142,X206,X248,X397,X436,X486,X500,X502,X594,X641,X642,X667
95,X42,X142,X206,X274,X413,X436,X486,X500,X502,X594,X641,X642,X667
96,X12,X14,X42,X142,X413,X436,X486,X500,X502,X594,X596,X641,X642
97,X42,X142,X206,X248,X397,X436,X486,X500,X502,X594,X641,X642,X667
98,X12,X14,X42,X142,X413,X436,X486,X500,X502,X594,X596,X642,X696
99,X12,X14,X42,X135,X140,X142,X214,X370,X436,X502,X594,X641,X696
100,X12,X14,X42,X135,X140,X142,X214,X370,X436,X502,X594,X641,X696
101,X42,X142,X206,X248,X397,X436,X486,X502,X622,X642,X652,X736,X758
102,X42,X142,X206,X248,X397,X436,X486,X502,X622,X642,X652,X736,X758
103,X42,X142,X206,X248,X397,X436,X486,X502,X622,X642,X652,X736,X758
104,X42,X142,X206,X248,X397,X436,X486,X502,X622,X642,X652,X736,X758
105,X42,X142,X206,X248,X397,X436,X486,X502,X622,X642,X652,X736,X758
106,X42,X142,X206,X248,X397,X436,X486,X502,X622,X642,X652,X736,X758
107,X42,X142,X206,X248,X397,X436,X486,X502,X622,X642,X652,X736,X758
108,X42,X142,X206,X248,X397,X436,X486,X502,X622,X642,X652,X736,X758
109,X42,X142,X206,X248,X397,X436,X486,X502,X622,X642,X652,X736,X758
110,X42,X142,X206,X248,X397,X436,X486,X502,X622,X642,X652,X736,X758
111,X42,X142,X206,X248,X397,X436,X486,X502,X622,X642,X652,X736,X758
112,X42,X142,X206,X248,X397,X436,X486,X502,X622,X642,X652,X736,X758
113,X42,X142,X206,X248,X397,X436,X486,X502,X622,X642,X652,X736,X758
114,X42,X142,X206,X248,X397,X436,X486,X502,X622,X642,X652,X736,X758
115,X42,X142,X248,X397,X436,X486,X502,X622,X642,X652,X720,X736,X758
116,X42,X142,X248,X397,X436,X486,X502,X622,X642,X652,X720,X736,X758
117,X42,X142,X248,X397,X436,X486,X502,X622,X642,X652,X720,X736,X758
118,X42,X142,X248,X397,X436,X486,X502,X622,X642,X652,X720,X736,X758
119,X42,X142,X248,X397,X436,X486,X502,X622,X642,X652,X720,X736,X758
120,X42,X142,X248,X397,X436,X486,X502,X622,X642,X652,X720,X736,X758
121,X42,X142,X248,X397,X436,X486,X502,X622,X642,X652,X720,X736,X758
122,X42,X142,X248,X397,X436,X486,X502,X622,X642,X652,X720,X736,X758
123,X42,X142,X248,X397,X436,X486,X502,X622,X642,X652,X720,X736,X758
124,X42,X142,X248,X397,X436,X486,X502,X622,X642,X652,X720,X736,X758
125,X42,X142,X248,X397,X436,X486,X502,X622,X642,X652,X720,X736,X758
126,X42,X142,X248,X397,X436,X486,X502,X622,X642,X652,X720,X736,X758
127,X42,X142,X248,X397,X436,X486,X502,X622,X642,X652,X720,X736,X758
128,X42,X142,X248,X397,X436,X486,X502,X594,X622,X642,X652,X672,X747
129,X42,X142,X248,X397,X436,X486,X502,X594,X622,X642,X652,X672,X747
130,X42,X142,X206,X248,X379,X397,X436,X500,X502,X594,X641,X642,X747
131,X42,X142,X206,X248,X379,X397,X436,X500,X502,X594,X641,X642,X747
132,X42,X142,X206,X248,X397,X486,X502,X594,X622,X642,X652,X700,X747
133,X42,X142,X206,X248,X379,X397,X436,X500,X502,X594,X641,X642,X747
134,X42,X142,X206,X248,X379,X397,X436,X500,X502,X594,X641,X642,X747
135,X42,X142,X206,X248,X379,X397,X436,X500,X502,X594,X622,X642,X747
136,X42,X142,X206,X248,X397,X436,X486,X502,X594,X641,X642,X747,X758
137,X42,X142,X206,X248,X397,X436,X486,X502,X594,X641,X642,X747,X758
138,X42,X142,X206,X248,X397,X436,X486,X502,X594,X641,X642,X747,X758
139,X42,X142,X206,X248,X397,X436,X486,X502,X594,X641,X642,X747,X758
140,X42,X142,X206,X248,X397,X436,X486,X502,X594,X641,X642,X747,X758
141,X42,X142,X206,X248,X397,X436,X502,X594,X634,X641,X642,X747,X758
142,X42,X142,X206,X248,X397,X436,X502,X554,X594,X641,X642,X747,X758
143,X42,X142,X206,X248,X397,X436,X486,X502,X594,X641,X642,X747,X758
144,X42,X142,X206,X248,X397,X436,X485,X502,X594,X622,X642,X652,X747
145,X42,X142,X206,X248,X397,X436,X485,X502,X594,X622,X642,X652,X747
146,X42,X142,X206,X248,X397,X436,X486,X502,X594,X641,X642,X747,X758
147,X42,X142,X206,X248,X397,X436,X486,X502,X594,X641,X642,X747,X758
148,X42,X142,X206,X248,X397,X436,X486,X502,X594,X641,X642,X747,X758
149,X42,X142,X206,X248,X397,X436,X486,X502,X594,X641,X642,X747,X758
150,X42,X142,X206,X248,X397,X436,X486,X502,X594,X641,X642,X747,X758
151,X42,X142,X206,X248,X397,X436,X486,X502,X622,X642,X652,X736,X758
152,X42,X142,X206,X248,X397,X436,X486,X502,X594,X641,X642,X747,X758
153,X42,X142,X206,X248,X397,X436,X486,X502,X594,X641,X642,X747,X758
154,X42,X142,X206,X248,X379,X397,X436,X502,X622,X642,X652,X720,X736
155,X42,X142,X206,X248,X379,X397,X436,X502,X622,X642,X652,X720,X736
156,X42,X142,X206,X248,X379,X397,X436,X502,X622,X642,X652,X720,X736
157,X42,X142,X206,X248,X397,X436,X486,X502,X622,X642,X652,X736,X758
158,X42,X142,X206,X248,X397,X436,X486,X502,X622,X642,X652,X736,X758
159,X42,X142,X206,X248,X379,X397,X436,X502,X622,X642,X652,X720,X736
160,X42,X142,X206,X248,X397,X436,X486,X502,X622,X642,X720,X736,X755
161,X42,X142,X206,X397,X436,X486,X502,X622,X642,X652,X663,X720,X736
162,X42,X142,X206,X248,X272,X397,X436,X502,X622,X642,X652,X720,X736
163,X42,X142,X206,X248,X272,X397,X436,X502,X622,X642,X652,X720,X736
164,X42,X129,X142,X206,X248,X397,X436,X486,X502,X612,X652,X720,X736
165,X42,X142,X206,X397,X436,X486,X502,X622,X642,X652,X663,X720,X736
166,X42,X142,X206,X397,X436,X486,X502,X622,X642,X652,X663,X720,X736
167,X42,X142,X206,X397,X436,X486,X502,X622,X642,X652,X663,X720,X736
168,X42,X142,X206,X248,X436,X502,X585,X622,X642,X652,X720,X736,X755
169,X42,X142,X206,X248,X397,X436,X502,X599,X622,X642,X652,X720,X736
170,X42,X142,X206,X397,X436,X486,X502,X622,X642,X652,X663,X720,X736
171,X42,X142,X206,X397,X436,X486,X502,X622,X642,X652,X663,X720,X736
172,X42,X142,X206,X397,X436,X486,X502,X622,X642,X652,X663,X720,X736
173,X42,X142,X206,X397,X436,X486,X502,X622,X642,X652,X663,X720,X736
174,X42,X142,X206,X397,X436,X486,X502,X622,X642,X652,X663,X720,X736
175,X42,X142,X206,X397,X436,X486,X502,X622,X642,X652,X663,X720,X736
176,X42,X142,X206,X397,X436,X486,X502,X622,X642,X652,X663,X720,X736
177,X42,X142,X206,X248,X397,X436,X486,X502,X639,X642,X652,X720,X736
178,X42,X142,X206,X248,X397,X436,X486,X502,X639,X642,X652,X720,X736
179,X42,X142,X206,X248,X397,X436,X486,X502,X639,X642,X652,X720,X736
180,X42,X142,X206,X248,X397,X436,X486,X502,X639,X642,X652,X720,X736
181,X42,X142,X206,X248,X397,X436,X486,X502,X639,X642,X652,X720,X736
182,X42,X142,X206,X248,X397,X436,X468,X502,X639,X642,X652,X736,X755
183,X42,X142,X206,X248,X397,X436,X468,X502,X639,X642,X652,X736,X755
184,X42,X142,X206,X248,X397,X436,X468,X502,X639,X642,X652,X736,X755
185,X42,X142,X206,X248,X397,X436,X468,X502,X639,X642,X652,X736,X755
186,X42,X142,X206,X248,X397,X436,X468,X502,X639,X642,X652,X736,X755
187,X42,X142,X206,X248,X397,X436,X468,X502,X639,X642,X652,X736,X755
188,X42,X142,X206,X248,X397,X436,X468,X502,X639,X642,X652,X736,X755
189,X42,X142,X206,X248,X397,X436,X468,X502,X639,X642,X652,X736,X755
190,X42,X142,X206,X248,X397,X436,X468,X502,X639,X642,X652,X736,X755
191,X42,X142,X206,X248,X397,X436,X468,X502,X639,X642,X652,X736,X755
192,X42,X142,X206,X248,X397,X436,X468,X502,X639,X642,X652,X736,X755
193,X42,X142,X206,X248,X397,X436,X468,X502,X639,X642,X652,X736,X755
194,X42,X142,X206,X248,X397,X436,X502,X516,X639,X642,X652,X720,X736
195,X42,X142,X206,X248,X397,X436,X502,X516,X639,X642,X652,X720,X736
196,X42,X142,X206,X248,X379,X397,X425,X436,X639,X642,X652,X720,X736
197,X42,X142,X206,X248,X356,X397,X436,X502,X639,X642,X652,X720,X736
198,X42,X142,X206,X248,X356,X397,X436,X502,X639,X642,X652,X720,X736
199,X42,X142,X206,X248,X356,X397,X436,X502,X639,X642,X652,X720,X736
200,X42,X142,X206,X248,X356,X397,X436,X502,X639,X642,X652,X720,X736
201,X42,X142,X206,X248,X356,X397,X436,X502,X639,X642,X652,X720,X736
202,X42,X142,X206,X248,X356,X397,X436,X502,X639,X642,X652,X720,X736
203,X42,X142,X206,X248,X356,X397,X436,X502,X639,X642,X652,X720,X736
204,X42,X142,X206,X248,X356,X436,X486,X502,X639,X642,X652,X720,X736
205,X42,X142,X206,X248,X356,X436,X486,X502,X639,X642,X652,X720,X736
206,X42,X142,X206,X248,X356,X394,X397,X436,X502,X639,X642,X652,X720
207,X42,X142,X206,X248,X356,X394,X397,X436,X502,X639,X642,X652,X720
208,X42,X142,X206,X248,X356,X436,X486,X502,X639,X642,X652,X720,X736
209,X42,X142,X206,X248,X356,X436,X486,X502,X639,X642,X652,X720,X736
210,X42,X142,X206,X248,X356,X436,X486,X502,X639,X642,X652,X720,X736
211,X42,X142,X206,X248,X356,X436,X502,X627,X639,X642,X652,X720,X736
212,X42,X142,X206,X248,X356,X436,X502,X627,X639,X642,X652,X720,X736
213,X42,X142,X206,X248,X356,X436,X502,X627,X639,X642,X652,X720,X736
214,X42,X142,X206,X248,X356,X436,X502,X627,X639,X642,X652,X720,X736
215,X42,X142,X206,X356,X418,X436,X502,X627,X639,X642,X652,X720,X736
216,X42,X142,X206,X248,X356,X436,X486,X502,X639,X642,X652,X720,X736
217,X42,X142,X206,X248,X356,X436,X486,X502,X639,X642,X652,X720,X736
218,X42,X142,X206,X248,X356,X436,X486,X502,X639,X642,X652,X720,X736
219,X42,X142,X206,X248,X356,X436,X486,X502,X639,X642,X652,X720,X736
220,X42,X142,X206,X248,X356,X436,X486,X502,X639,X642,X652,X720,X736
221,X42,X142,X206,X248,X356,X436,X486,X502,X639,X642,X652,X720,X736
222,X42,X142,X206,X248,X356,X436,X486,X502,X639,X642,X652,X720,X736
223,X42,X142,X206,X248,X356,X436,X486,X502,X639,X642,X652,X720,X736
224,X42,X142,X206,X248,X356,X436,X486,X502,X639,X642,X652,X720,X736
225,X42,X142,X206,X248,X356,X436,X486,X502,X639,X642,X652,X720,X736
226,X34,X42,X142,X206,X248,X356,X436,X502,X639,X642,X652,X720,X736
227,X34,X42,X142,X206,X248,X356,X436,X502,X639,X642,X652,X720,X736
228,X34,X42,X142,X206,X248,X356,X436,X502,X639,X642,X652,X720,X736
229,X34,X42,X142,X206,X248,X356,X436,X502,X639,X642,X652,X720,X736
230,X42,X77,X142,X206,X248,X356,X436,X502,X639,X642,X652,X720,X736
231,X42,X77,X142,X206,X248,X356,X436,X502,X639,X642,X652,X720,X736
232,X42,X77,X142,X206,X248,X356,X436,X502,X639,X642,X652,X720,X736
233,X42,X142,X248,X326,X356,X436,X486,X502,X639,X642,X652,X720,X736
234,X42,X142,X248,X326,X356,X436,X486,X502,X639,X642,X652,X720,X736
235,X42,X142,X248,X326,X356,X436,X486,X502,X639,X642,X652,X720,X736
236,X42,X142,X206,X248,X356,X436,X486,X502,X639,X642,X652,X720,X736
237,X42,X142,X206,X248,X356,X436,X486,X502,X639,X642,X652,X720,X736
238,X42,X142,X206,X248,X356,X436,X486,X502,X639,X642,X652,X720,X736
239,X42,X142,X206,X248,X356,X397,X436,X502,X547,X639,X642,X652,X720
240,X42,X142,X206,X248,X356,X436,X486,X502,X639,X642,X652,X720,X736
241,X42,X142,X206,X248,X356,X436,X486,X502,X639,X642,X652,X720,X736
242,X42,X142,X206,X248,X356,X436,X486,X502,X639,X642,X652,X720,X736
243,X42,X142,X206,X248,X356,X436,X486,X502,X639,X642,X652,X720,X736
244,X42,X142,X206,X248,X356,X436,X486,X502,X639,X642,X652,X720,X736
245,X42,X142,X206,X248,X356,X436,X486,X502,X639,X642,X652,X720,X736
246,X42,X142,X206,X248,X356,X436,X486,X502,X639,X642,X652,X720,X736
247,X42,X79,X142,X206,X248,X356,X397,X436,X502,X639,X642,X720,X736
248,X42,X79,X142,X206,X248,X356,X397,X436,X502,X639,X642,X720,X736
249,X42,X142,X206,X248,X356,X436,X486,X502,X639,X642,X652,X720,X736
250,X42,X142,X206,X248,X356,X436,X486,X502,X639,X642,X652,X720,X736
251,X42,X77,X142,X206,X248,X356,X436,X502,X639,X642,X652,X720,X736
252,X42,X77,X142,X206,X248,X356,X436,X502,X639,X642,X652,X720,X736
253,X42,X77,X142,X206,X248,X356,X436,X502,X639,X642,X652,X720,X736
254,X42,X77,X142,X206,X248,X356,X436,X502,X639,X642,X652,X720,X736
255,X42,X77,X142,X206,X248,X356,X436,X502,X639,X642,X652,X720,X736
256,X42,X77,X142,X206,X248,X356,X436,X502,X639,X642,X652,X720,X736
257,X42,X77,X142,X206,X248,X356,X436,X502,X639,X642,X652,X720,X736
258,X42,X77,X142,X206,X248,X356,X436,X502,X639,X642,X652,X720,X736
259,X42,X77,X142,X206,X248,X356,X436,X502,X639,X642,X652,X720,X736
260,X42,X77,X142,X206,X248,X356,X436,X502,X639,X642,X652,X720,X736
261,X42,X77,X142,X206,X248,X356,X436,X502,X639,X642,X652,X720,X736
262,X42,X77,X142,X206,X248,X356,X436,X502,X639,X642,X652,X720,X736
263,X42,X77,X142,X206,X248,X356,X436,X502,X639,X642,X652,X720,X736
264,X42,X77,X142,X206,X248,X356,X436,X502,X639,X642,X652,X720,X736
265,X42,X77,X142,X206,X248,X356,X436,X502,X639,X642,X652,X720,X736
266,X42,X77,X142,X206,X248,X356,X436,X502,X639,X642,X652,X720,X736
267,X42,X77,X142,X206,X248,X356,X436,X502,X639,X642,X652,X720,X736
268,X42,X77,X142,X206,X248,X356,X436,X502,X619,X639,X642,X720,X736
269,X42,X77,X142,X206,X248,X356,X436,X502,X619,X639,X642,X720,X736
270,X42,X77,X142,X206,X248,X356,X436,X502,X619,X639,X642,X720,X736
271,X42,X77,X142,X206,X248,X356,X436,X502,X619,X639,X642,X720,X736
272,X42,X77,X142,X206,X248,X356,X436,X502,X619,X639,X642,X720,X736
273,X42,X77,X142,X206,X248,X356,X436,X502,X619,X639,X642,X720,X736
274,X42,X77,X142,X206,X248,X356,X436,X502,X639,X642,X652,X720,X736
275,X42,X77,X142,X206,X248,X356,X436,X502,X639,X642,X652,X720,X736
276,X42,X77,X142,X206,X248,X356,X436,X502,X639,X642,X652,X720,X736
277,X42,X77,X142,X206,X208,X248,X356,X436,X502,X639,X642,X652,X736
278,X42,X77,X142,X206,X208,X248,X356,X436,X502,X639,X642,X652,X736
279,X42,X77,X142,X206,X208,X248,X356,X436,X502,X639,X642,X652,X736
280,X42,X77,X142,X206,X208,X248,X356,X436,X502,X639,X642,X652,X736
281,X42,X77,X142,X206,X208,X248,X356,X436,X502,X639,X642,X652,X736
282,X42,X77,X142,X206,X208,X248,X356,X436,X502,X639,X642,X652,X736
283,X42,X77,X142,X206,X208,X248,X356,X436,X502,X639,X642,X652,X736
284,X42,X77,X142,X206,X208,X248,X356,X436,X502,X639,X642,X652,X736
285,X42,X77,X142,X206,X208,X248,X356,X436,X502,X639,X642,X652,X736
286,X42,X77,X142,X206,X208,X248,X356,X436,X502,X639,X642,X652,X736
287,X42,X77,X142,X206,X208,X248,X356,X436,X502,X639,X642,X652,X736
288,X42,X77,X142,X206,X208,X248,X356,X436,X502,X639,X642,X652,X736
289,X42,X77,X142,X206,X208,X248,X356,X436,X502,X639,X642,X652,X736
290,X42,X77,X142,X206,X208,X248,X356,X436,X502,X639,X642,X652,X736
291,X42,X77,X142,X206,X208,X248,X356,X436,X502,X639,X642,X652,X736
292,X42,X77,X142,X206,X208,X248,X356,X436,X502,X639,X642,X652,X736
293,X42,X77,X142,X206,X208,X248,X356,X436,X502,X639,X642,X652,X736
294,X42,X77,X142,X206,X219,X248,X356,X436,X502,X605,X639,X642,X736
295,X42,X77,X142,X206,X248,X356,X436,X458,X502,X639,X642,X652,X736
296,X42,X77,X142,X206,X248,X356,X436,X458,X502,X639,X642,X652,X736
297,X42,X77,X142,X206,X248,X356,X436,X458,X502,X639,X642,X652,X736
298,X42,X77,X142,X206,X248,X356,X436,X458,X502,X639,X642,X652,X736
299,X42,X77,X142,X206,X208,X248,X356,X436,X502,X639,X642,X652,X736
300,X42,X77,X142,X206,X208,X248,X356,X436,X502,X639,X642,X652,X736
301,X42,X77,X142,X206,X208,X248,X356,X436,X502,X639,X642,X652,X736
302,X42,X77,X142,X206,X248,X356,X436,X458,X502,X639,X642,X652,X736
303,X42,X77,X142,X206,X208,X248,X356,X436,X502,X639,X642,X652,X736
304,X42,X77,X142,X206,X208,X248,X356,X436,X502,X639,X642,X652,X736
305,X42,X77,X142,X206,X208,X248,X356,X436,X502,X639,X642,X652,X736
306,X42,X77,X142,X206,X208,X248,X356,X436,X502,X639,X642,X652,X736
307,X42,X77,X142,X206,X248,X356,X436,X458,X502,X639,X642,X652,X736
308,X42,X77,X142,X206,X208,X248,X356,X436,X502,X639,X642,X652,X736
309,X42,X77,X142,X143,X206,X248,X356,X436,X502,X639,X642,X652,X736
310,X42,X77,X142,X143,X206,X248,X356,X436,X502,X639,X642,X652,X736
311,X42,X77,X142,X143,X206,X248,X356,X436,X502,X639,X642,X652,X736
312,X42,X77,X142,X143,X206,X248,X356,X436,X502,X639,X642,X652,X736
313,X42,X77,X142,X206,X208,X248,X356,X436,X502,X639,X642,X652,X736
314,X42,X77,X142,X206,X208,X248,X356,X436,X502,X639,X642,X652,X736
315,X42,X77,X142,X206,X208,X248,X356,X436,X502,X639,X642,X652,X736
316,X42,X77,X142,X206,X248,X356,X436,X502,X609,X639,X642,X652,X736
317,X42,X77,X142,X206,X248,X356,X436,X502,X609,X639,X642,X652,X736
318,X42,X77,X142,X206,X208,X248,X356,X436,X502,X639,X642,X652,X736
319,X42,X77,X142,X206,X208,X248,X356,X436,X502,X639,X642,X652,X736
320,X42,X77,X142,X206,X208,X248,X356,X436,X502,X639,X642,X652,X736
321,X42,X77,X142,X206,X208,X248,X356,X436,X502,X639,X642,X652,X736
322,X42,X77,X142,X171,X248,X356,X436,X502,X516,X639,X642,X652,X736
323,X42,X77,X142,X206,X208,X248,X356,X436,X502,X639,X642,X652,X736
324,X42,X77,X142,X206,X208,X248,X356,X436,X502,X639,X642,X652,X736
325,X42,X77,X142,X206,X208,X248,X356,X436,X502,X639,X642,X652,X736
326,X42,X77,X142,X206,X208,X248,X356,X436,X502,X639,X642,X652,X736
327,X42,X77,X142,X206,X208,X248,X356,X436,X502,X639,X642,X652,X736
328,X42,X142,X190,X206,X248,X355,X356,X436,X502,X639,X642,X652,X736
329,X42,X142,X190,X206,X248,X355,X356,X436,X502,X639,X642,X652,X736
330,X42,X77,X142,X206,X248,X355,X356,X436,X502,X639,X642,X652,X736
331,X42,X77,X142,X206,X248,X355,X356,X436,X502,X639,X642,X652,X736
332,X42,X77,X142,X206,X208,X248,X356,X436,X502,X639,X642,X652,X736
333,X42,X77,X142,X206,X208,X248,X356,X436,X502,X639,X642,X652,X736
334,X42,X77,X142,X206,X208,X248,X356,X436,X502,X639,X642,X652,X736
335,X42,X77,X142,X206,X208,X248,X356,X436,X502,X639,X642,X652,X736
336,X42,X77,X142,X206,X248,X356,X436,X499,X502,X639,X642,X652,X736
337,X21,X42,X77,X142,X206,X248,X356,X436,X502,X639,X642,X652,X736
338,X21,X42,X77,X142,X206,X248,X356,X436,X502,X639,X642,X652,X736
339,X21,X42,X77,X142,X206,X248,X356,X436,X502,X639,X642,X652,X736
340,X21,X42,X77,X142,X206,X248,X356,X436,X502,X639,X642,X652,X736
341,X21,X42,X77,X142,X206,X248,X356,X436,X502,X639,X642,X652,X736
342,X21,X42,X77,X142,X206,X248,X356,X436,X502,X639,X642,X652,X736
343,X21,X42,X104,X142,X206,X248,X356,X436,X502,X639,X642,X652,X736
344,X21,X42,X104,X142,X206,X248,X356,X436,X502,X639,X642,X652,X736
345,X21,X42,X104,X142,X206,X248,X356,X436,X502,X639,X642,X652,X736
346,X21,X42,X104,X142,X206,X248,X356,X436,X502,X639,X642,X652,X736
347,X21,X42,X104,X142,X206,X248,X356,X436,X502,X639,X642,X652,X736
348,X21,X42,X104,X142,X206,X248,X356,X436,X502,X639,X642,X652,X736
349,X21,X42,X104,X142,X206,X248,X356,X436,X502,X639,X642,X652,X736
350,X21,X42,X104,X142,X206,X248,X356,X436,X502,X639,X642,X652,X736
351,X21,X42,X104,X142,X206,X248,X356,X436,X502,X639,X642,X652,X736
352,X42,X77,X142,X206,X208,X248,X356,X436,X502,X639,X642,X652,X736
353,X42,X77,X142,X206,X248,X356,X360,X436,X502,X639,X642,X652,X736
354,X42,X77,X142,X206,X248,X356,X360,X436,X502,X639,X642,X652,X736
355,X42,X77,X142,X206,X248,X356,X360,X436,X502,X639,X642,X652,X736
356,X42,X77,X142,X206,X248,X356,X360,X436,X502,X639,X642,X652,X736
357,X42,X77,X142,X206,X248,X356,X360,X436,X502,X639,X642,X652,X736
358,X42,X77,X142,X206,X248,X356,X360,X436,X502,X639,X642,X652,X736
359,X42,X77,X142,X206,X248,X356,X360,X436,X502,X639,X642,X652,X736
360,X42,X77,X142,X206,X248,X356,X360,X436,X502,X639,X642,X652,X736
361,X21,X42,X77,X142,X206,X248,X356,X436,X502,X639,X642,X652,X736
362,X42,X77,X142,X206,X248,X356,X360,X436,X502,X639,X642,X652,X736
363,X21,X42,X77,X142,X206,X248,X356,X436,X502,X639,X642,X652,X736
364,X21,X42,X142,X206,X248,X356,X360,X436,X502,X639,X642,X652,X736
365,X21,X42,X142,X206,X248,X356,X360,X436,X502,X639,X642,X652,X736
366,X21,X42,X142,X206,X248,X356,X360,X436,X502,X639,X642,X652,X736
367,X21,X42,X142,X206,X248,X356,X360,X436,X502,X639,X642,X652,X736
368,X21,X42,X142,X206,X248,X356,X360,X436,X502,X639,X642,X652,X736
369,X21,X42,X142,X206,X248,X356,X360,X436,X502,X639,X642,X652,X736
370,X21,X42,X142,X206,X248,X356,X360,X436,X502,X639,X642,X652,X736
371,X21,X42,X142,X206,X248,X356,X360,X436,X502,X639,X642,X652,X736
372,X42,X77,X142,X206,X248,X356,X360,X436,X502,X639,X642,X652,X736
373,X21,X42,X142,X206,X248,X356,X360,X436,X502,X639,X642,X652,X736
374,X21,X42,X142,X206,X248,X356,X360,X436,X502,X639,X642,X652,X736
375,X21,X42,X142,X206,X248,X356,X360,X436,X502,X639,X642,X652,X736
376,X21,X42,X142,X206,X248,X356,X425,X436,X502,X639,X642,X652,X736
377,X21,X42,X142,X206,X248,X356,X425,X436,X502,X639,X642,X652,X736
378,X21,X42,X142,X206,X248,X356,X425,X436,X502,X639,X642,X652,X736
379,X42,X77,X142,X206,X248,X356,X360,X436,X502,X639,X642,X652,X736
380,X42,X77,X142,X206,X248,X356,X360,X436,X502,X639,X642,X652,X736
381,X21,X42,X142,X206,X248,X356,X360,X436,X502,X639,X642,X652,X736
382,X21,X42,X142,X206,X248,X356,X360,X436,X502,X639,X642,X652,X736
383,X21,X42,X142,X206,X248,X356,X360,X436,X502,X639,X642,X652,X736
384,X42,X77,X142,X206,X248,X356,X360,X436,X502,X639,X642,X652,X736
385,X42,X77,X142,X206,X248,X356,X360,X436,X502,X639,X642,X652,X736
386,X42,X77,X142,X206,X248,X356,X360,X436,X502,X639,X642,X652,X736
387,X21,X42,X142,X206,X248,X356,X360,X436,X502,X639,X642,X652,X736
388,X21,X42,X104,X142,X248,X356,X360,X436,X502,X639,X642,X652,X736
389,X21,X42,X104,X142,X248,X356,X360,X436,X502,X639,X642,X652,X736
390,X21,X42,X142,X206,X248,X356,X360,X436,X502,X639,X642,X652,X736
391,X21,X42,X104,X142,X248,X356,X360,X436,X502,X639,X642,X652,X736
392,X21,X42,X142,X206,X248,X356,X360,X436,X502,X639,X642,X652,X736
393,X21,X42,X142,X206,X248,X356,X360,X436,X502,X639,X642,X652,X736
394,X21,X42,X142,X206,X248,X356,X360,X436,X502,X639,X642,X652,X736
395,X21,X42,X142,X206,X248,X356,X360,X436,X502,X639,X642,X652,X736
396,X21,X42,X142,X206,X248,X356,X360,X436,X502,X639,X642,X652,X736
397,X21,X42,X142,X206,X248,X356,X360,X436,X502,X639,X642,X652,X736
398,X21,X42,X142,X206,X248,X356,X360,X436,X502,X639,X642,X652,X736
399,X21,X42,X142,X206,X248,X356,X360,X436,X502,X639,X642,X652,X736
400,X21,X42,X142,X206,X248,X356,X360,X436,X502,X639,X642,X652,X736
401,X21,X42,X142,X206,X248,X356,X360,X436,X502,X639,X642,X652,X736
402,X21,X42,X104,X142,X248,X356,X360,X436,X502,X639,X642,X652,X736
403,X42,X77,X142,X206,X248,X356,X360,X436,X502,X639,X642,X652,X736
404,X42,X77,X142,X206,X248,X356,X360,X436,X502,X639,X642,X652,X736
405,X21,X42,X142,X248,X259,X356,X360,X436,X502,X639,X642,X652,X736
406,X21,X42,X142,X248,X259,X356,X360,X436,X502,X639,X642,X652,X736
407,X21,X42,X142,X206,X248,X356,X360,X436,X502,X639,X642,X652,X736
408,X42,X77,X142,X206,X248,X356,X360,X436,X502,X639,X642,X652,X736
409,X42,X77,X142,X206,X248,X356,X360,X436,X502,X639,X642,X652,X736
410,X21,X42,X142,X206,X248,X356,X360,X436,X502,X639,X642,X652,X736
411,X21,X42,X142,X206,X248,X356,X360,X436,X502,X639,X642,X652,X736
412,X21,X42,X142,X206,X248,X356,X360,X436,X502,X639,X642,X652,X736
413,X21,X42,X142,X206,X248,X356,X360,X436,X502,X639,X642,X652,X736
414,X21,X42,X142,X206,X248,X356,X360,X436,X502,X639,X642,X652,X736
415,X21,X42,X142,X206,X248,X356,X360,X436,X502,X639,X642,X652,X736
416,X21,X42,X142,X206,X248,X356,X360,X436,X502,X639,X642,X652,X736
417,X21,X42,X142,X206,X248,X356,X360,X436,X502,X639,X642,X652,X736
418,X21,X42,X142,X206,X248,X356,X360,X436,X502,X639,X642,X652,X736
419,X21,X42,X142,X206,X248,X356,X360,X436,X502,X639,X642,X652,X736
420,X21,X42,X142,X206,X248,X356,X360,X436,X502,X639,X642,X652,X736
421,X21,X42,X142,X206,X248,X356,X360,X436,X502,X639,X642,X652,X736
422,X21,X42,X142,X206,X248,X356,X360,X436,X502,X639,X642,X652,X736
423,X21,X42,X142,X206,X248,X356,X360,X436,X502,X639,X642,X652,X736
424,X21,X42,X142,X206,X248,X356,X360,X436,X502,X639,X642,X652,X736
425,X21,X42,X142,X206,X248,X356,X360,X436,X502,X639,X642,X652,X736
426,X21,X42,X142,X206,X248,X356,X360,X436,X502,X639,X642,X652,X736
427,X21,X42,X142,X206,X248,X356,X360,X436,X502,X639,X642,X652,X736
428,X21,X42,X142,X206,X248,X356,X360,X436,X502,X639,X642,X652,X736
429,X21,X42,X142,X206,X248,X356,X360,X436,X502,X639,X642,X652,X736
430,X21,X42,X142,X206,X248,X356,X360,X436,X502,X639,X642,X652,X736
431,X21,X42,X142,X206,X248,X356,X360,X436,X502,X639,X642,X652,X736
432,X21,X42,X142,X206,X248,X356,X360,X436,X502,X639,X642,X652,X736
433,X21,X42,X142,X206,X248,X356,X360,X436,X502,X639,X642,X652,X736
434,X21,X42,X142,X206,X248,X356,X360,X436,X502,X639,X642,X652,X736
435,X21,X42,X142,X206,X248,X356,X360,X436,X502,X639,X642,X652,X736
436,X21,X42,X142,X206,X248,X356,X360,X436,X502,X639,X642,X652,X736
437,X21,X42,X142,X206,X248,X356,X360,X436,X502,X639,X642,X652,X736
438,X21,X42,X142,X206,X248,X356,X360,X436,X502,X639,X642,X652,X736
439,X21,X42,X142,X206,X248,X356,X360,X436,X502,X639,X642,X652,X736
440,X21,X42,X142,X206,X248,X356,X360,X436,X502,X639,X642,X652,X736
441,X21,X42,X142,X206,X248,X356,X360,X436,X502,X639,X642,X652,X736
442,X21,X42,X142,X206,X248,X356,X360,X436,X502,X639,X642,X652,X736
443,X21,X42,X142,X206,X248,X356,X360,X436,X502,X639,X642,X652,X736
444,X21,X42,X142,X206,X248,X356,X360,X436,X502,X639,X642,X652,X736
445,X21,X42,X142,X206,X248,X356,X360,X436,X502,X639,X642,X652,X736
446,X21,X42,X142,X206,X248,X356,X360,X436,X502,X639,X642,X652,X736
447,X21,X42,X142,X206,X248,X356,X360,X436,X502,X639,X642,X652,X736
448,X21,X42,X142,X206,X248,X356,X360,X436,X502,X639,X642,X652,X736
449,X21,X42,X142,X206,X248,X356,X360,X436,X502,X639,X642,X652,X736
450,X21,X42,X142,X206,X248,X356,X360,X436,X502,X639,X642,X652,X736
