0,X11,X12,X30,X161,X249,X283,X509,X618,X658,X713,X728,X738,X768
1,X9,X32,X39,X60,X129,X437,X452,X459,X520,X585,X668,X690,X728
2,X14,X27,X122,X245,X368,X374,X450,X541,X547,X551,X564,X634,X765
3,X23,X107,X148,X201,X267,X350,X373,X422,X538,X580,X698,X713,X756
4,X23,X107,X148,X201,X267,X350,X373,X422,X538,X580,X713,X756,X761
5,X5,X20,X23,X119,X241,X245,X297,X442,X470,X487,X668,X690,X728
6,X5,X20,X23,X119,X236,X388,X403,X441,X470,X505,X564,X588,X672
7,X5,X20,X23,X119,X236,X388,X403,X441,X470,X505,X564,X588,X672
8,X23,X32,X39,X198,X286,X332,X495,X497,X516,X520,X523,X642,X690
9,X23,X30,X39,X119,X241,X245,X297,X442,X470,X487,X641,X690,X728
10,X9,X32,X39,X119,X241,X245,X249,X297,X442,X470,X564,X597,X690
11,X9,X32,X39,X119,X241,X245,X249,X297,X442,X470,X564,X597,X690
12,X9,X32,X39,X119,X241,X245,X249,X297,X442,X470,X564,X597,X690
13,X9,X32,X39,X119,X241,X245,X249,X297,X442,X470,X564,X597,X690
14,X9,X32,X39,X119,X241,X245,X249,X297,X442,X470,X641,X690,X728
15,X23,X30,X39,X60,X129,X267,X277,X345,X351,X505,X641,X690,X728
16,X23,X148,X152,X201,X223,X241,X245,X297,X442,X470,X487,X597,X690
17,X23,X148,X152,X201,X223,X241,X245,X297,X442,X470,X487,X597,X690
18,X9,X32,X39,X119,X241,X245,X249,X297,X442,X470,X564,X642,X690
19,X23,X32,X39,X119,X241,X245,X249,X429,X442,X470,X564,X642,X690
20,X23,X30,X39,X60,X241,X245,X264,X297,X442,X520,X585,X690,X728
21,X23,X32,X39,X60,X129,X245,X297,X442,X444,X520,X585,X690,X728
22,X23,X32,X39,X40,X60,X129,X245,X470,X473,X505,X564,X642,X690
23,X23,X32,X39,X40,X60,X129,X245,X470,X473,X505,X564,X642,X690
24,X23,X30,X39,X60,X129,X245,X264,X297,X442,X538,X641,X690,X728
25,X23,X30,X39,X129,X236,X267,X277,X345,X351,X505,X585,X690,X728
26,X23,X30,X39,X60,X129,X245,X264,X297,X442,X505,X585,X690,X728
27,X23,X30,X39,X129,X236,X267,X277,X345,X351,X505,X585,X690,X728
28,X23,X30,X39,X129,X236,X267,X277,X345,X351,X505,X585,X690,X728
29,X23,X33,X39,X60,X129,X245,X264,X297,X442,X505,X585,X690,X728
30,X23,X33,X39,X60,X129,X245,X264,X297,X442,X505,X585,X690,X728
31,X23,X30,X39,X60,X129,X245,X264,X297,X442,X505,X585,X690,X728
32,X23,X39,X239,X245,X268,X277,X442,X470,X505,X585,X642,X649,X690
33,X23,X39,X239,X245,X268,X277,X442,X470,X505,X585,X642,X649,X690
34,X23,X39,X148,X239,X245,X268,X277,X470,X505,X585,X642,X649,X690
35,X18,X23,X32,X39,X129,X241,X245,X297,X470,X505,X585,X690,X728
36,X18,X23,X32,X39,X129,X241,X245,X297,X470,X505,X585,X690,X728
37,X18,X23,X32,X39,X129,X241,X245,X297,X470,X505,X585,X690,X728
38,X18,X23,X32,X39,X129,X241,X245,X297,X470,X505,X585,X690,X728
39,X18,X23,X32,X39,X129,X241,X245,X297,X470,X505,X585,X690,X728
40,X23,X30,X39,X60,X129,X221,X245,X264,X442,X505,X585,X690,X728
41,X23,X30,X39,X60,X129,X221,X245,X264,X442,X505,X585,X690,X728
42,X23,X30,X39,X60,X129,X221,X245,X264,X442,X505,X585,X690,X728
43,X23,X33,X39,X241,X245,X297,X447,X470,X505,X570,X585,X690,X728
44,X23,X33,X39,X119,X129,X221,X245,X264,X442,X505,X585,X690,X728
45,X23,X33,X39,X129,X221,X245,X264,X442,X505,X536,X585,X690,X728
46,X23,X30,X39,X54,X129,X241,X245,X297,X442,X505,X585,X690,X728
47,X23,X30,X39,X54,X129,X241,X245,X297,X442,X505,X585,X690,X728
48,X23,X33,X39,X129,X221,X245,X264,X442,X505,X536,X585,X690,X728
49,X23,X33,X39,X129,X221,X245,X264,X442,X505,X536,X585,X690,X728
50,X23,X33,X39,X129,X221,X245,X264,X442,X485,X505,X585,X690,X728
51,X23,X33,X39,X60,X129,X221,X245,X264,X442,X505,X585,X690,X728
52,X13,X23,X33,X39,X129,X221,X245,X264,X442,X505,X585,X690,X728
53,X13,X23,X33,X39,X129,X221,X245,X264,X442,X505,X585,X690,X728
54,X13,X23,X33,X39,X129,X221,X245,X264,X442,X505,X585,X690,X728
55,X13,X23,X33,X39,X129,X221,X245,X264,X442,X505,X585,X690,X728
56,X23,X33,X39,X119,X129,X221,X245,X264,X442,X505,X585,X690,X728
57,X23,X33,X39,X129,X221,X245,X264,X457,X491,X505,X585,X690,X728
58,X23,X33,X39,X119,X129,X221,X245,X264,X442,X505,X585,X690,X728
59,X23,X33,X39,X119,X129,X221,X245,X264,X442,X505,X585,X690,X728
60,X23,X33,X39,X119,X129,X221,X245,X264,X442,X505,X585,X690,X728
61,X23,X33,X39,X119,X129,X221,X245,X264,X442,X505,X585,X690,X728
62,X17,X23,X33,X39,X129,X221,X245,X264,X442,X505,X585,X690,X728
63,X17,X23,X33,X39,X129,X221,X245,X264,X442,X505,X585,X690,X728
64,X17,X23,X33,X39,X221,X245,X264,X442,X505,X510,X585,X690,X728
65,X17,X23,X33,X39,X129,X221,X245,X264,X442,X505,X585,X690,X728
66,X23,X33,X39,X119,X221,X245,X264,X442,X505,X527,X585,X690,X728
67,X23,X33,X39,X119,X221,X245,X264,X442,X505,X527,X585,X690,X728
68,X23,X33,X39,X221,X245,X264,X382,X442,X505,X527,X585,X690,X728
69,X7,X23,X30,X39,X60,X221,X245,X264,X442,X505,X585,X690,X728
70,X23,X39,X119,X129,X221,X245,X264,X442,X505,X585,X681,X690,X728
71,X23,X33,X39,X129,X208,X221,X245,X264,X442,X505,X585,X690,X728
72,X23,X33,X39,X129,X208,X221,X245,X264,X442,X505,X585,X690,X728
73,X23,X33,X39,X119,X129,X221,X245,X264,X491,X505,X585,X690,X728
74,X23,X33,X39,X119,X129,X221,X245,X264,X491,X505,X585,X690,X728
75,X23,X33,X39,X119,X129,X221,X245,X264,X491,X505,X585,X690,X728
76,X7,X23,X33,X39,X129,X221,X245,X264,X442,X505,X585,X690,X728
77,X23,X33,X39,X119,X129,X221,X245,X264,X491,X505,X585,X690,X728
78,X23,X33,X39,X119,X129,X245,X264,X442,X505,X579,X585,X690,X728
79,X23,X33,X39,X119,X129,X221,X245,X264,X491,X505,X585,X690,X728
80,X23,X39,X119,X129,X221,X245,X264,X289,X442,X505,X585,X690,X728
81,X23,X33,X39,X119,X129,X221,X245,X264,X491,X505,X585,X690,X728
82,X23,X33,X39,X119,X129,X221,X245,X264,X491,X505,X585,X690,X728
83,X17,X23,X33,X39,X129,X221,X245,X264,X491,X505,X585,X690,X728
84,X7,X23,X39,X119,X129,X221,X245,X264,X491,X505,X585,X690,X728
85,X7,X23,X39,X119,X129,X221,X245,X264,X491,X505,X585,X690,X728
86,X7,X23,X39,X119,X129,X221,X245,X264,X491,X505,X585,X690,X728
87,X7,X23,X39,X119,X129,X221,X245,X264,X491,X505,X585,X690,X728
88,X7,X23,X39,X119,X129,X221,X245,X264,X491,X505,X585,X690,X728
89,X7,X23,X39,X119,X129,X221,X245,X264,X491,X505,X585,X690,X728
90,X7,X23,X39,X119,X129,X221,X245,X264,X491,X505,X585,X690,X728
91,X7,X23,X39,X119,X129,X221,X245,X264,X491,X505,X585,X690,X728
92,X7,X23,X39,X119,X129,X221,X245,X264,X491,X505,X585,X690,X728
93,X7,X23,X39,X119,X129,X221,X245,X264,X491,X505,X585,X690,X728
94,X7,X23,X39,X119,X129,X221,X245,X264,X317,X505,X585,X690,X728
95,X7,X23,X39,X119,X129,X221,X245,X264,X317,X505,X585,X690,X728
96,X7,X23,X39,X119,X129,X221,X245,X264,X317,X505,X585,X690,X728
97,X7,X23,X39,X119,X129,X221,X245,X264,X491,X505,X585,X690,X728
98,X7,X23,X39,X119,X129,X145,X221,X245,X264,X505,X585,X690,X728
99,X7,X23,X39,X119,X129,X145,X221,X245,X264,X505,X585,X690,X728
100,X7,X23,X39,X119,X129,X145,X221,X245,X264,X505,X585,X690,X728
101,X7,X23,X39,X119,X129,X221,X245,X264,X491,X505,X585,X690,X728
102,X7,X23,X39,X119,X129,X221,X245,X264,X491,X505,X585,X690,X728
103,X7,X23,X39,X119,X129,X221,X245,X264,X491,X505,X585,X690,X728
104,X7,X18,X23,X39,X119,X129,X221,X245,X264,X505,X585,X690,X728
105,X7,X18,X23,X39,X119,X129,X221,X245,X264,X505,X585,X690,X728
106,X7,X18,X23,X39,X119,X129,X221,X245,X264,X505,X585,X690,X728
107,X7,X18,X23,X39,X119,X129,X221,X245,X264,X505,X585,X690,X728
108,X7,X18,X23,X39,X119,X129,X221,X245,X264,X505,X585,X690,X728
109,X7,X18,X23,X39,X119,X129,X221,X245,X264,X505,X585,X690,X728
110,X7,X18,X23,X39,X119,X129,X221,X245,X264,X505,X585,X690,X728
111,X7,X18,X23,X39,X119,X129,X221,X245,X264,X505,X585,X690,X728
112,X7,X18,X23,X39,X119,X129,X221,X245,X264,X505,X585,X690,X728
113,X7,X18,X23,X39,X119,X129,X221,X245,X264,X505,X585,X690,X728
114,X7,X18,X23,X39,X119,X129,X221,X245,X264,X505,X585,X690,X728
115,X7,X18,X23,X39,X119,X129,X221,X245,X264,X505,X585,X690,X728
116,X7,X18,X23,X39,X119,X129,X221,X245,X264,X505,X585,X690,X728
117,X7,X18,X23,X39,X119,X129,X221,X245,X264,X505,X585,X690,X728
118,X7,X18,X23,X39,X119,X129,X221,X245,X264,X505,X585,X690,X728
119,X7,X18,X23,X39,X119,X129,X221,X245,X264,X505,X585,X690,X728
120,X7,X18,X23,X39,X119,X129,X221,X245,X264,X505,X585,X690,X728
121,X7,X18,X23,X39,X119,X129,X221,X245,X264,X505,X585,X690,X728
122,X7,X18,X23,X39,X119,X129,X221,X245,X264,X505,X585,X690,X728
123,X7,X18,X23,X39,X119,X129,X245,X264,X505,X585,X690,X720,X728
124,X7,X18,X23,X39,X119,X129,X221,X245,X264,X505,X585,X690,X728
125,X7,X18,X23,X39,X119,X129,X245,X264,X505,X585,X690,X720,X728
126,X7,X18,X23,X39,X119,X129,X245,X264,X505,X585,X690,X720,X728
127,X7,X18,X23,X39,X119,X129,X245,X264,X505,X585,X690,X720,X728
128,X7,X18,X23,X39,X119,X129,X245,X264,X505,X585,X690,X720,X728
129,X7,X18,X23,X39,X119,X129,X245,X264,X505,X585,X690,X720,X728
130,X7,X18,X23,X39,X119,X129,X245,X264,X505,X585,X690,X720,X728
131,X7,X18,X23,X39,X119,X129,X245,X264,X505,X585,X690,X720,X728
132,X7,X18,X23,X39,X119,X129,X245,X264,X505,X585,X690,X720,X728
133,X7,X18,X23,X39,X119,X129,X245,X264,X505,X585,X690,X720,X728
134,X7,X18,X23,X39,X119,X129,X245,X264,X505,X585,X690,X720,X728
135,X7,X18,X23,X39,X119,X129,X245,X264,X505,X585,X690,X720,X728
136,X7,X18,X23,X39,X119,X129,X245,X264,X505,X585,X690,X720,X728
137,X7,X18,X23,X39,X119,X129,X245,X264,X505,X585,X690,X720,X728
138,X7,X18,X23,X39,X119,X129,X245,X264,X505,X585,X690,X720,X728
139,X7,X18,X23,X39,X119,X129,X245,X264,X505,X585,X690,X720,X728
140,X7,X18,X23,X39,X119,X129,X245,X264,X505,X585,X690,X720,X728
141,X7,X18,X23,X39,X119,X129,X245,X264,X505,X585,X690,X720,X728
142,X7,X18,X23,X39,X119,X129,X245,X264,X505,X585,X690,X720,X728
143,X7,X18,X23,X39,X119,X129,X245,X264,X505,X585,X690,X720,X728
144,X7,X18,X23,X39,X119,X129,X245,X264,X505,X585,X690,X720,X728
145,X7,X18,X23,X39,X119,X129,X245,X264,X505,X585,X690,X720,X728
146,X7,X18,X23,X39,X119,X129,X221,X245,X264,X505,X585,X690,X728
147,X7,X18,X23,X39,X119,X129,X221,X245,X264,X505,X585,X690,X728
148,X7,X18,X23,X39,X119,X129,X221,X245,X264,X505,X585,X690,X728
149,X7,X18,X23,X39,X119,X129,X245,X264,X505,X585,X690,X720,X728
150,X7,X18,X23,X39,X119,X129,X245,X264,X505,X585,X690,X720,X728
151,X7,X18,X23,X39,X119,X129,X245,X264,X505,X585,X690,X720,X728
152,X7,X18,X23,X39,X119,X129,X245,X264,X505,X585,X690,X720,X728
153,X7,X18,X23,X39,X119,X129,X245,X264,X505,X585,X690,X720,X728
154,X7,X18,X23,X39,X119,X129,X245,X264,X505,X585,X690,X720,X728
155,X7,X18,X23,X39,X119,X129,X245,X264,X505,X585,X690,X720,X728
156,X7,X18,X23,X39,X119,X129,X245,X264,X505,X585,X690,X720,X728
157,X7,X23,X39,X119,X129,X245,X264,X453,X505,X585,X690,X720,X728
158,X7,X23,X39,X119,X129,X245,X264,X453,X505,X585,X690,X720,X728
159,X7,X18,X23,X39,X119,X129,X245,X264,X505,X585,X690,X720,X728
160,X7,X18,X23,X39,X119,X129,X245,X264,X505,X585,X690,X720,X728
161,X7,X18,X23,X39,X119,X129,X245,X264,X505,X585,X690,X720,X728
162,X7,X18,X23,X39,X119,X129,X245,X264,X505,X585,X690,X720,X728
163,X7,X18,X23,X39,X119,X129,X245,X264,X505,X585,X690,X720,X728
164,X7,X18,X23,X39,X119,X129,X245,X264,X505,X585,X690,X720,X728
165,X7,X18,X23,X39,X119,X129,X245,X264,X505,X585,X690,X720,X728
166,X7,X18,X23,X39,X119,X129,X245,X264,X505,X585,X690,X720,X728
167,X7,X18,X23,X39,X119,X129,X245,X264,X505,X585,X690,X720,X728
168,X7,X18,X23,X39,X129,X245,X264,X505,X585,X690,X696,X720,X728
169,X7,X18,X23,X39,X119,X129,X245,X264,X505,X585,X690,X720,X728
170,X7,X18,X23,X39,X119,X129,X245,X264,X505,X585,X690,X720,X728
171,X7,X18,X23,X39,X119,X129,X245,X264,X505,X585,X690,X720,X728
172,X7,X18,X23,X39,X119,X129,X245,X264,X505,X585,X690,X720,X728
173,X7,X18,X23,X39,X119,X129,X245,X264,X505,X585,X690,X720,X728
174,X7,X18,X23,X39,X119,X129,X245,X264,X505,X585,X690,X720,X728
175,X7,X18,X23,X39,X119,X129,X245,X264,X505,X585,X690,X720,X728
176,X7,X18,X23,X39,X119,X129,X245,X264,X505,X585,X690,X720,X728
177,X7,X18,X23,X39,X119,X129,X245,X264,X505,X585,X690,X720,X728
178,X7,X18,X23,X39,X119,X129,X245,X264,X505,X585,X690,X720,X728
179,X7,X18,X23,X39,X119,X129,X245,X264,X505,X585,X690,X720,X728
180,X7,X18,X23,X39,X119,X129,X245,X264,X505,X585,X690,X720,X728
181,X7,X18,X23,X39,X119,X129,X245,X264,X505,X585,X690,X720,X728
182,X7,X18,X23,X39,X119,X129,X245,X264,X505,X585,X690,X720,X728
183,X7,X18,X23,X39,X119,X129,X245,X264,X505,X585,X690,X720,X728
184,X7,X18,X23,X39,X119,X129,X245,X264,X505,X585,X690,X720,X728
185,X7,X18,X23,X39,X119,X129,X245,X264,X505,X585,X690,X720,X728
186,X7,X18,X23,X39,X119,X129,X245,X264,X505,X585,X690,X720,X728
187,X7,X18,X23,X39,X119,X129,X245,X264,X505,X585,X690,X720,X728
188,X7,X18,X23,X39,X119,X129,X245,X264,X505,X585,X690,X720,X728
189,X7,X18,X23,X39,X119,X129,X245,X264,X505,X585,X690,X720,X728
190,X7,X18,X23,X39,X119,X129,X245,X264,X505,X585,X690,X720,X728
191,X7,X18,X23,X39,X119,X129,X245,X264,X505,X585,X690,X720,X728
192,X7,X18,X23,X39,X119,X129,X245,X264,X505,X585,X690,X720,X728
193,X7,X18,X23,X39,X119,X129,X245,X264,X505,X585,X690,X720,X728
194,X7,X18,X23,X39,X119,X129,X245,X264,X505,X585,X690,X720,X728
195,X7,X18,X23,X39,X119,X129,X245,X264,X505,X585,X690,X720,X728
196,X7,X18,X23,X39,X119,X129,X245,X264,X505,X585,X690,X720,X728
197,X7,X18,X23,X39,X119,X129,X245,X264,X505,X585,X690,X720,X728
198,X7,X18,X23,X39,X119,X129,X245,X264,X505,X585,X690,X720,X728
199,X7,X18,X23,X39,X119,X129,X245,X264,X505,X585,X690,X720,X728
200,X7,X18,X23,X39,X119,X129,X245,X264,X505,X585,X690,X720,X728
201,X7,X18,X23,X39,X119,X129,X245,X264,X505,X585,X690,X720,X728
202,X7,X18,X23,X39,X119,X129,X245,X264,X505,X585,X690,X720,X728
203,X7,X18,X23,X39,X119,X129,X245,X264,X505,X585,X690,X720,X728
204,X7,X18,X23,X39,X119,X129,X245,X264,X505,X585,X690,X720,X728
205,X7,X18,X23,X39,X119,X129,X245,X264,X505,X585,X690,X720,X728
206,X7,X18,X23,X39,X119,X129,X245,X264,X505,X585,X690,X720,X728
207,X7,X18,X23,X39,X119,X129,X245,X264,X505,X585,X690,X720,X728
208,X7,X18,X23,X39,X119,X129,X245,X264,X505,X585,X690,X720,X728
209,X7,X18,X23,X39,X119,X129,X245,X264,X505,X585,X690,X720,X728
210,X7,X18,X23,X39,X119,X129,X245,X264,X505,X585,X690,X720,X728
211,X7,X18,X23,X39,X119,X129,X245,X264,X505,X585,X690,X720,X728
212,X7,X18,X23,X39,X119,X129,X245,X264,X505,X585,X690,X720,X728
213,X7,X18,X23,X39,X119,X129,X245,X264,X505,X585,X690,X720,X728
214,X7,X18,X23,X39,X119,X129,X245,X264,X505,X585,X690,X720,X728
215,X7,X18,X23,X39,X119,X129,X245,X264,X505,X585,X690,X720,X728
216,X7,X18,X23,X39,X119,X129,X245,X264,X505,X585,X690,X720,X728
217,X7,X18,X23,X39,X119,X129,X245,X264,X505,X585,X690,X720,X728
218,X7,X18,X23,X39,X119,X129,X245,X264,X505,X585,X690,X720,X728
219,X7,X18,X23,X39,X119,X129,X245,X264,X505,X585,X690,X720,X728
220,X7,X18,X23,X39,X119,X129,X245,X264,X505,X585,X690,X720,X728
221,X7,X18,X23,X39,X119,X129,X245,X264,X505,X585,X690,X720,X728
222,X7,X18,X23,X39,X119,X129,X245,X264,X505,X585,X690,X720,X728
223,X7,X18,X23,X39,X119,X129,X245,X264,X505,X585,X690,X720,X728
224,X7,X18,X23,X39,X119,X129,X245,X264,X505,X585,X690,X720,X728
225,X7,X18,X23,X39,X119,X129,X245,X264,X505,X585,X690,X720,X728
226,X7,X18,X23,X39,X119,X129,X245,X264,X505,X585,X690,X720,X728
227,X7,X18,X23,X39,X119,X129,X245,X264,X505,X585,X690,X720,X728
228,X7,X18,X23,X39,X119,X129,X245,X264,X505,X585,X690,X720,X728
229,X7,X18,X23,X39,X119,X129,X245,X264,X505,X585,X690,X720,X728
230,X7,X18,X23,X39,X119,X129,X245,X264,X505,X585,X690,X720,X728
231,X7,X18,X23,X39,X119,X129,X245,X264,X505,X585,X690,X720,X728
232,X7,X18,X23,X39,X119,X129,X245,X264,X505,X585,X690,X720,X728
233,X7,X18,X23,X39,X119,X129,X245,X264,X505,X585,X690,X720,X728
234,X7,X18,X23,X39,X119,X129,X245,X264,X505,X585,X690,X720,X728
235,X7,X18,X23,X39,X119,X129,X245,X264,X505,X585,X690,X720,X728
236,X7,X18,X23,X39,X119,X129,X245,X264,X505,X585,X690,X720,X728
237,X7,X18,X23,X39,X119,X129,X245,X264,X505,X585,X690,X720,X728
238,X7,X18,X23,X39,X119,X129,X245,X264,X505,X585,X690,X720,X728
239,X7,X18,X23,X39,X119,X129,X245,X264,X505,X585,X690,X720,X728
240,X7,X18,X23,X39,X119,X129,X245,X264,X505,X585,X690,X720,X728
241,X7,X18,X23,X39,X119,X129,X245,X264,X505,X585,X690,X720,X728
242,X7,X18,X23,X39,X119,X129,X245,X264,X505,X585,X690,X720,X728
243,X7,X18,X23,X39,X119,X245,X264,X505,X585,X589,X690,X720,X728
244,X7,X18,X23,X39,X119,X129,X245,X264,X505,X585,X690,X720,X728
245,X7,X18,X23,X39,X119,X129,X245,X264,X505,X585,X690,X720,X728
246,X7,X18,X23,X39,X119,X129,X245,X264,X505,X585,X690,X720,X728
247,X7,X18,X23,X39,X119,X129,X245,X264,X505,X585,X690,X720,X728
248,X7,X18,X23,X39,X119,X129,X245,X264,X505,X585,X690,X720,X728
249,X7,X18,X23,X39,X119,X129,X245,X264,X505,X585,X690,X720,X728
250,X7,X18,X23,X39,X119,X129,X245,X264,X505,X585,X690,X720,X728
251,X7,X23,X39,X119,X129,X245,X264,X505,X585,X690,X696,X720,X728
252,X7,X23,X39,X119,X129,X245,X264,X505,X585,X690,X696,X720,X728
253,X7,X18,X23,X39,X119,X129,X245,X264,X505,X585,X690,X720,X728
254,X7,X18,X23,X39,X119,X129,X245,X264,X505,X585,X690,X720,X728
255,X7,X18,X23,X39,X119,X129,X245,X264,X505,X585,X690,X720,X728
256,X7,X18,X23,X39,X119,X129,X245,X264,X505,X585,X690,X720,X728
257,X7,X18,X23,X39,X119,X129,X245,X264,X505,X585,X690,X720,X728
258,X7,X18,X23,X39,X119,X129,X245,X264,X505,X585,X690,X720,X728
259,X7,X18,X23,X39,X119,X129,X245,X264,X505,X585,X690,X720,X728
260,X7,X18,X23,X39,X119,X129,X245,X264,X505,X585,X690,X720,X728
261,X7,X18,X23,X39,X119,X129,X245,X264,X505,X585,X690,X720,X728
262,X7,X18,X23,X39,X119,X129,X245,X264,X505,X585,X690,X720,X728
263,X7,X18,X23,X39,X119,X129,X245,X264,X505,X585,X690,X720,X728
264,X7,X18,X23,X39,X119,X129,X245,X264,X505,X585,X690,X720,X728
265,X7,X18,X23,X39,X119,X129,X245,X264,X505,X585,X690,X720,X728
266,X7,X18,X23,X39,X119,X129,X245,X264,X505,X585,X690,X720,X728
267,X7,X18,X23,X39,X119,X129,X245,X264,X505,X585,X690,X720,X728
268,X7,X18,X23,X39,X119,X129,X245,X264,X505,X585,X690,X720,X728
269,X7,X18,X23,X39,X119,X129,X245,X264,X505,X585,X690,X720,X728
270,X7,X18,X23,X39,X119,X129,X245,X264,X505,X585,X690,X720,X728
271,X7,X18,X23,X39,X119,X129,X245,X264,X505,X585,X690,X720,X728
272,X7,X18,X23,X39,X119,X129,X245,X264,X505,X585,X690,X720,X728
273,X7,X18,X23,X39,X119,X129,X245,X264,X505,X585,X690,X720,X728
274,X7,X18,X23,X39,X119,X129,X245,X264,X505,X585,X690,X720,X728
275,X7,X18,X23,X39,X119,X129,X245,X264,X505,X585,X690,X720,X728
276,X7,X18,X23,X39,X119,X129,X245,X264,X505,X585,X690,X720,X728
277,X7,X18,X23,X39,X119,X129,X245,X264,X505,X585,X690,X720,X728
278,X7,X18,X23,X39,X119,X129,X245,X264,X505,X585,X690,X720,X728
279,X7,X18,X23,X39,X119,X129,X245,X264,X505,X585,X690,X720,X728
280,X7,X18,X23,X39,X119,X129,X245,X264,X505,X585,X690,X720,X728
281,X7,X18,X23,X39,X119,X129,X245,X264,X505,X585,X690,X720,X728
282,X7,X18,X23,X39,X119,X129,X245,X264,X505,X585,X690,X720,X728
283,X7,X18,X23,X39,X119,X129,X245,X264,X505,X585,X690,X720,X728
284,X7,X18,X23,X39,X119,X129,X245,X264,X505,X585,X690,X720,X728
285,X7,X18,X23,X39,X119,X129,X245,X264,X505,X585,X690,X720,X728
286,X7,X18,X23,X39,X119,X129,X245,X264,X505,X585,X690,X720,X728
287,X7,X18,X23,X39,X119,X129,X245,X264,X505,X585,X690,X720,X728
288,X7,X18,X23,X39,X119,X129,X245,X264,X505,X585,X690,X720,X728
289,X7,X18,X23,X39,X119,X129,X245,X264,X505,X585,X690,X720,X728
290,X7,X18,X23,X39,X119,X129,X245,X264,X505,X585,X690,X720,X728
291,X7,X18,X23,X39,X119,X129,X245,X264,X505,X585,X690,X720,X728
292,X7,X18,X23,X39,X119,X129,X245,X264,X505,X585,X690,X720,X728
293,X7,X18,X23,X39,X119,X129,X245,X264,X505,X585,X690,X720,X728
294,X7,X18,X23,X39,X119,X129,X245,X264,X505,X585,X690,X720,X728
295,X7,X18,X23,X39,X119,X129,X245,X264,X505,X585,X690,X720,X728
296,X7,X18,X23,X39,X119,X129,X245,X264,X505,X585,X649,X690,X728
297,X7,X18,X23,X39,X119,X129,X245,X264,X505,X585,X649,X690,X728
298,X7,X18,X23,X39,X119,X129,X245,X264,X505,X585,X649,X690,X728
299,X7,X18,X23,X39,X119,X129,X245,X264,X505,X585,X690,X720,X728
300,X7,X18,X23,X39,X119,X129,X245,X264,X505,X585,X690,X720,X728
301,X7,X18,X23,X39,X63,X119,X245,X264,X505,X585,X690,X720,X728
302,X7,X18,X23,X39,X63,X119,X245,X264,X505,X585,X690,X720,X728
303,X7,X18,X23,X39,X119,X129,X245,X264,X505,X585,X690,X720,X728
304,X7,X18,X23,X39,X119,X129,X245,X264,X505,X585,X690,X720,X728
305,X7,X18,X23,X39,X119,X129,X245,X264,X505,X585,X690,X720,X728
306,X7,X18,X23,X39,X119,X129,X245,X264,X505,X585,X690,X720,X728
307,X7,X18,X23,X39,X119,X129,X245,X264,X505,X585,X690,X720,X728
308,X7,X18,X23,X39,X119,X129,X245,X264,X505,X585,X690,X720,X728
309,X7,X18,X23,X39,X119,X129,X245,X264,X505,X585,X690,X720,X728
310,X7,X18,X23,X39,X119,X129,X245,X264,X505,X585,X690,X720,X728
311,X7,X18,X23,X39,X119,X129,X245,X264,X505,X585,X690,X720,X728
312,X7,X18,X23,X39,X119,X129,X245,X264,X505,X585,X690,X720,X728
313,X7,X18,X23,X39,X119,X129,X245,X264,X505,X585,X690,X720,X728
314,X7,X18,X23,X39,X119,X129,X245,X264,X505,X585,X690,X720,X728
315,X7,X18,X23,X39,X119,X129,X245,X264,X505,X585,X690,X720,X728
316,X7,X18,X23,X39,X119,X129,X245,X264,X505,X585,X690,X720,X728
317,X7,X18,X23,X39,X119,X129,X245,X264,X505,X585,X690,X720,X728
318,X7,X18,X23,X39,X119,X129,X245,X264,X505,X585,X690,X720,X728
319,X7,X18,X23,X39,X119,X129,X245,X264,X505,X585,X690,X720,X728
320,X7,X18,X23,X39,X119,X129,X245,X264,X505,X585,X690,X720,X728
321,X7,X18,X23,X39,X119,X129,X245,X264,X505,X585,X690,X720,X728
322,X7,X18,X23,X39,X119,X129,X245,X264,X505,X585,X690,X720,X728
323,X7,X18,X23,X39,X119,X129,X245,X264,X505,X585,X690,X720,X728
324,X7,X18,X23,X39,X119,X129,X245,X264,X505,X585,X690,X720,X728
325,X7,X18,X23,X39,X119,X129,X245,X264,X505,X585,X690,X720,X728
326,X7,X18,X23,X39,X119,X129,X245,X264,X505,X585,X690,X720,X728
327,X7,X18,X23,X39,X119,X129,X245,X264,X505,X585,X690,X720,X728
328,X7,X18,X23,X39,X119,X129,X245,X264,X505,X585,X690,X720,X728
329,X7,X18,X23,X39,X119,X129,X245,X264,X505,X585,X690,X720,X728
330,X7,X18,X23,X39,X119,X129,X245,X264,X505,X585,X690,X720,X728
331,X7,X18,X23,X39,X119,X129,X245,X264,X505,X585,X690,X720,X728
332,X7,X18,X23,X39,X119,X129,X245,X264,X505,X585,X690,X720,X728
333,X7,X18,X23,X39,X119,X129,X245,X264,X505,X585,X690,X720,X728
334,X7,X18,X23,X39,X119,X129,X245,X264,X505,X585,X690,X720,X728
335,X7,X18,X23,X39,X119,X129,X245,X264,X505,X585,X690,X720,X728
336,X7,X18,X23,X39,X119,X129,X245,X264,X505,X585,X690,X720,X728
337,X7,X18,X23,X39,X119,X129,X245,X264,X505,X585,X690,X720,X728
338,X7,X18,X23,X39,X119,X129,X245,X264,X505,X585,X690,X720,X728
339,X7,X18,X23,X39,X119,X129,X245,X264,X505,X585,X690,X720,X728
340,X7,X18,X23,X39,X119,X129,X245,X264,X505,X585,X690,X720,X728
341,X7,X18,X23,X39,X119,X129,X245,X264,X505,X585,X690,X720,X728
342,X7,X18,X23,X39,X119,X129,X245,X264,X505,X585,X690,X720,X728
343,X7,X18,X23,X39,X119,X129,X245,X264,X505,X585,X690,X720,X728
344,X7,X18,X23,X39,X119,X129,X245,X264,X505,X585,X690,X720,X728
345,X7,X18,X23,X39,X119,X129,X245,X264,X505,X585,X690,X720,X728
346,X7,X18,X23,X39,X119,X129,X245,X264,X505,X585,X690,X720,X728
347,X7,X18,X23,X39,X119,X129,X245,X264,X505,X585,X690,X720,X728
348,X7,X18,X23,X39,X119,X129,X245,X264,X505,X585,X690,X720,X728
349,X7,X18,X23,X39,X119,X129,X245,X264,X505,X585,X690,X720,X728
350,X7,X18,X23,X39,X119,X129,X245,X264,X505,X585,X690,X720,X728
351,X7,X18,X23,X39,X119,X129,X245,X264,X505,X585,X690,X720,X728
352,X7,X18,X23,X39,X119,X129,X245,X264,X505,X585,X690,X720,X728
353,X7,X18,X23,X39,X119,X129,X245,X264,X505,X585,X690,X720,X728
354,X7,X18,X23,X39,X119,X129,X245,X264,X505,X585,X690,X720,X728
355,X7,X18,X23,X39,X119,X129,X245,X264,X505,X585,X690,X720,X728
356,X7,X18,X23,X39,X119,X129,X245,X264,X505,X585,X690,X720,X728
357,X7,X18,X23,X39,X119,X129,X245,X264,X505,X585,X690,X720,X728
358,X7,X18,X23,X39,X119,X129,X245,X264,X505,X585,X690,X720,X728
359,X7,X18,X23,X39,X119,X129,X245,X264,X505,X585,X690,X720,X728
360,X7,X18,X23,X39,X119,X129,X245,X264,X505,X585,X690,X720,X728
361,X7,X18,X23,X39,X119,X129,X245,X264,X505,X585,X690,X720,X728
362,X7,X18,X23,X39,X119,X129,X245,X264,X505,X585,X690,X720,X728
363,X7,X18,X23,X39,X119,X129,X245,X264,X505,X585,X690,X720,X728
364,X7,X18,X23,X39,X119,X129,X245,X264,X505,X585,X690,X720,X728
365,X7,X18,X23,X39,X119,X129,X245,X264,X505,X585,X690,X720,X728
366,X7,X18,X23,X39,X119,X129,X245,X264,X505,X585,X690,X720,X728
367,X7,X18,X23,X39,X119,X129,X245,X264,X505,X585,X690,X720,X728
368,X7,X18,X23,X39,X119,X129,X245,X264,X505,X585,X690,X720,X728
369,X7,X18,X23,X39,X119,X129,X245,X264,X505,X585,X690,X720,X728
370,X7,X18,X23,X39,X119,X129,X245,X264,X505,X585,X690,X720,X728
371,X7,X18,X23,X39,X119,X129,X245,X264,X505,X585,X690,X720,X728
372,X7,X18,X23,X39,X119,X129,X245,X264,X505,X585,X690,X720,X728
373,X7,X18,X23,X39,X119,X129,X245,X264,X505,X585,X690,X720,X728
374,X7,X23,X39,X119,X129,X245,X264,X453,X505,X585,X690,X720,X728
375,X7,X23,X39,X119,X129,X245,X264,X453,X505,X585,X690,X720,X728
376,X7,X23,X39,X119,X129,X245,X264,X453,X505,X585,X690,X720,X728
377,X7,X23,X39,X119,X129,X245,X264,X453,X505,X585,X690,X720,X728
378,X7,X23,X39,X119,X129,X245,X264,X453,X505,X585,X690,X720,X728
379,X7,X23,X39,X119,X129,X245,X264,X453,X505,X585,X690,X720,X728
380,X7,X23,X39,X119,X129,X245,X264,X453,X505,X585,X690,X720,X728
381,X7,X23,X39,X119,X129,X245,X264,X453,X505,X585,X690,X720,X728
382,X7,X18,X23,X39,X119,X129,X245,X264,X505,X585,X690,X720,X728
383,X7,X18,X23,X39,X119,X129,X245,X264,X505,X585,X690,X720,X728
384,X7,X18,X23,X39,X119,X129,X245,X264,X505,X585,X690,X720,X728
385,X7,X18,X23,X39,X119,X129,X245,X264,X505,X585,X690,X720,X728
386,X7,X18,X23,X39,X119,X129,X245,X264,X505,X585,X690,X720,X728
387,X7,X18,X23,X39,X119,X129,X245,X264,X505,X585,X690,X720,X728
388,X7,X18,X23,X39,X119,X129,X245,X264,X505,X585,X690,X720,X728
389,X7,X18,X23,X39,X119,X129,X245,X264,X505,X585,X690,X720,X728
390,X7,X18,X23,X39,X119,X129,X245,X264,X505,X585,X690,X720,X728
391,X7,X18,X23,X39,X119,X129,X245,X264,X505,X585,X690,X720,X728
392,X7,X18,X23,X39,X119,X129,X245,X264,X505,X585,X690,X720,X728
393,X7,X18,X23,X39,X119,X129,X245,X264,X505,X585,X690,X720,X728
394,X7,X18,X23,X39,X119,X129,X245,X264,X505,X585,X690,X720,X728
395,X7,X18,X23,X39,X119,X129,X245,X264,X505,X585,X690,X720,X728
396,X7,X18,X23,X39,X119,X129,X245,X264,X505,X585,X690,X720,X728
397,X7,X18,X23,X39,X119,X129,X245,X264,X505,X585,X690,X720,X728
398,X7,X18,X23,X39,X119,X129,X245,X264,X505,X585,X690,X720,X728
399,X7,X18,X23,X39,X119,X129,X245,X264,X505,X585,X690,X720,X728
400,X7,X18,X23,X39,X119,X129,X245,X264,X505,X585,X690,X720,X728
401,X7,X18,X23,X39,X119,X129,X245,X264,X505,X585,X690,X720,X728
402,X7,X18,X23,X39,X119,X129,X245,X264,X505,X585,X690,X720,X728
403,X7,X18,X23,X39,X119,X129,X245,X264,X505,X585,X690,X720,X728
404,X7,X18,X23,X39,X119,X129,X245,X264,X505,X585,X690,X720,X728
405,X7,X18,X23,X39,X119,X129,X245,X264,X505,X585,X690,X720,X728
406,X7,X18,X23,X39,X119,X129,X245,X264,X505,X585,X690,X720,X728
407,X7,X18,X23,X39,X119,X129,X245,X264,X505,X585,X690,X728,X764
408,X7,X18,X23,X39,X119,X129,X245,X264,X505,X585,X690,X728,X764
409,X7,X18,X23,X39,X119,X129,X245,X264,X505,X585,X690,X728,X764
410,X7,X18,X23,X39,X119,X129,X245,X264,X505,X585,X690,X728,X764
411,X7,X18,X23,X39,X119,X129,X245,X264,X505,X585,X690,X720,X728
412,X7,X18,X23,X39,X119,X129,X245,X264,X505,X585,X690,X720,X728
413,X7,X18,X23,X39,X119,X129,X245,X264,X505,X585,X690,X720,X728
414,X7,X18,X23,X39,X119,X129,X245,X264,X505,X585,X690,X720,X728
415,X7,X18,X23,X39,X119,X129,X245,X264,X505,X585,X690,X720,X728
416,X7,X18,X23,X39,X119,X129,X245,X264,X505,X585,X690,X720,X728
417,X7,X18,X23,X39,X119,X129,X245,X264,X505,X585,X690,X720,X728
418,X7,X18,X23,X39,X119,X129,X245,X264,X505,X585,X690,X720,X728
419,X7,X18,X23,X39,X119,X129,X245,X264,X505,X585,X690,X720,X728
420,X7,X18,X23,X39,X119,X129,X245,X264,X505,X585,X690,X720,X728
421,X7,X18,X23,X39,X119,X129,X245,X264,X505,X585,X690,X720,X728
422,X7,X18,X23,X39,X119,X129,X245,X264,X505,X585,X690,X720,X728
423,X7,X18,X23,X39,X119,X129,X245,X264,X505,X585,X690,X720,X728
424,X7,X18,X23,X39,X119,X129,X245,X264,X505,X585,X690,X720,X728
425,X7,X18,X23,X39,X119,X129,X245,X264,X505,X585,X690,X720,X728
426,X7,X18,X23,X39,X119,X129,X245,X264,X505,X585,X690,X720,X728
427,X7,X18,X23,X39,X119,X129,X245,X264,X505,X585,X690,X720,X728
428,X7,X18,X23,X39,X119,X129,X245,X264,X505,X585,X690,X720,X728
429,X7,X18,X23,X39,X119,X129,X245,X264,X505,X585,X690,X720,X728
430,X7,X18,X23,X39,X119,X129,X245,X264,X505,X585,X690,X720,X728
431,X7,X18,X23,X39,X119,X129,X245,X264,X505,X585,X690,X720,X728
432,X7,X18,X23,X39,X119,X129,X245,X264,X505,X585,X690,X720,X728
433,X7,X18,X23,X39,X119,X129,X245,X264,X505,X585,X690,X720,X728
434,X7,X18,X23,X39,X119,X129,X245,X264,X505,X585,X690,X720,X728
435,X7,X18,X23,X39,X119,X129,X245,X264,X505,X585,X690,X720,X728
436,X7,X18,X23,X39,X119,X129,X245,X264,X505,X585,X690,X720,X728
437,X7,X18,X23,X39,X119,X129,X245,X264,X505,X585,X690,X720,X728
438,X7,X18,X23,X39,X119,X129,X245,X264,X505,X585,X690,X720,X728
439,X7,X18,X23,X39,X119,X129,X245,X264,X505,X585,X690,X720,X728
440,X7,X18,X23,X39,X119,X129,X245,X264,X505,X585,X690,X720,X728
441,X7,X18,X23,X39,X119,X129,X245,X264,X505,X585,X690,X720,X728
442,X7,X18,X23,X39,X119,X245,X264,X505,X585,X690,X720,X728,X764
443,X7,X18,X23,X39,X119,X245,X264,X505,X585,X690,X720,X728,X764
444,X7,X18,X23,X39,X119,X245,X264,X505,X585,X690,X720,X728,X764
445,X7,X18,X23,X39,X119,X245,X264,X505,X585,X690,X720,X728,X764
446,X7,X18,X23,X39,X119,X129,X245,X264,X505,X585,X690,X720,X728
447,X7,X18,X23,X39,X119,X129,X245,X264,X505,X585,X690,X720,X728
448,X7,X18,X23,X39,X119,X129,X245,X264,X505,X585,X690,X720,X728
449,X7,X18,X23,X39,X119,X129,X245,X264,X505,X585,X690,X720,X728
450,X7,X18,X23,X39,X119,X129,X245,X264,X505,X585,X690,X720,X728
