0,X22,X23,X39,X49,X64,X72,X109,X173,X208,X350,X468,X536,X581
1,X3,X10,X11,X43,X45,X73,X111,X114,X122,X173,X265,X581,X626
2,X6,X10,X14,X26,X27,X52,X73,X92,X111,X125,X208,X581,X626
3,X8,X10,X41,X43,X91,X100,X125,X127,X128,X173,X270,X299,X356
4,X10,X11,X23,X26,X33,X35,X49,X52,X96,X118,X125,X208,X581
5,X10,X11,X23,X26,X33,X35,X49,X52,X96,X118,X125,X208,X581
6,X10,X11,X23,X33,X35,X49,X52,X96,X105,X118,X265,X291,X626
7,X9,X11,X23,X26,X33,X35,X49,X52,X96,X118,X125,X208,X581
8,X17,X18,X23,X26,X33,X35,X49,X52,X96,X118,X197,X208,X581
9,X3,X17,X19,X23,X49,X64,X73,X114,X201,X208,X270,X272,X581
10,X10,X11,X23,X33,X35,X49,X52,X96,X105,X118,X219,X311,X315
11,X6,X12,X13,X19,X49,X72,X109,X111,X201,X208,X270,X272,X581
12,X13,X17,X30,X31,X45,X64,X109,X201,X272,X303,X604,X626,X763
13,X17,X18,X23,X64,X103,X111,X122,X201,X272,X303,X604,X626,X763
14,X13,X17,X30,X31,X37,X72,X96,X100,X272,X303,X604,X626,X763
15,X2,X3,X7,X8,X31,X68,X111,X114,X116,X122,X264,X356,X581
16,X17,X18,X23,X64,X91,X103,X114,X201,X272,X303,X604,X626,X763
17,X8,X12,X19,X22,X26,X45,X111,X114,X116,X122,X303,X421,X472
18,X10,X11,X19,X22,X26,X45,X111,X114,X116,X122,X303,X421,X472
19,X8,X12,X19,X22,X26,X45,X111,X114,X116,X122,X303,X421,X472
20,X4,X13,X18,X22,X49,X73,X111,X114,X116,X122,X604,X626,X763
21,X2,X3,X7,X8,X26,X45,X111,X114,X116,X122,X303,X421,X472
22,X3,X7,X8,X9,X26,X45,X111,X114,X116,X122,X303,X421,X472
23,X3,X7,X8,X9,X26,X45,X111,X114,X116,X122,X303,X421,X472
24,X3,X7,X8,X9,X26,X45,X111,X114,X116,X122,X303,X421,X472
25,X6,X17,X19,X23,X35,X37,X111,X159,X270,X311,X382,X536,X608
26,X3,X7,X8,X9,X26,X45,X111,X114,X116,X122,X264,X356,X581
27,X17,X18,X23,X49,X72,X114,X159,X201,X270,X303,X604,X626,X763
28,X3,X7,X8,X9,X26,X45,X111,X114,X116,X122,X303,X421,X615
29,X3,X7,X8,X9,X26,X45,X111,X114,X116,X122,X303,X421,X615
30,X17,X18,X23,X122,X144,X201,X291,X303,X382,X604,X626,X691,X763
31,X3,X7,X8,X9,X26,X45,X111,X114,X116,X122,X382,X502,X691
32,X3,X7,X8,X9,X10,X26,X45,X111,X114,X116,X382,X502,X691
33,X3,X7,X8,X9,X10,X26,X45,X111,X114,X116,X472,X502,X608
34,X14,X16,X17,X18,X22,X26,X68,X103,X111,X272,X303,X421,X472
35,X14,X17,X19,X52,X64,X103,X208,X270,X311,X382,X536,X608,X763
36,X26,X27,X33,X37,X91,X96,X111,X122,X201,X211,X382,X502,X691
37,X8,X13,X19,X31,X64,X111,X121,X122,X201,X303,X421,X502,X608
38,X17,X39,X52,X64,X83,X122,X125,X197,X200,X201,X303,X382,X691
39,X12,X17,X52,X64,X83,X122,X125,X201,X303,X382,X626,X691,X763
40,X26,X27,X33,X41,X52,X64,X103,X111,X122,X151,X626,X691,X763
41,X27,X33,X41,X103,X122,X125,X128,X201,X303,X382,X626,X691,X763
42,X13,X26,X27,X33,X41,X103,X122,X125,X201,X303,X382,X626,X691
43,X10,X11,X19,X103,X122,X128,X201,X249,X303,X382,X626,X691,X763
44,X17,X18,X23,X49,X103,X122,X125,X201,X303,X382,X626,X691,X763
45,X8,X13,X18,X26,X52,X64,X103,X111,X122,X151,X626,X691,X763
46,X8,X13,X18,X22,X23,X26,X103,X122,X151,X220,X626,X691,X763
47,X17,X52,X68,X83,X94,X109,X111,X144,X151,X303,X472,X502,X691
48,X26,X27,X33,X41,X64,X92,X103,X111,X122,X220,X626,X691,X763
49,X16,X17,X18,X41,X103,X111,X186,X197,X200,X303,X421,X472,X691
50,X26,X27,X33,X64,X103,X111,X186,X197,X200,X303,X421,X472,X691
51,X17,X18,X23,X41,X64,X72,X92,X103,X111,X122,X220,X626,X763
52,X17,X18,X23,X41,X52,X64,X103,X111,X122,X151,X626,X691,X763
53,X17,X18,X23,X41,X52,X64,X103,X111,X122,X151,X626,X691,X763
54,X26,X27,X33,X41,X103,X111,X151,X211,X219,X272,X626,X691,X763
55,X4,X8,X13,X49,X103,X111,X122,X125,X151,X200,X626,X691,X763
56,X26,X27,X33,X41,X103,X111,X151,X211,X219,X272,X626,X691,X763
57,X17,X18,X41,X43,X64,X103,X111,X186,X197,X200,X201,X303,X472
58,X17,X18,X23,X49,X94,X111,X144,X151,X299,X303,X626,X691,X763
59,X2,X3,X7,X8,X18,X22,X23,X103,X114,X151,X626,X691,X763
60,X17,X18,X33,X37,X111,X122,X197,X200,X201,X220,X303,X502,X536
61,X14,X17,X19,X22,X103,X114,X116,X186,X197,X200,X201,X472,X763
62,X18,X41,X64,X103,X111,X186,X197,X200,X201,X220,X626,X691,X763
63,X4,X8,X13,X23,X68,X103,X111,X144,X151,X299,X303,X421,X472
64,X14,X17,X19,X22,X103,X114,X116,X186,X197,X200,X201,X472,X763
65,X26,X27,X33,X49,X103,X114,X197,X200,X201,X220,X270,X303,X472
66,X26,X27,X33,X49,X103,X114,X197,X200,X201,X220,X270,X303,X472
67,X14,X17,X19,X22,X103,X114,X197,X200,X201,X220,X270,X303,X472
68,X8,X18,X22,X23,X26,X103,X108,X111,X151,X299,X350,X472,X502
69,X3,X7,X8,X13,X18,X22,X23,X26,X105,X114,X151,X303,X472
70,X17,X18,X33,X49,X103,X114,X197,X200,X201,X220,X270,X303,X472
71,X17,X18,X33,X37,X41,X52,X122,X151,X197,X220,X303,X502,X536
72,X4,X8,X13,X16,X18,X23,X26,X90,X103,X114,X197,X270,X303
73,X26,X27,X33,X49,X103,X114,X121,X122,X125,X303,X382,X421,X608
74,X8,X13,X18,X22,X23,X24,X26,X114,X150,X151,X303,X472,X502
75,X8,X13,X18,X22,X23,X24,X26,X114,X150,X151,X303,X472,X502
76,X8,X13,X18,X22,X23,X24,X26,X114,X150,X151,X303,X502,X536
77,X8,X10,X13,X18,X23,X33,X103,X118,X122,X303,X350,X472,X502
78,X4,X13,X23,X49,X103,X114,X121,X122,X151,X220,X303,X447,X472
79,X17,X18,X33,X37,X41,X52,X103,X114,X151,X201,X249,X303,X472
80,X17,X18,X33,X37,X41,X52,X103,X114,X151,X201,X249,X303,X472
81,X12,X26,X33,X49,X64,X122,X125,X151,X201,X249,X303,X472,X615
82,X3,X13,X18,X22,X23,X30,X103,X105,X201,X219,X249,X303,X472
83,X8,X13,X18,X22,X23,X30,X103,X105,X201,X219,X249,X303,X472
84,X3,X13,X18,X22,X23,X30,X103,X105,X201,X219,X249,X303,X472
85,X17,X18,X33,X37,X41,X52,X103,X118,X122,X201,X270,X303,X472
86,X4,X8,X18,X22,X23,X52,X103,X118,X122,X201,X270,X303,X472
87,X2,X10,X13,X18,X23,X26,X103,X122,X151,X157,X303,X350,X472
88,X3,X8,X13,X18,X22,X23,X26,X118,X122,X272,X303,X472,X502
89,X3,X8,X13,X18,X26,X90,X103,X122,X151,X303,X350,X472,X581
90,X3,X23,X42,X68,X92,X103,X122,X125,X220,X303,X382,X502,X536
91,X3,X8,X23,X42,X68,X92,X125,X128,X151,X303,X350,X472,X502
92,X3,X14,X18,X23,X26,X27,X118,X122,X249,X303,X421,X472,X502
93,X1,X3,X14,X18,X26,X27,X118,X122,X249,X303,X421,X502,X536
94,X3,X14,X18,X23,X26,X27,X103,X118,X122,X151,X303,X472,X626
95,X3,X14,X18,X23,X26,X27,X118,X122,X249,X303,X421,X502,X536
96,X3,X14,X16,X18,X23,X26,X43,X118,X151,X163,X173,X220,X472
97,X8,X14,X16,X18,X23,X26,X43,X118,X151,X163,X173,X220,X472
98,X3,X14,X18,X23,X26,X27,X118,X122,X249,X275,X303,X472,X626
99,X8,X14,X16,X18,X23,X26,X43,X125,X197,X249,X421,X472,X626
100,X3,X14,X18,X23,X26,X27,X118,X122,X249,X270,X303,X502,X536
101,X3,X8,X13,X22,X23,X26,X90,X114,X151,X187,X200,X208,X421
102,X3,X8,X13,X23,X26,X27,X125,X249,X272,X303,X421,X472,X502
103,X3,X13,X22,X23,X26,X27,X90,X103,X151,X249,X303,X536,X554
104,X4,X8,X13,X22,X26,X27,X118,X122,X151,X163,X303,X472,X502
105,X3,X8,X13,X18,X19,X23,X103,X118,X122,X187,X249,X303,X536
106,X4,X8,X13,X18,X23,X26,X103,X118,X122,X187,X249,X303,X536
107,X3,X18,X22,X23,X33,X103,X122,X125,X150,X249,X303,X382,X554
108,X3,X18,X22,X23,X94,X114,X122,X151,X187,X249,X265,X303,X350
109,X24,X26,X27,X33,X68,X114,X122,X151,X173,X272,X303,X472,X502
110,X3,X8,X13,X18,X19,X23,X42,X122,X303,X382,X421,X472,X502
111,X3,X8,X13,X18,X19,X23,X42,X122,X303,X382,X421,X472,X502
112,X3,X8,X13,X18,X19,X23,X42,X122,X303,X382,X421,X472,X502
113,X1,X3,X14,X18,X23,X26,X83,X151,X173,X249,X468,X472,X502
114,X3,X8,X23,X26,X27,X91,X114,X122,X303,X382,X421,X502,X738
115,X1,X3,X13,X18,X19,X23,X73,X151,X201,X249,X303,X536,X554
116,X3,X8,X13,X18,X23,X26,X118,X122,X200,X208,X264,X536,X554
117,X1,X3,X18,X19,X23,X90,X91,X103,X114,X187,X303,X536,X554
118,X4,X9,X24,X26,X27,X33,X52,X83,X90,X103,X114,X303,X472
119,X4,X9,X24,X26,X27,X33,X52,X83,X90,X103,X114,X303,X472
120,X13,X18,X23,X26,X41,X90,X122,X125,X151,X303,X382,X421,X738
121,X3,X13,X18,X23,X26,X90,X122,X125,X151,X173,X249,X303,X502
122,X3,X13,X18,X23,X26,X90,X122,X125,X187,X201,X272,X472,X502
123,X11,X26,X27,X33,X103,X122,X144,X151,X229,X249,X303,X421,X554
124,X2,X5,X7,X9,X23,X103,X114,X122,X173,X200,X208,X272,X554
125,X1,X3,X14,X18,X23,X90,X114,X122,X125,X144,X249,X472,X502
126,X1,X3,X14,X18,X23,X90,X114,X122,X125,X144,X249,X472,X502
127,X3,X4,X14,X18,X23,X114,X122,X125,X144,X200,X303,X421,X502
128,X1,X3,X14,X18,X23,X90,X114,X122,X125,X144,X249,X472,X502
129,X1,X3,X14,X18,X23,X90,X114,X122,X125,X144,X200,X208,X554
130,X1,X3,X14,X18,X23,X90,X114,X122,X125,X144,X200,X208,X554
131,X9,X18,X22,X23,X103,X114,X125,X173,X200,X208,X536,X554,X608
132,X9,X18,X22,X23,X103,X114,X125,X173,X200,X208,X536,X554,X608
133,X9,X13,X18,X23,X26,X90,X103,X114,X229,X249,X303,X536,X554
134,X9,X18,X22,X23,X103,X114,X122,X125,X173,X200,X208,X536,X554
135,X9,X24,X26,X27,X33,X114,X122,X144,X200,X350,X472,X502,X536
136,X9,X24,X26,X27,X33,X114,X122,X144,X200,X270,X350,X472,X502
137,X3,X8,X13,X18,X23,X96,X103,X108,X122,X151,X173,X208,X691
138,X3,X13,X18,X23,X26,X43,X111,X114,X122,X151,X173,X208,X502
139,X3,X18,X23,X105,X114,X118,X122,X125,X173,X200,X303,X472,X502
140,X3,X11,X13,X18,X23,X26,X90,X103,X122,X151,X173,X208,X691
141,X9,X11,X13,X18,X23,X26,X90,X103,X122,X151,X173,X208,X691
142,X9,X11,X13,X18,X23,X26,X90,X103,X122,X151,X173,X208,X691
143,X9,X11,X13,X18,X23,X26,X90,X103,X122,X151,X173,X208,X691
144,X1,X3,X13,X18,X23,X24,X26,X41,X114,X122,X151,X208,X502
145,X3,X13,X18,X23,X26,X39,X103,X114,X122,X151,X173,X208,X265
146,X1,X3,X13,X18,X23,X90,X103,X114,X151,X173,X249,X472,X763
147,X3,X13,X18,X23,X26,X39,X103,X114,X122,X151,X173,X208,X265
148,X3,X18,X23,X68,X109,X111,X114,X122,X151,X200,X249,X472,X763
149,X3,X18,X23,X68,X109,X111,X114,X122,X151,X200,X249,X472,X763
150,X3,X9,X23,X121,X122,X151,X159,X197,X229,X249,X272,X303,X502
151,X9,X24,X27,X33,X109,X111,X114,X122,X151,X200,X249,X472,X763
152,X9,X24,X27,X33,X109,X111,X114,X122,X151,X200,X249,X472,X763
153,X3,X9,X23,X122,X144,X151,X173,X181,X200,X201,X249,X272,X303
154,X9,X13,X18,X19,X29,X39,X83,X90,X114,X122,X151,X208,X303
155,X9,X13,X18,X19,X29,X39,X83,X90,X114,X122,X151,X208,X303
156,X9,X24,X27,X33,X109,X111,X114,X122,X151,X200,X249,X472,X763
157,X3,X10,X13,X19,X29,X39,X83,X90,X114,X122,X151,X208,X303
158,X3,X10,X13,X19,X29,X39,X83,X90,X114,X122,X151,X208,X303
159,X9,X13,X18,X19,X27,X33,X108,X114,X151,X249,X303,X502,X554
160,X18,X19,X23,X31,X68,X73,X96,X108,X114,X151,X197,X208,X502
161,X18,X19,X23,X31,X68,X73,X96,X108,X114,X151,X303,X502,X581
162,X9,X13,X19,X23,X27,X33,X108,X114,X151,X173,X249,X303,X502
163,X18,X23,X27,X33,X52,X94,X108,X111,X114,X200,X472,X502,X763
164,X9,X13,X18,X19,X27,X33,X108,X114,X151,X173,X200,X502,X608
165,X9,X13,X18,X19,X27,X33,X108,X114,X151,X173,X200,X502,X608
166,X9,X13,X18,X19,X27,X33,X103,X108,X114,X151,X197,X200,X303
167,X9,X24,X26,X27,X33,X94,X108,X111,X114,X122,X173,X502,X615
168,X18,X23,X83,X103,X122,X144,X159,X173,X181,X200,X249,X303,X502
169,X9,X13,X18,X19,X27,X33,X108,X114,X151,X181,X249,X303,X502
170,X9,X13,X18,X19,X27,X33,X108,X114,X151,X181,X249,X303,X502
171,X9,X14,X19,X23,X27,X33,X94,X114,X151,X200,X211,X249,X472
172,X12,X24,X26,X27,X33,X49,X108,X111,X151,X173,X200,X265,X502
173,X24,X27,X33,X39,X94,X103,X114,X151,X173,X249,X272,X447,X502
174,X19,X24,X83,X103,X122,X144,X159,X173,X181,X200,X249,X303,X502
175,X9,X17,X23,X27,X33,X45,X114,X151,X181,X200,X211,X249,X472
176,X9,X13,X18,X23,X39,X41,X68,X114,X151,X249,X265,X502,X608
177,X1,X9,X18,X23,X33,X45,X114,X151,X181,X200,X211,X249,X472
178,X13,X18,X19,X23,X26,X27,X68,X103,X114,X197,X200,X272,X303
179,X4,X9,X16,X18,X23,X68,X114,X118,X151,X157,X249,X303,X502
180,X9,X11,X17,X27,X33,X68,X114,X151,X159,X181,X200,X272,X472
181,X18,X19,X23,X26,X27,X68,X72,X114,X118,X151,X157,X272,X303
182,X4,X9,X16,X18,X23,X68,X72,X114,X118,X157,X181,X272,X303
183,X9,X13,X18,X24,X27,X68,X72,X114,X118,X157,X181,X272,X303
184,X8,X9,X11,X17,X39,X68,X72,X114,X118,X157,X181,X272,X303
185,X9,X13,X18,X19,X27,X33,X114,X151,X249,X264,X421,X472,X502
186,X18,X23,X27,X33,X52,X94,X105,X114,X118,X151,X200,X211,X249
187,X9,X19,X24,X33,X92,X94,X108,X200,X211,X249,X265,X502,X604
188,X9,X19,X33,X92,X94,X108,X118,X211,X249,X264,X303,X738,X763
189,X9,X19,X33,X92,X94,X108,X118,X211,X249,X264,X303,X738,X763
190,X9,X19,X33,X92,X94,X108,X114,X118,X249,X264,X421,X472,X502
191,X9,X19,X33,X92,X94,X108,X111,X114,X118,X197,X211,X275,X303
192,X19,X24,X27,X33,X39,X41,X94,X114,X118,X197,X211,X275,X303
193,X9,X19,X33,X92,X94,X108,X118,X211,X249,X264,X356,X502,X763
194,X12,X19,X24,X39,X91,X103,X114,X118,X173,X197,X211,X299,X350
195,X12,X19,X39,X91,X103,X114,X118,X121,X173,X197,X211,X299,X350
196,X8,X9,X11,X17,X39,X64,X68,X103,X114,X200,X211,X249,X604
197,X9,X19,X33,X92,X94,X108,X118,X211,X249,X356,X502,X691,X763
198,X8,X9,X11,X17,X64,X108,X118,X211,X249,X356,X502,X691,X763
199,X8,X9,X11,X17,X64,X108,X118,X151,X163,X200,X211,X299,X502
200,X8,X12,X14,X19,X27,X33,X39,X92,X103,X114,X181,X200,X249
201,X8,X12,X14,X19,X27,X33,X39,X92,X103,X114,X181,X200,X249
202,X9,X16,X18,X23,X27,X33,X94,X105,X163,X200,X211,X299,X350
203,X8,X9,X11,X17,X39,X64,X103,X111,X114,X200,X211,X299,X350
204,X8,X9,X11,X17,X29,X33,X41,X103,X114,X197,X211,X299,X350
205,X1,X7,X16,X23,X27,X33,X94,X105,X163,X200,X211,X299,X350
206,X9,X18,X19,X33,X94,X103,X114,X118,X163,X200,X211,X299,X350
207,X7,X12,X18,X23,X39,X103,X111,X151,X163,X200,X211,X299,X350
208,X9,X19,X33,X35,X90,X94,X103,X111,X163,X181,X200,X299,X350
209,X9,X19,X33,X35,X90,X94,X103,X111,X163,X181,X200,X299,X350
210,X5,X18,X23,X33,X94,X103,X111,X220,X249,X265,X299,X350,X421
211,X5,X18,X19,X33,X43,X94,X103,X108,X114,X126,X249,X299,X350
212,X19,X23,X27,X33,X73,X94,X96,X111,X114,X144,X211,X299,X350
213,X19,X23,X27,X33,X73,X94,X96,X114,X118,X122,X200,X211,X350
214,X19,X23,X27,X33,X73,X96,X111,X114,X144,X211,X229,X299,X350
215,X12,X18,X23,X39,X103,X111,X114,X121,X144,X211,X229,X299,X350
216,X19,X23,X27,X33,X73,X96,X114,X118,X122,X200,X211,X315,X350
217,X19,X23,X27,X33,X73,X96,X114,X118,X122,X200,X211,X299,X350
218,X18,X23,X27,X33,X73,X96,X114,X118,X122,X200,X211,X299,X350
219,X19,X23,X27,X33,X73,X94,X96,X114,X118,X122,X200,X211,X350
220,X5,X18,X24,X33,X73,X94,X96,X114,X118,X122,X200,X211,X350
221,X19,X23,X27,X33,X73,X94,X96,X109,X114,X151,X211,X299,X350
222,X19,X23,X27,X33,X73,X94,X96,X114,X118,X122,X200,X211,X350
223,X19,X23,X27,X33,X73,X94,X96,X114,X118,X122,X200,X211,X350
224,X19,X23,X27,X33,X73,X94,X96,X114,X118,X122,X200,X211,X350
225,X19,X23,X27,X33,X73,X94,X96,X114,X118,X122,X200,X211,X350
226,X11,X19,X23,X27,X33,X73,X94,X96,X114,X181,X200,X211,X350
227,X8,X11,X26,X27,X33,X73,X94,X96,X114,X181,X200,X211,X350
228,X8,X19,X24,X33,X73,X94,X96,X114,X118,X122,X200,X211,X350
229,X19,X23,X30,X33,X94,X103,X111,X163,X181,X200,X219,X299,X350
230,X16,X19,X23,X27,X39,X73,X94,X96,X151,X211,X299,X350,X604
231,X8,X9,X23,X27,X33,X103,X111,X163,X181,X200,X219,X299,X350
232,X19,X23,X30,X33,X94,X103,X111,X116,X181,X200,X219,X350,X691
233,X1,X4,X9,X19,X33,X73,X94,X96,X118,X122,X200,X211,X303
234,X1,X4,X9,X19,X33,X73,X94,X96,X118,X122,X200,X211,X303
235,X1,X9,X19,X24,X30,X72,X94,X114,X151,X181,X211,X299,X350
236,X8,X11,X24,X30,X103,X111,X211,X220,X249,X265,X270,X303,X447
237,X7,X8,X23,X27,X33,X94,X103,X114,X200,X211,X219,X299,X350
238,X10,X19,X23,X26,X30,X73,X94,X118,X122,X144,X200,X211,X303
239,X4,X10,X12,X14,X18,X33,X103,X220,X249,X265,X270,X502,X554
240,X5,X19,X23,X30,X41,X73,X94,X114,X151,X200,X211,X264,X691
241,X1,X10,X12,X14,X18,X33,X103,X220,X249,X265,X270,X303,X447
242,X5,X9,X19,X30,X94,X114,X163,X249,X299,X356,X502,X554,X763
243,X8,X9,X19,X24,X30,X94,X114,X151,X157,X163,X200,X211,X264
244,X1,X6,X9,X18,X33,X103,X111,X126,X249,X265,X315,X447,X468
245,X8,X11,X24,X30,X90,X94,X105,X151,X200,X211,X356,X554,X581
246,X8,X9,X19,X24,X29,X103,X111,X126,X157,X163,X211,X311,X554
247,X8,X11,X16,X24,X30,X94,X114,X126,X157,X163,X211,X311,X554
248,X8,X23,X30,X103,X111,X201,X211,X220,X249,X265,X270,X303,X554
249,X1,X11,X24,X30,X111,X121,X126,X151,X249,X265,X270,X303,X502
250,X8,X19,X30,X33,X103,X111,X126,X151,X208,X249,X356,X502,X554
251,X19,X30,X33,X103,X111,X201,X211,X220,X265,X315,X447,X468,X763
252,X19,X30,X33,X103,X111,X201,X211,X220,X265,X315,X447,X468,X763
253,X19,X30,X33,X68,X103,X111,X201,X211,X220,X265,X315,X468,X763
254,X1,X9,X24,X30,X90,X94,X103,X111,X208,X249,X265,X270,X763
255,X1,X14,X19,X24,X30,X45,X103,X111,X208,X249,X265,X270,X763
256,X9,X10,X24,X30,X90,X94,X103,X111,X208,X249,X265,X270,X691
257,X8,X14,X19,X24,X30,X45,X103,X111,X208,X249,X265,X270,X763
258,X8,X14,X19,X24,X30,X45,X103,X111,X208,X249,X265,X270,X763
259,X8,X14,X19,X24,X30,X45,X103,X111,X208,X249,X265,X270,X763
260,X1,X19,X30,X33,X90,X111,X126,X144,X265,X303,X502,X536,X554
261,X1,X19,X30,X33,X90,X111,X126,X144,X265,X303,X502,X536,X554
262,X7,X33,X94,X103,X111,X126,X144,X249,X265,X303,X502,X536,X691
263,X5,X19,X30,X35,X45,X94,X96,X144,X151,X163,X200,X211,X264
264,X1,X3,X19,X24,X30,X103,X126,X144,X187,X265,X270,X303,X536
265,X1,X9,X19,X24,X64,X92,X103,X118,X200,X211,X350,X468,X502
266,X3,X19,X24,X30,X90,X94,X111,X126,X144,X211,X275,X291,X554
267,X1,X10,X19,X24,X30,X103,X126,X144,X187,X265,X270,X303,X536
268,X3,X9,X19,X24,X64,X92,X103,X118,X157,X187,X211,X275,X303
269,X3,X9,X19,X24,X64,X92,X103,X118,X157,X187,X211,X275,X303
270,X3,X9,X19,X24,X64,X92,X103,X118,X157,X187,X211,X275,X303
271,X3,X9,X19,X24,X64,X92,X103,X118,X157,X187,X211,X275,X303
272,X3,X9,X19,X24,X64,X92,X103,X118,X157,X187,X211,X275,X303
273,X1,X5,X19,X24,X30,X35,X45,X94,X103,X144,X211,X299,X303
274,X3,X19,X24,X35,X68,X94,X121,X151,X265,X270,X303,X536,X581
275,X19,X24,X30,X90,X94,X121,X151,X200,X229,X264,X265,X270,X303
276,X3,X9,X19,X24,X26,X30,X94,X116,X126,X144,X150,X200,X264
277,X1,X19,X24,X30,X33,X45,X92,X103,X151,X200,X211,X299,X303
278,X1,X19,X24,X30,X33,X45,X92,X103,X151,X200,X211,X299,X303
279,X3,X19,X24,X30,X33,X45,X92,X103,X151,X200,X211,X299,X303
280,X1,X5,X8,X19,X30,X35,X45,X103,X151,X200,X211,X299,X303
281,X1,X6,X19,X24,X30,X92,X94,X118,X200,X264,X265,X270,X303
282,X2,X13,X24,X30,X92,X94,X116,X126,X144,X150,X211,X299,X303
283,X3,X19,X26,X30,X92,X103,X114,X208,X249,X350,X472,X536,X604
284,X1,X6,X19,X24,X92,X94,X116,X126,X144,X150,X211,X299,X303
285,X3,X19,X24,X103,X111,X125,X151,X220,X249,X291,X303,X536,X604
286,X19,X24,X30,X90,X94,X126,X151,X220,X249,X270,X303,X468,X536
287,X1,X24,X26,X29,X41,X103,X111,X151,X208,X249,X350,X468,X536
288,X19,X24,X30,X90,X126,X151,X187,X249,X265,X270,X303,X356,X468
289,X3,X19,X24,X26,X94,X126,X151,X220,X249,X291,X303,X536,X604
290,X1,X5,X16,X24,X35,X103,X111,X151,X208,X249,X350,X468,X536
291,X3,X13,X24,X30,X35,X103,X111,X151,X208,X249,X350,X468,X536
292,X3,X13,X19,X24,X26,X103,X111,X151,X208,X249,X350,X468,X536
293,X3,X18,X24,X30,X35,X103,X111,X151,X208,X249,X350,X468,X536
294,X1,X6,X19,X24,X30,X111,X151,X187,X208,X249,X350,X468,X536
295,X1,X6,X19,X24,X30,X111,X151,X187,X208,X249,X350,X468,X536
296,X3,X7,X13,X19,X26,X103,X111,X151,X208,X249,X350,X468,X604
297,X5,X14,X19,X24,X26,X30,X90,X94,X111,X200,X264,X265,X303
298,X5,X14,X19,X24,X26,X30,X90,X94,X111,X200,X264,X265,X303
299,X3,X19,X24,X30,X72,X151,X208,X249,X350,X468,X536,X615,X738
300,X5,X14,X19,X24,X26,X30,X90,X94,X111,X200,X264,X265,X303
301,X3,X18,X24,X94,X150,X157,X220,X249,X303,X350,X382,X468,X604
302,X3,X13,X19,X24,X26,X30,X90,X94,X111,X200,X264,X265,X303
303,X3,X5,X24,X94,X150,X157,X220,X249,X303,X350,X382,X468,X502
304,X5,X13,X19,X23,X24,X26,X90,X94,X111,X200,X264,X265,X303
305,X3,X5,X24,X30,X35,X43,X111,X151,X220,X249,X270,X303,X421
306,X3,X5,X24,X30,X35,X43,X111,X151,X220,X249,X270,X468,X502
307,X3,X30,X90,X150,X151,X249,X265,X270,X275,X291,X350,X382,X554
308,X3,X14,X19,X24,X35,X94,X111,X200,X264,X265,X270,X275,X303
309,X3,X14,X19,X24,X35,X94,X111,X200,X264,X265,X270,X275,X303
310,X3,X5,X24,X30,X35,X43,X151,X220,X249,X265,X270,X303,X536
311,X5,X10,X13,X33,X35,X43,X151,X220,X249,X265,X270,X303,X536
312,X3,X13,X24,X30,X33,X37,X94,X109,X144,X181,X350,X468,X536
313,X3,X13,X19,X24,X30,X33,X103,X109,X144,X150,X350,X468,X536
314,X13,X19,X24,X30,X33,X39,X94,X109,X144,X299,X350,X468,X502
315,X3,X16,X19,X22,X24,X30,X68,X94,X111,X220,X265,X303,X536
316,X3,X14,X19,X22,X24,X30,X68,X94,X111,X220,X265,X303,X536
317,X3,X14,X19,X22,X24,X30,X68,X94,X111,X220,X265,X303,X468
318,X3,X14,X19,X22,X24,X30,X68,X94,X111,X220,X265,X303,X763
319,X3,X14,X19,X22,X24,X30,X68,X94,X111,X220,X265,X303,X536
320,X3,X14,X19,X22,X24,X30,X68,X94,X111,X220,X265,X303,X536
321,X3,X14,X19,X22,X24,X30,X68,X94,X111,X220,X265,X303,X536
322,X3,X14,X19,X22,X24,X30,X68,X94,X111,X220,X265,X303,X536
323,X3,X5,X19,X24,X35,X64,X83,X94,X109,X144,X350,X382,X554
324,X13,X19,X24,X30,X35,X64,X83,X94,X109,X144,X350,X382,X554
325,X13,X19,X24,X30,X35,X64,X83,X94,X109,X144,X350,X382,X554
326,X13,X19,X24,X26,X30,X52,X72,X220,X249,X270,X421,X502,X536
327,X3,X13,X14,X24,X26,X94,X151,X220,X291,X303,X356,X468,X502
328,X13,X19,X24,X26,X30,X52,X72,X94,X249,X270,X468,X502,X615
329,X5,X12,X13,X24,X30,X35,X68,X72,X94,X220,X265,X303,X554
330,X3,X14,X24,X26,X30,X33,X52,X151,X265,X270,X303,X315,X536
331,X5,X12,X13,X24,X30,X35,X68,X72,X118,X220,X265,X303,X554
332,X3,X5,X19,X35,X64,X94,X122,X151,X220,X249,X265,X270,X468
333,X3,X14,X24,X26,X30,X33,X52,X109,X151,X270,X303,X315,X536
334,X3,X5,X19,X35,X64,X94,X150,X249,X265,X270,X350,X382,X468
335,X3,X5,X19,X35,X42,X64,X122,X159,X249,X270,X350,X382,X468
336,X5,X14,X24,X26,X35,X52,X94,X151,X249,X265,X270,X502,X536
337,X5,X14,X24,X26,X35,X52,X94,X151,X249,X265,X270,X502,X536
338,X5,X14,X24,X26,X35,X52,X94,X151,X249,X265,X270,X502,X536
339,X3,X14,X24,X30,X35,X52,X94,X151,X219,X249,X265,X270,X468
340,X3,X14,X24,X103,X121,X151,X208,X220,X270,X315,X350,X382,X468
341,X24,X26,X30,X64,X103,X128,X181,X187,X265,X270,X303,X315,X536
342,X3,X14,X23,X30,X64,X94,X109,X200,X270,X303,X315,X382,X502
343,X5,X13,X14,X24,X26,X94,X151,X201,X249,X265,X270,X502,X615
344,X3,X14,X23,X30,X64,X94,X109,X200,X220,X249,X270,X468,X615
345,X3,X14,X23,X30,X64,X94,X109,X200,X220,X249,X270,X468,X615
346,X3,X14,X23,X30,X64,X94,X109,X200,X220,X249,X270,X468,X615
347,X3,X9,X23,X30,X64,X128,X200,X249,X265,X270,X272,X303,X502
348,X5,X17,X19,X24,X26,X64,X200,X249,X265,X270,X272,X303,X502
349,X5,X6,X23,X24,X72,X94,X109,X151,X220,X265,X270,X303,X536
350,X3,X13,X14,X24,X26,X94,X151,X201,X249,X270,X272,X303,X502
351,X3,X13,X14,X24,X26,X94,X151,X201,X249,X270,X272,X303,X502
352,X5,X7,X13,X23,X94,X151,X211,X220,X249,X265,X303,X315,X502
353,X3,X13,X14,X24,X26,X94,X109,X151,X249,X265,X270,X502,X615
354,X5,X7,X14,X23,X30,X64,X94,X109,X220,X265,X270,X303,X554
355,X3,X13,X14,X24,X26,X94,X109,X151,X249,X265,X270,X502,X615
356,X3,X19,X24,X118,X121,X151,X181,X187,X201,X220,X249,X272,X303
357,X3,X19,X24,X118,X121,X151,X181,X187,X201,X220,X249,X272,X303
358,X24,X26,X30,X35,X94,X159,X201,X211,X249,X265,X270,X303,X315
359,X2,X5,X24,X26,X35,X52,X92,X94,X151,X265,X303,X502,X536
360,X5,X7,X24,X26,X43,X94,X159,X200,X265,X303,X315,X502,X626
361,X5,X19,X24,X26,X94,X103,X151,X173,X249,X265,X270,X502,X626
362,X5,X11,X13,X14,X24,X26,X94,X151,X200,X220,X291,X502,X626
363,X5,X19,X24,X26,X103,X121,X151,X200,X220,X249,X265,X472,X502
364,X3,X5,X19,X24,X26,X83,X91,X92,X109,X270,X303,X502,X615
365,X3,X19,X24,X26,X103,X151,X173,X249,X265,X270,X502,X554,X626
366,X5,X6,X24,X26,X103,X151,X173,X249,X265,X270,X502,X554,X626
367,X5,X6,X24,X26,X29,X103,X151,X173,X249,X265,X270,X291,X626
368,X5,X6,X24,X26,X29,X103,X151,X173,X249,X265,X270,X291,X626
369,X24,X26,X30,X35,X103,X111,X151,X173,X249,X265,X270,X291,X626
370,X24,X26,X30,X35,X103,X111,X151,X173,X249,X265,X270,X291,X626
371,X5,X19,X24,X26,X43,X94,X151,X200,X220,X249,X265,X502,X626
372,X3,X19,X24,X26,X103,X111,X151,X173,X249,X265,X270,X291,X626
373,X2,X5,X11,X16,X24,X26,X52,X94,X103,X220,X421,X472,X502
374,X4,X19,X24,X26,X94,X108,X151,X220,X249,X265,X270,X291,X626
375,X2,X5,X11,X16,X24,X26,X91,X103,X109,X249,X265,X270,X615
376,X24,X26,X30,X35,X103,X111,X114,X151,X220,X249,X265,X291,X626
377,X2,X5,X11,X16,X24,X26,X52,X94,X103,X108,X220,X303,X608
378,X2,X5,X11,X16,X24,X26,X52,X94,X103,X108,X220,X303,X615
379,X24,X26,X30,X35,X103,X111,X114,X151,X220,X249,X265,X291,X626
380,X19,X24,X94,X103,X121,X151,X200,X220,X249,X264,X265,X502,X691
381,X3,X9,X19,X24,X26,X29,X103,X151,X220,X249,X265,X291,X626
382,X3,X5,X11,X16,X29,X103,X200,X220,X249,X265,X270,X502,X691
383,X19,X24,X29,X35,X39,X114,X126,X151,X186,X220,X249,X265,X270
384,X19,X24,X29,X35,X39,X114,X126,X151,X186,X220,X249,X265,X270
385,X19,X24,X29,X35,X39,X114,X126,X151,X186,X220,X249,X265,X270
386,X22,X24,X30,X103,X116,X121,X200,X220,X249,X264,X265,X270,X615
387,X19,X24,X26,X103,X116,X121,X200,X220,X249,X264,X265,X270,X421
388,X24,X30,X35,X64,X103,X111,X200,X220,X249,X264,X265,X270,X311
389,X19,X24,X26,X103,X116,X121,X200,X249,X265,X270,X303,X615,X626
390,X19,X24,X26,X103,X116,X121,X200,X249,X265,X270,X303,X615,X626
391,X5,X6,X24,X29,X30,X151,X249,X265,X270,X303,X604,X615,X626
392,X5,X7,X24,X26,X29,X103,X200,X249,X265,X270,X303,X615,X626
393,X2,X5,X16,X24,X26,X111,X151,X200,X220,X249,X265,X270,X502
394,X24,X30,X35,X64,X103,X111,X151,X249,X265,X270,X303,X615,X626
395,X5,X19,X26,X30,X103,X116,X200,X220,X249,X265,X270,X303,X615
396,X19,X24,X30,X35,X68,X94,X103,X114,X126,X127,X249,X265,X299
397,X19,X24,X30,X35,X68,X103,X114,X126,X127,X151,X249,X265,X299
398,X1,X3,X9,X19,X22,X26,X29,X103,X249,X265,X270,X303,X615
399,X5,X6,X24,X30,X31,X33,X114,X127,X151,X249,X265,X299,X763
400,X2,X5,X19,X24,X29,X121,X151,X208,X249,X265,X270,X299,X502
401,X19,X24,X30,X35,X43,X103,X151,X249,X265,X270,X303,X608,X738
402,X7,X30,X35,X64,X103,X111,X151,X200,X220,X249,X265,X270,X615
403,X10,X30,X35,X64,X103,X111,X151,X200,X220,X249,X265,X270,X299
404,X19,X24,X27,X30,X35,X96,X103,X114,X126,X249,X265,X270,X472
405,X19,X24,X27,X30,X35,X96,X103,X114,X126,X249,X265,X270,X472
406,X2,X5,X19,X24,X26,X29,X103,X111,X114,X126,X249,X265,X270
407,X5,X26,X27,X30,X31,X96,X114,X126,X151,X229,X265,X270,X315
408,X5,X26,X27,X30,X31,X96,X114,X126,X249,X265,X270,X315,X615
409,X2,X5,X19,X24,X26,X29,X103,X126,X127,X151,X229,X270,X691
410,X12,X24,X30,X31,X35,X94,X122,X200,X220,X249,X265,X270,X382
411,X5,X26,X27,X30,X35,X96,X103,X114,X126,X151,X200,X270,X472
412,X5,X26,X27,X30,X31,X96,X114,X126,X200,X265,X270,X447,X502
413,X24,X30,X35,X64,X103,X111,X114,X126,X127,X151,X200,X270,X299
414,X6,X24,X64,X103,X111,X151,X200,X208,X220,X249,X265,X502,X691
415,X5,X6,X24,X30,X31,X118,X151,X208,X220,X249,X265,X270,X299
416,X5,X24,X30,X31,X35,X151,X208,X220,X229,X249,X265,X270,X502
417,X5,X24,X30,X31,X35,X151,X208,X220,X229,X249,X265,X270,X502
418,X5,X24,X26,X31,X33,X103,X108,X111,X151,X200,X249,X265,X270
419,X5,X26,X27,X30,X31,X96,X114,X126,X220,X249,X265,X270,X502
420,X5,X6,X24,X30,X45,X151,X208,X220,X229,X249,X265,X270,X502
421,X2,X5,X24,X30,X35,X64,X103,X111,X114,X126,X127,X201,X270
422,X19,X24,X30,X103,X105,X111,X114,X127,X181,X197,X200,X229,X270
423,X5,X6,X24,X30,X45,X103,X108,X111,X151,X173,X200,X249,X265
424,X5,X6,X24,X33,X64,X96,X114,X126,X220,X249,X265,X270,X502
425,X5,X26,X27,X30,X31,X103,X116,X126,X127,X200,X249,X265,X270
426,X5,X26,X27,X30,X31,X103,X116,X126,X127,X200,X249,X265,X270
427,X5,X26,X27,X30,X31,X96,X114,X127,X181,X197,X200,X229,X270
428,X5,X26,X27,X30,X31,X103,X116,X126,X127,X200,X249,X265,X270
429,X5,X6,X24,X33,X96,X114,X126,X249,X265,X270,X502,X604,X738
430,X5,X6,X24,X33,X96,X114,X126,X249,X265,X270,X502,X604,X738
431,X1,X4,X5,X24,X33,X114,X126,X151,X220,X249,X265,X270,X356
432,X5,X26,X27,X29,X30,X31,X103,X114,X126,X127,X220,X270,X356
433,X1,X5,X13,X24,X33,X114,X126,X249,X265,X270,X447,X502,X608
434,X5,X9,X13,X24,X33,X114,X126,X249,X265,X270,X447,X502,X608
435,X24,X29,X30,X31,X35,X111,X114,X220,X229,X265,X270,X447,X502
436,X5,X13,X24,X30,X31,X103,X114,X128,X220,X229,X265,X270,X356
437,X5,X7,X14,X26,X27,X30,X31,X103,X114,X220,X265,X270,X356
438,X29,X31,X35,X52,X91,X114,X220,X229,X265,X270,X303,X447,X502
439,X29,X31,X35,X52,X91,X114,X220,X229,X265,X270,X303,X447,X502
440,X29,X31,X35,X52,X91,X114,X220,X229,X265,X270,X303,X447,X502
441,X29,X31,X35,X52,X91,X114,X220,X229,X265,X270,X303,X447,X502
442,X29,X31,X35,X52,X91,X114,X220,X229,X265,X270,X303,X447,X608
443,X29,X31,X35,X52,X91,X114,X220,X229,X265,X270,X303,X447,X608
444,X29,X31,X35,X52,X91,X114,X220,X229,X265,X270,X303,X447,X608
445,X29,X30,X31,X111,X114,X126,X151,X220,X270,X275,X303,X356,X738
446,X24,X30,X35,X91,X127,X157,X220,X229,X249,X265,X270,X502,X608
447,X24,X30,X35,X91,X127,X157,X220,X229,X249,X265,X270,X502,X608
448,X24,X30,X35,X91,X127,X157,X220,X229,X249,X265,X270,X502,X608
449,X24,X30,X49,X91,X127,X157,X220,X229,X265,X270,X311,X315,X447
450,X26,X27,X30,X91,X105,X127,X157,X200,X265,X270,X311,X315,X447
