0,X42,X83,X94,X103,X144,X159,X186,X187,X264,X272,X311,X421,X447
1,X2,X16,X24,X29,X96,X100,X122,X187,X211,X220,X291,X468,X608
2,X4,X12,X14,X17,X24,X72,X92,X105,X144,X157,X159,X265,X350
3,X4,X12,X14,X17,X24,X72,X92,X105,X144,X157,X159,X265,X350
4,X4,X12,X14,X17,X24,X72,X92,X105,X144,X157,X159,X265,X350
5,X5,X6,X11,X13,X14,X72,X92,X105,X144,X157,X159,X265,X350
6,X4,X12,X14,X17,X24,X72,X92,X105,X144,X157,X159,X265,X350
7,X5,X6,X11,X13,X96,X128,X186,X187,X201,X264,X265,X311,X468
8,X1,X2,X5,X13,X23,X43,X114,X122,X187,X219,X303,X315,X604
9,X1,X2,X5,X13,X23,X43,X114,X122,X187,X219,X303,X315,X604
10,X2,X5,X13,X23,X43,X68,X114,X122,X187,X219,X303,X315,X604
11,X4,X12,X14,X17,X24,X49,X96,X122,X220,X229,X447,X472,X581
12,X2,X16,X24,X29,X42,X96,X100,X128,X200,X264,X265,X311,X468
13,X3,X27,X45,X96,X105,X108,X111,X150,X200,X264,X291,X468,X581
14,X3,X27,X45,X96,X105,X108,X111,X150,X200,X264,X291,X468,X581
15,X2,X16,X24,X29,X96,X105,X108,X111,X150,X197,X229,X264,X581
16,X12,X27,X45,X96,X105,X108,X111,X150,X200,X264,X291,X472,X763
17,X1,X2,X16,X49,X144,X157,X186,X197,X299,X311,X421,X615,X738
18,X1,X2,X16,X49,X144,X157,X186,X197,X299,X311,X447,X472,X581
19,X1,X2,X16,X49,X144,X157,X186,X229,X299,X311,X447,X472,X581
20,X1,X2,X16,X49,X144,X157,X186,X229,X299,X311,X447,X472,X581
21,X1,X2,X16,X49,X144,X157,X186,X229,X299,X311,X447,X472,X581
22,X1,X2,X5,X49,X144,X157,X186,X229,X299,X311,X447,X472,X581
23,X2,X5,X10,X49,X144,X157,X186,X229,X299,X311,X447,X472,X581
24,X3,X8,X11,X49,X144,X157,X186,X229,X299,X311,X447,X472,X581
25,X3,X16,X24,X29,X96,X100,X128,X200,X219,X249,X468,X472,X581
26,X3,X16,X24,X29,X96,X100,X128,X200,X219,X249,X468,X472,X581
27,X3,X16,X24,X29,X96,X100,X128,X200,X219,X249,X468,X472,X581
28,X3,X8,X11,X49,X144,X157,X186,X229,X299,X311,X447,X472,X581
29,X3,X8,X10,X11,X49,X144,X157,X186,X229,X265,X447,X472,X581
30,X2,X11,X13,X49,X144,X157,X186,X229,X299,X311,X447,X472,X581
31,X2,X11,X13,X49,X144,X157,X186,X229,X299,X311,X447,X472,X581
32,X3,X8,X11,X49,X144,X157,X186,X229,X299,X311,X468,X472,X581
33,X5,X11,X13,X49,X144,X157,X186,X229,X299,X311,X447,X472,X581
34,X5,X11,X13,X49,X144,X157,X186,X229,X299,X311,X447,X472,X581
35,X5,X11,X13,X49,X144,X157,X186,X229,X299,X311,X447,X472,X581
36,X4,X8,X11,X13,X30,X100,X103,X105,X197,X265,X272,X303,X581
37,X4,X8,X11,X49,X144,X157,X229,X264,X299,X311,X447,X472,X581
38,X3,X5,X8,X11,X13,X14,X49,X100,X173,X187,X200,X265,X472
39,X3,X8,X11,X49,X144,X157,X229,X264,X299,X311,X447,X472,X581
40,X4,X8,X11,X49,X144,X157,X229,X264,X299,X311,X447,X472,X581
41,X5,X11,X13,X49,X144,X157,X186,X229,X299,X311,X447,X472,X581
42,X5,X11,X16,X49,X144,X157,X229,X264,X299,X311,X447,X472,X581
43,X5,X11,X16,X49,X144,X157,X229,X264,X299,X311,X447,X472,X581
44,X5,X11,X16,X49,X144,X157,X229,X264,X299,X311,X447,X472,X581
45,X5,X11,X16,X49,X144,X157,X229,X264,X299,X311,X447,X472,X581
46,X3,X11,X13,X49,X144,X157,X186,X229,X299,X311,X447,X472,X581
47,X5,X11,X13,X49,X144,X157,X186,X229,X291,X299,X447,X472,X581
48,X8,X11,X13,X14,X49,X144,X157,X186,X299,X311,X447,X472,X581
49,X8,X11,X13,X14,X49,X144,X157,X186,X299,X311,X447,X472,X581
50,X8,X11,X13,X14,X49,X144,X157,X186,X299,X311,X447,X472,X581
51,X3,X11,X49,X144,X157,X186,X229,X299,X303,X311,X472,X581,X738
52,X3,X11,X49,X144,X157,X186,X229,X299,X303,X311,X447,X472,X581
53,X3,X11,X30,X49,X144,X157,X186,X197,X299,X311,X447,X472,X581
54,X3,X11,X30,X49,X144,X157,X186,X197,X299,X311,X447,X472,X581
55,X1,X2,X5,X11,X29,X49,X72,X83,X100,X187,X197,X264,X581
56,X1,X2,X5,X7,X29,X49,X72,X83,X100,X187,X197,X264,X581
57,X1,X2,X5,X7,X29,X49,X72,X83,X100,X187,X197,X264,X581
58,X1,X2,X5,X7,X30,X37,X100,X103,X187,X197,X264,X536,X581
59,X3,X5,X7,X30,X49,X109,X144,X157,X200,X291,X299,X472,X581
60,X3,X5,X7,X30,X49,X109,X144,X157,X200,X291,X299,X472,X581
61,X3,X5,X7,X30,X49,X109,X144,X157,X200,X291,X299,X472,X581
62,X3,X5,X7,X30,X49,X109,X144,X157,X200,X291,X299,X472,X581
63,X3,X8,X10,X11,X144,X157,X186,X197,X299,X311,X447,X472,X581
64,X1,X8,X11,X16,X144,X157,X186,X197,X299,X311,X447,X472,X581
65,X8,X11,X30,X49,X144,X157,X186,X229,X299,X311,X447,X472,X581
66,X8,X11,X30,X49,X144,X157,X186,X229,X299,X311,X447,X472,X581
67,X8,X11,X30,X49,X144,X157,X186,X229,X299,X311,X447,X472,X581
68,X8,X11,X30,X49,X144,X157,X186,X229,X299,X311,X447,X472,X581
69,X8,X11,X30,X49,X144,X157,X186,X229,X299,X311,X447,X472,X581
70,X8,X11,X30,X49,X144,X157,X186,X229,X299,X311,X447,X472,X581
71,X3,X5,X7,X30,X49,X144,X157,X186,X229,X299,X447,X472,X581
72,X3,X5,X7,X30,X49,X144,X157,X186,X229,X299,X447,X472,X581
73,X3,X5,X7,X30,X49,X144,X157,X186,X229,X291,X447,X472,X581
74,X8,X22,X30,X49,X144,X157,X186,X229,X299,X311,X447,X472,X581
75,X11,X16,X49,X73,X144,X157,X186,X197,X229,X303,X311,X447,X472
76,X11,X16,X49,X73,X144,X157,X186,X197,X229,X303,X311,X447,X472
77,X1,X16,X30,X49,X73,X144,X157,X229,X291,X299,X447,X472,X763
78,X8,X22,X30,X37,X49,X144,X157,X229,X264,X272,X291,X447,X472
79,X1,X8,X16,X22,X23,X37,X100,X103,X187,X197,X264,X604,X615
80,X8,X22,X30,X37,X49,X144,X157,X229,X264,X272,X291,X447,X472
81,X8,X22,X30,X37,X49,X144,X157,X229,X264,X272,X291,X447,X472
82,X8,X22,X30,X37,X49,X144,X157,X229,X264,X272,X291,X447,X472
83,X8,X22,X30,X37,X49,X144,X157,X229,X264,X272,X291,X447,X472
84,X8,X16,X22,X30,X49,X73,X144,X157,X173,X187,X197,X264,X604
85,X8,X16,X22,X23,X30,X49,X73,X144,X157,X173,X187,X197,X264
86,X8,X16,X22,X23,X30,X49,X73,X144,X157,X173,X187,X197,X264
87,X1,X16,X22,X23,X30,X49,X73,X144,X173,X187,X197,X264,X608
88,X8,X12,X22,X30,X49,X73,X144,X157,X173,X187,X197,X264,X604
89,X8,X12,X22,X30,X49,X73,X144,X157,X173,X187,X197,X264,X604
90,X8,X16,X22,X30,X49,X73,X144,X157,X173,X187,X197,X264,X604
91,X8,X22,X29,X30,X49,X73,X100,X103,X105,X116,X197,X264,X738
92,X8,X16,X22,X30,X49,X73,X144,X157,X173,X187,X197,X264,X604
93,X1,X8,X16,X49,X68,X73,X144,X157,X187,X197,X264,X604,X738
94,X1,X8,X16,X24,X29,X30,X35,X41,X103,X187,X197,X264,X604
95,X8,X16,X30,X49,X73,X144,X157,X173,X229,X291,X299,X311,X472
96,X1,X8,X22,X100,X157,X159,X211,X229,X264,X291,X299,X311,X604
97,X8,X16,X18,X30,X39,X49,X73,X144,X157,X291,X299,X311,X472
98,X8,X16,X37,X49,X73,X96,X144,X157,X173,X291,X299,X311,X604
99,X8,X16,X30,X49,X73,X96,X144,X157,X173,X291,X299,X311,X604
100,X8,X16,X37,X49,X73,X96,X144,X157,X173,X291,X299,X311,X604
101,X1,X8,X22,X30,X73,X144,X157,X219,X229,X291,X299,X311,X472
102,X1,X8,X22,X30,X73,X144,X157,X219,X229,X291,X299,X311,X472
103,X8,X11,X29,X30,X39,X49,X173,X229,X291,X447,X472,X554,X604
104,X8,X22,X30,X49,X73,X144,X157,X186,X291,X299,X311,X472,X581
105,X8,X22,X30,X49,X73,X144,X157,X186,X291,X299,X311,X472,X581
106,X8,X16,X37,X49,X73,X96,X144,X157,X173,X291,X299,X311,X472
107,X8,X12,X37,X49,X73,X96,X144,X157,X173,X291,X299,X311,X472
108,X8,X30,X73,X111,X144,X157,X291,X299,X315,X447,X468,X472,X581
109,X8,X16,X30,X49,X73,X96,X144,X157,X173,X291,X299,X311,X472
110,X7,X8,X26,X30,X68,X73,X144,X157,X173,X187,X197,X447,X604
111,X8,X16,X30,X49,X73,X96,X144,X157,X173,X291,X299,X311,X472
112,X8,X16,X30,X49,X73,X96,X144,X157,X173,X291,X299,X311,X472
113,X6,X8,X26,X30,X68,X73,X114,X144,X173,X187,X197,X447,X604
114,X8,X12,X30,X49,X73,X96,X144,X157,X173,X187,X197,X447,X604
115,X8,X16,X30,X49,X73,X96,X144,X157,X173,X291,X299,X311,X472
116,X5,X8,X16,X30,X49,X73,X96,X144,X157,X173,X291,X299,X311
117,X5,X8,X16,X30,X49,X73,X96,X144,X157,X173,X291,X299,X311
118,X8,X12,X30,X49,X73,X96,X144,X157,X173,X291,X299,X311,X472
119,X8,X12,X30,X49,X73,X96,X144,X157,X173,X291,X299,X311,X472
120,X8,X22,X30,X49,X73,X96,X144,X157,X173,X291,X299,X311,X472
121,X8,X22,X30,X49,X73,X96,X144,X157,X173,X291,X299,X311,X472
122,X8,X10,X16,X24,X37,X39,X45,X173,X275,X291,X447,X604,X763
123,X8,X10,X16,X24,X37,X39,X45,X173,X275,X291,X447,X604,X763
124,X8,X10,X16,X37,X39,X45,X90,X163,X229,X447,X472,X604,X738
125,X8,X12,X30,X49,X73,X96,X144,X275,X291,X421,X447,X604,X615
126,X8,X12,X30,X49,X73,X96,X144,X275,X291,X421,X447,X604,X615
127,X8,X16,X30,X73,X90,X163,X173,X219,X229,X291,X447,X472,X604
128,X8,X16,X30,X73,X90,X163,X173,X219,X229,X291,X447,X472,X604
129,X16,X27,X33,X163,X173,X219,X229,X291,X447,X472,X604,X738,X763
130,X16,X27,X33,X163,X173,X219,X229,X291,X447,X472,X604,X738,X763
131,X16,X27,X33,X163,X173,X219,X229,X291,X447,X472,X604,X738,X763
132,X16,X27,X33,X163,X173,X219,X229,X291,X447,X472,X604,X738,X763
133,X30,X31,X33,X39,X73,X157,X173,X275,X291,X447,X472,X604,X738
134,X30,X31,X33,X39,X73,X157,X173,X229,X272,X291,X421,X447,X604
135,X1,X8,X12,X16,X27,X29,X121,X157,X173,X187,X197,X311,X604
136,X30,X31,X33,X39,X73,X157,X173,X229,X272,X291,X421,X447,X604
137,X8,X16,X18,X19,X27,X29,X41,X144,X157,X173,X472,X604,X738
138,X3,X5,X8,X16,X19,X27,X29,X41,X105,X144,X229,X472,X604
139,X3,X8,X16,X19,X27,X29,X41,X105,X144,X299,X311,X472,X604
140,X3,X8,X16,X19,X27,X29,X41,X105,X144,X299,X447,X472,X604
141,X3,X8,X16,X19,X27,X29,X41,X105,X144,X299,X447,X472,X604
142,X1,X3,X12,X16,X19,X27,X29,X41,X105,X144,X173,X311,X472
143,X3,X8,X16,X19,X27,X29,X41,X144,X173,X472,X604,X608,X738
144,X3,X8,X16,X19,X27,X29,X41,X144,X173,X472,X604,X608,X738
145,X3,X8,X16,X19,X27,X29,X41,X144,X173,X472,X604,X608,X738
146,X16,X24,X27,X29,X41,X49,X72,X144,X157,X173,X311,X382,X691
147,X16,X24,X27,X29,X41,X49,X72,X144,X157,X173,X311,X382,X691
148,X3,X7,X8,X12,X19,X27,X41,X144,X299,X472,X554,X604,X738
149,X3,X8,X11,X16,X19,X27,X29,X144,X157,X173,X229,X604,X738
150,X8,X16,X30,X37,X45,X163,X219,X275,X291,X315,X421,X447,X604
151,X30,X31,X73,X163,X173,X197,X211,X229,X272,X291,X382,X472,X554
152,X1,X3,X7,X12,X17,X19,X27,X29,X41,X90,X173,X604,X615
153,X1,X3,X7,X12,X17,X19,X27,X29,X41,X90,X173,X472,X604
154,X1,X3,X7,X12,X17,X19,X27,X29,X41,X90,X173,X472,X604
155,X1,X3,X5,X7,X12,X17,X19,X27,X29,X41,X90,X604,X615
156,X8,X16,X33,X73,X163,X173,X219,X229,X272,X291,X382,X472,X554
157,X3,X8,X16,X18,X49,X52,X163,X211,X229,X272,X311,X382,X472
158,X3,X8,X16,X18,X49,X52,X163,X211,X229,X272,X311,X382,X472
159,X5,X8,X16,X30,X49,X73,X128,X157,X173,X270,X291,X604,X615
160,X8,X16,X30,X39,X41,X49,X90,X128,X197,X229,X350,X382,X472
161,X16,X18,X30,X37,X45,X105,X157,X187,X197,X229,X272,X421,X447
162,X8,X16,X30,X39,X41,X49,X90,X128,X197,X229,X350,X382,X472
163,X8,X16,X18,X30,X37,X45,X157,X187,X197,X229,X350,X382,X472
164,X3,X8,X16,X18,X49,X52,X125,X163,X211,X229,X272,X311,X604
165,X8,X16,X18,X30,X37,X49,X128,X197,X229,X303,X350,X382,X472
166,X8,X16,X18,X30,X37,X49,X128,X197,X229,X303,X350,X382,X472
167,X8,X16,X18,X30,X37,X49,X128,X197,X229,X303,X350,X382,X472
168,X8,X16,X18,X30,X37,X49,X128,X197,X229,X303,X350,X382,X472
169,X3,X8,X16,X18,X37,X49,X122,X128,X173,X229,X272,X421,X472
170,X3,X8,X12,X18,X49,X52,X125,X163,X211,X229,X272,X421,X447
171,X8,X18,X27,X30,X49,X52,X125,X163,X211,X229,X272,X421,X447
172,X8,X18,X39,X52,X73,X94,X125,X150,X211,X229,X272,X421,X447
173,X8,X18,X39,X52,X73,X94,X125,X150,X211,X229,X272,X421,X447
174,X8,X12,X16,X27,X33,X35,X72,X150,X211,X229,X272,X421,X536
175,X8,X12,X16,X27,X33,X35,X72,X150,X211,X229,X272,X421,X536
176,X8,X12,X16,X27,X33,X35,X72,X150,X211,X229,X272,X421,X536
177,X8,X12,X16,X27,X35,X68,X72,X105,X116,X144,X157,X200,X382
178,X8,X12,X19,X27,X29,X35,X41,X150,X211,X229,X272,X421,X604
179,X3,X8,X16,X19,X27,X29,X41,X150,X211,X229,X272,X421,X604
180,X8,X16,X18,X27,X29,X41,X43,X150,X211,X229,X272,X421,X604
181,X8,X18,X27,X29,X41,X43,X109,X150,X211,X229,X272,X421,X604
182,X8,X18,X27,X29,X41,X43,X109,X150,X211,X229,X272,X382,X472
183,X7,X8,X12,X17,X19,X29,X35,X157,X187,X197,X270,X311,X604
184,X3,X8,X13,X16,X27,X29,X73,X157,X187,X272,X291,X421,X447
185,X1,X8,X16,X17,X18,X49,X68,X72,X157,X187,X197,X311,X472
186,X8,X13,X19,X27,X41,X73,X125,X163,X211,X229,X272,X382,X472
187,X8,X12,X13,X14,X16,X27,X29,X100,X105,X128,X157,X200,X447
188,X1,X8,X17,X18,X49,X68,X72,X157,X187,X197,X421,X447,X472
189,X8,X12,X13,X14,X16,X27,X29,X100,X105,X128,X157,X200,X472
190,X8,X12,X14,X16,X27,X29,X100,X105,X118,X128,X157,X200,X472
191,X8,X12,X13,X14,X16,X27,X29,X100,X105,X128,X157,X200,X472
192,X8,X12,X13,X14,X16,X27,X29,X100,X105,X128,X157,X200,X472
193,X1,X8,X13,X14,X16,X27,X29,X100,X105,X128,X157,X200,X472
194,X8,X12,X13,X14,X16,X27,X29,X100,X105,X128,X200,X220,X472
195,X8,X12,X13,X16,X27,X29,X96,X100,X105,X128,X200,X220,X472
196,X8,X12,X13,X16,X27,X29,X96,X100,X105,X128,X200,X220,X472
197,X8,X17,X19,X27,X35,X43,X125,X150,X173,X229,X272,X421,X447
198,X12,X16,X19,X27,X35,X43,X125,X150,X173,X229,X272,X421,X447
199,X13,X18,X29,X39,X52,X68,X127,X150,X151,X157,X200,X421,X447
200,X17,X19,X27,X41,X43,X122,X125,X150,X211,X299,X421,X472,X608
201,X13,X18,X29,X39,X52,X96,X150,X151,X157,X200,X270,X303,X421
202,X12,X16,X24,X27,X30,X43,X150,X220,X249,X265,X272,X421,X447
203,X13,X18,X29,X39,X52,X96,X150,X151,X157,X200,X270,X421,X447
204,X8,X18,X29,X33,X39,X42,X64,X126,X128,X144,X181,X200,X208
205,X1,X6,X22,X29,X43,X121,X163,X211,X264,X272,X315,X421,X447
206,X8,X12,X13,X30,X68,X122,X127,X150,X272,X291,X299,X421,X447
207,X8,X12,X13,X30,X68,X122,X127,X150,X272,X291,X299,X421,X447
208,X8,X12,X27,X29,X43,X49,X83,X122,X211,X291,X299,X421,X447
209,X1,X6,X27,X29,X43,X49,X83,X122,X211,X291,X299,X421,X447
210,X1,X6,X27,X29,X43,X49,X83,X122,X211,X291,X299,X421,X447
211,X1,X6,X19,X27,X30,X68,X122,X150,X229,X272,X315,X447,X502
212,X1,X6,X27,X29,X43,X83,X122,X144,X157,X249,X272,X421,X447
213,X1,X6,X27,X29,X43,X83,X122,X144,X157,X249,X272,X421,X447
214,X1,X8,X27,X30,X33,X39,X96,X157,X211,X421,X447,X502,X581
215,X1,X6,X27,X29,X43,X83,X122,X150,X272,X291,X299,X421,X447
216,X1,X6,X19,X27,X29,X43,X157,X197,X211,X291,X299,X421,X447
217,X1,X6,X19,X27,X29,X43,X157,X197,X211,X291,X299,X421,X447
218,X1,X6,X27,X30,X42,X150,X229,X272,X315,X421,X447,X581,X608
219,X1,X6,X19,X27,X29,X43,X157,X197,X211,X291,X299,X421,X447
220,X1,X6,X19,X27,X30,X43,X157,X197,X211,X291,X299,X421,X447
221,X8,X13,X16,X29,X37,X43,X73,X122,X150,X299,X421,X447,X626
222,X8,X13,X16,X29,X37,X43,X73,X122,X150,X299,X421,X447,X626
223,X8,X13,X16,X29,X37,X43,X73,X122,X181,X299,X303,X421,X447
224,X1,X6,X16,X29,X37,X43,X73,X122,X181,X299,X303,X421,X447
225,X1,X6,X16,X29,X37,X43,X73,X122,X181,X291,X299,X421,X447
226,X1,X6,X17,X27,X30,X43,X157,X197,X211,X291,X299,X421,X447
227,X1,X16,X29,X37,X43,X73,X96,X144,X157,X211,X299,X421,X447
228,X1,X16,X29,X37,X43,X73,X96,X144,X157,X211,X299,X421,X447
229,X2,X12,X27,X29,X43,X83,X122,X181,X187,X299,X303,X421,X447
230,X8,X27,X29,X43,X49,X96,X144,X157,X197,X211,X299,X421,X447
231,X2,X12,X17,X43,X49,X96,X144,X157,X197,X211,X299,X421,X447
232,X1,X6,X12,X43,X49,X96,X144,X157,X197,X211,X299,X421,X447
233,X6,X12,X24,X43,X73,X122,X157,X197,X211,X291,X299,X421,X447
234,X1,X6,X17,X45,X49,X83,X157,X197,X211,X291,X299,X421,X447
235,X8,X12,X17,X49,X83,X122,X159,X163,X211,X264,X299,X421,X447
236,X8,X12,X17,X49,X83,X108,X157,X197,X211,X291,X299,X421,X447
237,X8,X12,X17,X49,X83,X108,X157,X197,X211,X291,X299,X421,X447
238,X8,X12,X17,X49,X83,X108,X157,X197,X211,X291,X299,X421,X447
239,X8,X12,X17,X49,X83,X108,X157,X197,X211,X291,X299,X421,X447
240,X8,X12,X17,X49,X83,X108,X157,X197,X211,X291,X299,X421,X447
241,X8,X17,X43,X49,X83,X108,X157,X197,X211,X291,X299,X421,X447
242,X8,X12,X17,X43,X68,X157,X197,X211,X264,X291,X299,X421,X447
243,X6,X7,X12,X43,X83,X108,X157,X197,X211,X291,X299,X421,X447
244,X5,X8,X12,X17,X49,X83,X157,X197,X211,X291,X299,X421,X447
245,X8,X12,X17,X49,X83,X108,X157,X197,X211,X291,X299,X421,X447
246,X6,X7,X17,X22,X83,X108,X157,X211,X291,X299,X421,X447,X604
247,X1,X22,X24,X29,X43,X49,X157,X197,X211,X291,X299,X421,X447
248,X1,X17,X22,X24,X43,X121,X144,X197,X211,X291,X299,X421,X447
249,X1,X12,X17,X43,X49,X68,X144,X197,X211,X291,X299,X421,X447
250,X1,X6,X29,X49,X83,X121,X144,X197,X211,X291,X299,X421,X447
251,X1,X11,X26,X41,X43,X108,X150,X211,X315,X421,X502,X581,X738
252,X6,X12,X27,X30,X43,X49,X157,X197,X211,X291,X299,X421,X447
253,X5,X8,X12,X23,X27,X30,X43,X157,X197,X315,X447,X608,X763
254,X1,X6,X16,X26,X27,X30,X43,X144,X211,X291,X299,X421,X447
255,X6,X12,X27,X30,X43,X49,X157,X197,X315,X447,X581,X608,X763
256,X5,X8,X12,X22,X43,X121,X173,X197,X211,X315,X581,X608,X763
257,X5,X8,X12,X22,X43,X121,X173,X197,X211,X315,X581,X608,X763
258,X6,X12,X27,X30,X43,X49,X157,X197,X211,X315,X421,X581,X763
259,X6,X12,X27,X30,X43,X49,X157,X197,X211,X315,X421,X581,X763
260,X6,X12,X27,X30,X43,X49,X157,X197,X211,X291,X299,X421,X447
261,X6,X12,X27,X30,X43,X49,X121,X144,X211,X291,X299,X421,X447
262,X1,X12,X17,X27,X43,X49,X157,X249,X315,X421,X472,X581,X763
263,X1,X12,X17,X27,X43,X49,X157,X249,X315,X421,X472,X581,X763
264,X6,X11,X17,X27,X43,X49,X157,X249,X315,X421,X472,X581,X763
265,X6,X11,X17,X27,X43,X49,X157,X249,X315,X421,X472,X581,X763
266,X1,X6,X27,X30,X43,X49,X114,X157,X197,X315,X421,X581,X763
267,X6,X11,X17,X27,X43,X49,X157,X249,X315,X421,X472,X581,X763
268,X1,X6,X27,X30,X49,X197,X229,X272,X315,X421,X472,X581,X763
269,X6,X11,X13,X19,X27,X30,X33,X43,X229,X303,X311,X421,X502
270,X6,X11,X13,X19,X27,X30,X43,X229,X315,X421,X502,X581,X763
271,X6,X19,X83,X108,X157,X229,X275,X299,X311,X350,X447,X502,X554
272,X6,X12,X19,X33,X49,X83,X111,X157,X186,X315,X421,X502,X581
273,X6,X14,X31,X49,X127,X163,X272,X299,X303,X311,X421,X472,X502
274,X6,X11,X19,X27,X30,X43,X144,X163,X229,X299,X421,X447,X502
275,X1,X11,X19,X24,X27,X30,X43,X144,X163,X315,X447,X502,X581
276,X1,X11,X19,X24,X27,X30,X43,X144,X163,X315,X447,X472,X502
277,X1,X11,X19,X24,X27,X30,X43,X144,X163,X315,X447,X472,X502
278,X1,X11,X19,X24,X27,X30,X43,X144,X163,X315,X447,X472,X502
279,X1,X11,X24,X27,X30,X43,X200,X299,X315,X421,X502,X581,X691
280,X6,X11,X13,X19,X27,X42,X43,X144,X163,X299,X472,X502,X763
281,X12,X18,X19,X37,X43,X49,X128,X144,X163,X421,X447,X502,X691
282,X6,X12,X23,X29,X31,X49,X83,X163,X211,X264,X265,X299,X447
283,X6,X12,X23,X29,X31,X49,X83,X163,X211,X264,X265,X299,X447
284,X1,X12,X27,X30,X37,X43,X49,X163,X211,X264,X265,X299,X447
285,X6,X12,X27,X30,X37,X43,X49,X163,X211,X264,X265,X299,X447
286,X6,X12,X27,X30,X37,X43,X49,X163,X211,X264,X265,X299,X447
287,X6,X12,X23,X29,X31,X49,X83,X163,X211,X264,X265,X299,X447
288,X6,X12,X23,X29,X31,X49,X83,X163,X211,X264,X265,X299,X447
289,X1,X12,X27,X30,X37,X42,X43,X49,X211,X264,X265,X299,X447
290,X6,X29,X49,X157,X163,X197,X208,X211,X265,X315,X421,X581,X763
291,X6,X29,X49,X157,X163,X197,X208,X211,X264,X265,X299,X311,X447
292,X18,X19,X90,X103,X108,X121,X125,X211,X264,X265,X299,X472,X502
293,X6,X19,X90,X103,X108,X121,X125,X211,X264,X265,X299,X472,X502
294,X18,X19,X90,X103,X108,X121,X211,X264,X265,X421,X502,X608,X763
295,X6,X27,X30,X42,X64,X116,X157,X211,X264,X265,X299,X311,X447
296,X6,X29,X45,X49,X83,X127,X163,X208,X211,X275,X303,X536,X763
297,X6,X10,X27,X30,X42,X64,X157,X211,X264,X265,X299,X311,X447
298,X6,X10,X19,X23,X29,X49,X109,X157,X211,X264,X265,X299,X472
299,X6,X12,X14,X27,X30,X42,X49,X157,X211,X264,X265,X299,X472
300,X6,X10,X19,X23,X29,X49,X109,X157,X208,X211,X299,X382,X447
301,X4,X6,X12,X27,X30,X42,X49,X157,X211,X264,X265,X299,X472
302,X6,X12,X27,X37,X49,X64,X114,X157,X211,X264,X265,X299,X472
303,X6,X12,X27,X37,X49,X64,X114,X157,X211,X264,X265,X299,X472
304,X12,X27,X30,X42,X49,X64,X114,X157,X211,X264,X265,X299,X472
305,X1,X12,X27,X30,X37,X49,X83,X157,X211,X264,X265,X299,X472
306,X6,X12,X27,X37,X49,X64,X114,X157,X211,X264,X265,X299,X472
307,X6,X12,X27,X37,X49,X64,X114,X157,X264,X265,X299,X382,X472
308,X6,X9,X27,X30,X37,X49,X83,X157,X211,X264,X265,X299,X763
309,X12,X27,X30,X42,X64,X114,X127,X157,X211,X264,X265,X299,X472
310,X1,X12,X27,X30,X37,X43,X157,X211,X264,X265,X299,X311,X447
311,X6,X29,X42,X64,X92,X157,X220,X264,X265,X299,X311,X447,X468
312,X6,X29,X42,X64,X92,X157,X220,X264,X265,X299,X311,X447,X763
313,X12,X27,X30,X42,X64,X157,X220,X264,X265,X299,X311,X447,X763
314,X6,X27,X29,X30,X37,X49,X83,X127,X128,X144,X299,X311,X447
315,X6,X27,X29,X30,X37,X49,X83,X127,X128,X144,X299,X311,X447
316,X6,X27,X29,X30,X37,X49,X83,X127,X128,X144,X299,X311,X447
317,X6,X22,X29,X42,X92,X157,X197,X220,X264,X265,X299,X311,X447
318,X6,X22,X29,X42,X92,X157,X197,X220,X264,X265,X299,X311,X447
319,X6,X27,X37,X43,X103,X114,X144,X220,X264,X265,X299,X311,X447
320,X6,X22,X29,X42,X92,X157,X197,X220,X264,X265,X299,X311,X447
321,X6,X22,X29,X42,X92,X157,X197,X220,X264,X265,X299,X311,X447
322,X1,X6,X12,X27,X37,X49,X157,X197,X220,X264,X299,X311,X447
323,X6,X11,X12,X27,X30,X37,X144,X150,X264,X265,X299,X311,X447
324,X5,X6,X27,X30,X37,X73,X111,X128,X264,X265,X299,X311,X447
325,X5,X6,X27,X30,X37,X73,X111,X128,X264,X265,X299,X311,X447
326,X12,X14,X27,X37,X49,X73,X111,X128,X264,X265,X299,X311,X447
327,X12,X14,X27,X37,X49,X73,X111,X128,X264,X265,X299,X311,X447
328,X12,X14,X27,X37,X49,X73,X111,X128,X264,X265,X299,X311,X447
329,X6,X17,X27,X29,X30,X37,X73,X128,X144,X186,X299,X311,X447
330,X5,X6,X27,X30,X37,X49,X144,X220,X264,X265,X299,X311,X447
331,X5,X6,X27,X30,X37,X49,X144,X220,X264,X265,X299,X311,X447
332,X5,X6,X14,X27,X37,X49,X96,X128,X264,X265,X299,X311,X447
333,X6,X14,X23,X27,X30,X37,X118,X150,X264,X265,X299,X311,X447
334,X6,X14,X23,X27,X30,X37,X118,X150,X264,X265,X299,X311,X447
335,X6,X14,X23,X27,X30,X37,X118,X150,X264,X265,X299,X311,X447
336,X5,X6,X27,X30,X37,X100,X118,X150,X264,X265,X299,X311,X447
337,X6,X17,X27,X29,X30,X37,X73,X150,X264,X265,X299,X311,X447
338,X6,X14,X23,X27,X30,X37,X49,X116,X128,X144,X299,X311,X447
339,X6,X14,X23,X27,X30,X37,X49,X144,X229,X265,X299,X447,X472
340,X6,X14,X23,X27,X30,X37,X49,X144,X229,X265,X299,X447,X472
341,X5,X6,X17,X27,X37,X42,X103,X116,X128,X144,X265,X447,X763
342,X5,X6,X17,X27,X37,X42,X103,X116,X128,X144,X249,X299,X447
343,X5,X6,X11,X14,X27,X37,X103,X144,X229,X265,X299,X447,X472
344,X5,X6,X11,X14,X27,X37,X103,X144,X299,X311,X447,X472,X626
345,X5,X6,X11,X14,X27,X37,X103,X144,X299,X311,X447,X472,X763
346,X6,X12,X27,X37,X42,X49,X118,X144,X299,X311,X447,X472,X626
347,X5,X6,X27,X30,X37,X159,X186,X315,X382,X421,X447,X472,X581
348,X5,X6,X27,X30,X37,X159,X186,X315,X382,X421,X447,X472,X581
349,X5,X6,X27,X37,X42,X45,X103,X144,X229,X265,X299,X447,X472
350,X5,X6,X27,X37,X42,X45,X103,X144,X229,X265,X299,X315,X447
351,X6,X27,X30,X37,X42,X45,X103,X144,X229,X265,X299,X315,X447
352,X6,X27,X30,X37,X42,X45,X103,X144,X229,X265,X299,X315,X447
353,X6,X27,X30,X37,X42,X45,X103,X144,X229,X265,X299,X315,X447
354,X6,X27,X30,X37,X42,X45,X103,X144,X229,X265,X299,X315,X447
355,X6,X27,X30,X37,X42,X45,X103,X144,X208,X265,X272,X299,X447
356,X6,X27,X92,X144,X150,X163,X181,X211,X229,X299,X311,X356,X447
357,X4,X14,X92,X144,X150,X163,X181,X211,X264,X265,X311,X350,X447
358,X6,X11,X23,X27,X42,X45,X144,X219,X299,X311,X447,X472,X581
359,X6,X27,X30,X37,X42,X118,X144,X219,X299,X311,X447,X472,X581
360,X12,X27,X30,X37,X42,X118,X144,X219,X299,X311,X447,X472,X581
361,X14,X27,X30,X37,X42,X118,X144,X219,X299,X311,X447,X472,X581
362,X14,X27,X30,X37,X42,X118,X144,X219,X299,X311,X447,X472,X581
363,X14,X27,X30,X37,X42,X118,X144,X219,X299,X311,X447,X472,X581
364,X4,X5,X6,X27,X42,X118,X144,X219,X299,X311,X447,X472,X581
365,X30,X42,X49,X83,X163,X181,X211,X264,X265,X299,X311,X315,X604
366,X30,X42,X49,X83,X163,X181,X211,X264,X265,X299,X311,X315,X604
367,X4,X5,X6,X27,X42,X118,X144,X219,X299,X311,X447,X472,X581
368,X4,X5,X27,X42,X45,X118,X144,X219,X299,X311,X447,X472,X581
369,X4,X5,X6,X11,X27,X42,X118,X144,X229,X265,X299,X315,X447
370,X5,X6,X11,X27,X42,X114,X118,X144,X229,X299,X311,X350,X447
371,X4,X5,X6,X11,X27,X42,X118,X144,X229,X265,X299,X447,X536
372,X4,X5,X6,X11,X27,X42,X118,X144,X229,X265,X299,X315,X447
373,X4,X5,X6,X11,X27,X42,X118,X144,X229,X265,X299,X315,X447
374,X4,X5,X6,X27,X42,X118,X144,X382,X421,X447,X472,X536,X581
375,X6,X118,X144,X150,X163,X181,X201,X219,X299,X311,X447,X502,X626
376,X6,X14,X18,X23,X27,X116,X144,X163,X299,X311,X472,X536,X626
377,X6,X7,X18,X27,X42,X118,X144,X211,X299,X311,X447,X472,X536
378,X3,X6,X12,X27,X30,X42,X144,X350,X382,X421,X447,X472,X536
379,X6,X92,X144,X157,X163,X181,X211,X264,X265,X299,X311,X315,X604
380,X2,X6,X7,X27,X30,X42,X144,X211,X265,X299,X311,X315,X604
381,X2,X6,X12,X27,X30,X42,X144,X211,X265,X299,X311,X315,X604
382,X6,X92,X144,X157,X163,X181,X211,X264,X265,X299,X447,X536,X604
383,X3,X17,X27,X30,X42,X64,X144,X211,X265,X299,X315,X472,X536
384,X3,X17,X27,X30,X42,X64,X144,X264,X382,X421,X447,X472,X536
385,X3,X17,X27,X30,X42,X64,X144,X264,X382,X421,X447,X472,X536
386,X3,X17,X27,X30,X42,X64,X144,X264,X382,X421,X447,X472,X536
387,X3,X17,X27,X30,X42,X64,X111,X264,X265,X299,X315,X615,X738
388,X3,X17,X27,X30,X42,X64,X144,X264,X315,X382,X447,X472,X536
389,X6,X17,X27,X30,X42,X64,X111,X264,X265,X299,X315,X472,X536
390,X6,X17,X27,X30,X42,X64,X111,X208,X229,X265,X272,X299,X472
391,X7,X17,X27,X30,X42,X64,X111,X264,X315,X382,X421,X447,X472
392,X7,X17,X27,X30,X42,X64,X111,X264,X315,X382,X421,X447,X472
393,X2,X7,X27,X30,X42,X64,X111,X264,X315,X382,X421,X447,X472
394,X2,X7,X27,X30,X42,X64,X111,X264,X315,X382,X421,X447,X472
395,X2,X7,X27,X30,X42,X64,X111,X264,X315,X382,X421,X447,X472
396,X2,X7,X10,X27,X30,X42,X111,X264,X315,X382,X421,X447,X472
397,X2,X7,X10,X27,X30,X42,X111,X264,X315,X382,X421,X447,X472
398,X3,X45,X92,X108,X125,X144,X163,X181,X208,X211,X219,X229,X272
399,X7,X27,X30,X42,X64,X94,X111,X208,X265,X382,X421,X472,X536
400,X7,X27,X30,X42,X64,X94,X111,X208,X265,X382,X421,X472,X536
401,X2,X6,X7,X16,X27,X42,X111,X208,X229,X249,X272,X299,X536
402,X3,X12,X27,X42,X118,X122,X144,X208,X229,X249,X272,X299,X626
403,X3,X12,X27,X42,X118,X122,X144,X208,X229,X249,X272,X299,X626
404,X3,X12,X27,X42,X118,X122,X144,X208,X229,X249,X272,X299,X626
405,X3,X12,X27,X42,X118,X122,X144,X208,X229,X249,X272,X299,X626
406,X3,X45,X91,X92,X108,X125,X144,X163,X181,X211,X219,X229,X272
407,X3,X45,X91,X92,X108,X125,X144,X163,X181,X211,X219,X229,X272
408,X3,X45,X91,X92,X108,X125,X144,X163,X181,X211,X219,X229,X272
409,X3,X27,X72,X92,X144,X163,X211,X229,X265,X299,X421,X472,X691
410,X3,X7,X16,X27,X42,X72,X125,X144,X163,X181,X211,X219,X272
411,X2,X45,X49,X72,X108,X125,X144,X163,X181,X211,X219,X229,X272
412,X3,X7,X16,X27,X42,X125,X144,X163,X181,X211,X219,X229,X272
413,X17,X27,X72,X92,X108,X125,X163,X181,X299,X311,X382,X472,X604
414,X5,X6,X7,X27,X42,X96,X122,X144,X208,X249,X272,X299,X311
415,X22,X27,X31,X91,X105,X144,X163,X181,X208,X272,X299,X447,X691
416,X3,X45,X91,X108,X144,X163,X181,X186,X208,X249,X272,X311,X691
417,X5,X6,X7,X16,X27,X92,X122,X144,X208,X249,X272,X299,X311
418,X5,X6,X7,X16,X27,X92,X122,X144,X208,X249,X272,X299,X311
419,X5,X6,X7,X16,X27,X92,X122,X144,X208,X249,X272,X299,X311
420,X4,X5,X6,X7,X16,X27,X92,X122,X144,X208,X272,X299,X311
421,X3,X7,X42,X64,X118,X122,X144,X220,X229,X249,X272,X291,X311
422,X4,X5,X6,X7,X16,X27,X122,X144,X208,X272,X299,X311,X615
423,X5,X6,X7,X16,X27,X42,X144,X220,X229,X249,X272,X299,X581
424,X5,X6,X7,X16,X27,X42,X144,X220,X229,X249,X272,X299,X581
425,X17,X27,X45,X49,X72,X122,X144,X220,X229,X249,X272,X291,X311
426,X17,X27,X45,X49,X72,X122,X144,X220,X229,X249,X272,X291,X311
427,X17,X27,X45,X49,X72,X122,X144,X220,X229,X249,X272,X291,X311
428,X4,X6,X7,X16,X27,X42,X144,X220,X229,X249,X272,X291,X311
429,X4,X6,X7,X16,X27,X42,X144,X220,X229,X249,X272,X291,X311
430,X4,X6,X7,X16,X27,X42,X144,X220,X229,X249,X272,X291,X311
431,X4,X6,X7,X16,X27,X42,X144,X220,X229,X249,X272,X291,X311
432,X2,X4,X91,X144,X150,X163,X181,X201,X208,X211,X265,X615,X691
433,X3,X27,X49,X92,X96,X105,X122,X144,X173,X219,X249,X272,X311
434,X45,X91,X92,X108,X144,X150,X163,X181,X186,X208,X265,X472,X581
435,X45,X91,X92,X108,X144,X150,X163,X181,X186,X208,X265,X472,X581
436,X2,X91,X92,X108,X144,X150,X163,X181,X186,X208,X265,X472,X581
437,X6,X17,X23,X45,X92,X144,X163,X197,X200,X208,X249,X265,X311
438,X2,X45,X92,X122,X144,X163,X181,X197,X200,X208,X249,X265,X311
439,X2,X45,X92,X122,X144,X163,X181,X197,X200,X208,X249,X265,X468
440,X2,X45,X92,X122,X144,X163,X181,X197,X200,X208,X249,X265,X468
441,X2,X17,X23,X45,X92,X144,X163,X181,X208,X211,X265,X615,X763
442,X2,X3,X45,X90,X91,X92,X144,X163,X181,X186,X472,X554,X581
443,X2,X3,X45,X90,X91,X92,X144,X163,X181,X186,X472,X554,X581
444,X2,X17,X23,X45,X92,X144,X163,X197,X200,X208,X249,X265,X311
445,X11,X45,X90,X91,X108,X163,X197,X200,X208,X299,X447,X615,X691
446,X6,X17,X23,X45,X92,X144,X163,X197,X208,X249,X299,X581,X608
447,X2,X17,X23,X45,X92,X163,X181,X211,X219,X265,X299,X581,X608
448,X2,X17,X23,X45,X92,X163,X181,X211,X219,X265,X275,X311,X315
449,X2,X17,X23,X45,X92,X163,X197,X200,X299,X311,X382,X468,X763
450,X2,X17,X23,X45,X92,X163,X197,X200,X299,X311,X382,X468,X763
