0,X22,X33,X37,X41,X108,X114,X122,X157,X264,X350,X581,X626,X763
1,X22,X33,X37,X41,X108,X114,X122,X157,X264,X350,X581,X626,X763
2,X9,X16,X22,X27,X64,X92,X122,X125,X159,X163,X291,X691,X763
3,X9,X31,X33,X49,X105,X126,X150,X157,X159,X200,X208,X382,X536
4,X27,X35,X41,X83,X92,X111,X121,X125,X181,X186,X350,X502,X691
5,X27,X35,X41,X83,X92,X109,X118,X151,X208,X219,X303,X468,X691
6,X9,X33,X41,X83,X92,X109,X118,X151,X208,X219,X303,X468,X691
7,X9,X33,X41,X83,X92,X109,X118,X151,X208,X219,X303,X468,X691
8,X9,X33,X41,X83,X92,X109,X118,X151,X208,X219,X303,X468,X691
9,X9,X33,X41,X83,X92,X109,X118,X151,X208,X219,X303,X468,X691
10,X12,X14,X33,X49,X105,X114,X116,X159,X303,X382,X447,X608,X691
11,X2,X7,X33,X49,X105,X114,X116,X159,X303,X382,X447,X608,X691
12,X2,X7,X33,X49,X105,X114,X116,X159,X303,X382,X447,X608,X691
13,X9,X14,X33,X49,X105,X114,X116,X159,X303,X382,X447,X608,X691
14,X3,X7,X33,X52,X64,X114,X116,X159,X303,X382,X447,X608,X691
15,X7,X9,X27,X43,X105,X118,X157,X299,X382,X468,X554,X608,X763
16,X9,X33,X49,X105,X128,X163,X173,X200,X211,X291,X350,X581,X604
17,X2,X7,X24,X33,X49,X109,X118,X125,X127,X159,X275,X311,X608
18,X12,X33,X49,X105,X109,X126,X150,X157,X159,X356,X502,X581,X604
19,X12,X33,X49,X105,X109,X126,X157,X299,X382,X468,X554,X608,X691
20,X12,X33,X49,X105,X109,X126,X157,X299,X382,X468,X554,X608,X691
21,X2,X7,X8,X33,X42,X105,X157,X299,X315,X382,X468,X608,X691
22,X12,X14,X33,X49,X105,X118,X157,X173,X220,X272,X382,X608,X691
23,X12,X14,X33,X49,X105,X118,X157,X173,X220,X272,X382,X608,X691
24,X12,X14,X33,X49,X105,X118,X157,X173,X220,X272,X382,X608,X691
25,X12,X14,X33,X49,X105,X118,X157,X173,X220,X272,X382,X608,X691
26,X35,X41,X45,X105,X118,X150,X157,X159,X264,X356,X502,X581,X763
27,X2,X7,X31,X33,X42,X105,X118,X157,X382,X468,X554,X581,X604
28,X9,X33,X41,X45,X105,X118,X150,X157,X299,X311,X315,X468,X691
29,X12,X14,X33,X49,X105,X118,X157,X159,X173,X187,X275,X291,X382
30,X3,X7,X8,X22,X33,X42,X111,X128,X150,X219,X356,X472,X691
31,X1,X9,X27,X33,X42,X105,X118,X157,X299,X382,X468,X554,X691
32,X8,X22,X33,X49,X105,X118,X157,X159,X173,X187,X275,X291,X382
33,X8,X22,X33,X49,X105,X118,X157,X159,X173,X187,X275,X291,X382
34,X8,X22,X33,X49,X105,X118,X151,X159,X173,X187,X275,X291,X382
35,X8,X22,X33,X49,X105,X118,X157,X159,X173,X187,X275,X291,X382
36,X8,X22,X33,X49,X105,X118,X157,X159,X173,X220,X272,X350,X356
37,X5,X12,X33,X49,X105,X118,X157,X159,X173,X187,X275,X291,X382
38,X10,X12,X33,X49,X105,X118,X157,X159,X173,X187,X275,X291,X382
39,X22,X23,X33,X49,X90,X109,X157,X173,X187,X220,X272,X608,X691
40,X5,X12,X33,X49,X105,X118,X157,X159,X173,X187,X275,X291,X382
41,X12,X23,X33,X73,X83,X125,X157,X299,X382,X468,X554,X691,X763
42,X22,X35,X39,X43,X52,X64,X111,X122,X150,X219,X356,X554,X763
43,X22,X35,X39,X43,X52,X64,X111,X122,X150,X219,X356,X554,X763
44,X3,X17,X27,X91,X105,X111,X128,X150,X272,X356,X502,X608,X691
45,X22,X23,X33,X49,X105,X109,X118,X150,X151,X157,X272,X581,X615
46,X12,X27,X31,X41,X45,X91,X105,X111,X128,X150,X356,X502,X581
47,X5,X14,X17,X27,X33,X49,X105,X128,X220,X272,X356,X581,X604
48,X8,X35,X41,X45,X105,X157,X173,X187,X220,X356,X502,X581,X604
49,X5,X14,X27,X33,X49,X105,X118,X157,X173,X350,X382,X581,X604
50,X5,X14,X17,X27,X33,X49,X105,X118,X220,X272,X554,X615,X691
51,X7,X35,X41,X45,X73,X83,X118,X157,X173,X356,X421,X608,X691
52,X23,X33,X35,X41,X45,X90,X105,X157,X159,X173,X272,X608,X763
53,X12,X35,X39,X41,X43,X64,X150,X151,X157,X272,X350,X356,X581
54,X12,X35,X39,X41,X64,X111,X150,X151,X157,X272,X350,X356,X536
55,X12,X35,X39,X41,X64,X105,X157,X159,X173,X187,X272,X581,X604
56,X12,X35,X39,X41,X64,X111,X150,X220,X311,X350,X382,X581,X604
57,X12,X35,X39,X41,X64,X157,X159,X173,X187,X272,X356,X581,X615
58,X12,X35,X39,X41,X64,X157,X159,X173,X187,X356,X554,X581,X615
59,X12,X35,X39,X41,X64,X157,X159,X173,X187,X356,X554,X581,X615
60,X22,X29,X35,X39,X73,X157,X159,X173,X187,X272,X350,X356,X536
61,X22,X29,X35,X39,X73,X157,X159,X173,X187,X272,X350,X356,X536
62,X1,X3,X29,X41,X45,X157,X159,X173,X219,X356,X421,X581,X604
63,X22,X29,X35,X39,X73,X157,X159,X173,X187,X356,X554,X581,X615
64,X11,X12,X41,X73,X83,X128,X150,X157,X272,X356,X554,X581,X615
65,X11,X12,X41,X73,X83,X128,X150,X157,X272,X356,X554,X581,X615
66,X13,X39,X41,X72,X105,X118,X157,X159,X173,X187,X272,X581,X604
67,X11,X12,X41,X73,X83,X105,X111,X157,X173,X272,X356,X581,X615
68,X13,X35,X39,X41,X64,X90,X105,X118,X151,X356,X536,X608,X615
69,X5,X8,X22,X41,X49,X83,X105,X197,X220,X356,X554,X581,X615
70,X22,X27,X41,X91,X128,X181,X249,X315,X356,X447,X502,X581,X604
71,X3,X4,X11,X22,X39,X45,X91,X126,X159,X173,X187,X472,X581
72,X23,X35,X39,X41,X73,X83,X105,X220,X311,X356,X581,X608,X615
73,X1,X3,X22,X39,X42,X45,X83,X105,X128,X249,X356,X447,X608
74,X5,X13,X23,X33,X83,X96,X105,X157,X173,X272,X581,X608,X615
75,X1,X3,X29,X41,X83,X96,X105,X197,X311,X356,X421,X581,X604
76,X1,X3,X29,X72,X73,X83,X105,X157,X173,X220,X356,X447,X581
77,X5,X13,X23,X33,X90,X105,X157,X173,X249,X272,X581,X608,X615
78,X5,X13,X23,X33,X90,X105,X157,X173,X249,X272,X581,X608,X615
79,X1,X3,X29,X33,X83,X157,X159,X173,X181,X187,X249,X356,X382
80,X1,X2,X3,X29,X41,X72,X83,X105,X220,X311,X356,X472,X536
81,X1,X3,X29,X72,X73,X83,X105,X197,X249,X356,X581,X608,X615
82,X3,X26,X30,X41,X73,X83,X105,X315,X356,X447,X581,X604,X615
83,X3,X26,X30,X41,X73,X83,X105,X315,X356,X447,X581,X604,X615
84,X1,X3,X26,X30,X41,X73,X83,X105,X272,X311,X356,X421,X581
85,X1,X3,X26,X30,X41,X73,X83,X105,X272,X311,X356,X421,X581
86,X1,X3,X26,X30,X41,X73,X83,X105,X272,X311,X356,X421,X581
87,X3,X29,X41,X72,X83,X157,X173,X220,X311,X356,X581,X608,X691
88,X1,X3,X26,X30,X41,X73,X83,X105,X157,X173,X311,X581,X691
89,X1,X3,X26,X30,X41,X73,X83,X105,X157,X173,X311,X581,X691
90,X3,X29,X72,X73,X83,X105,X197,X220,X272,X311,X356,X472,X536
91,X3,X26,X30,X72,X73,X83,X105,X197,X272,X356,X581,X608,X691
92,X1,X3,X26,X30,X41,X73,X83,X105,X275,X311,X356,X472,X536
93,X1,X3,X26,X30,X41,X73,X83,X105,X264,X311,X356,X472,X536
94,X8,X26,X30,X42,X72,X73,X83,X105,X272,X303,X356,X581,X615
95,X3,X26,X30,X42,X72,X73,X83,X105,X272,X303,X581,X608,X615
96,X3,X26,X30,X42,X72,X73,X83,X105,X272,X303,X581,X608,X615
97,X3,X26,X30,X42,X72,X73,X83,X105,X264,X311,X356,X472,X536
98,X1,X3,X29,X41,X72,X83,X105,X157,X173,X356,X468,X472,X581
99,X3,X11,X12,X29,X41,X72,X83,X105,X157,X272,X311,X356,X472
100,X3,X26,X30,X42,X72,X73,X83,X105,X157,X173,X356,X421,X581
101,X1,X3,X29,X42,X72,X73,X83,X105,X157,X173,X356,X421,X581
102,X1,X3,X12,X29,X41,X72,X83,X105,X187,X220,X311,X472,X615
103,X1,X3,X12,X29,X41,X72,X83,X105,X187,X220,X311,X472,X615
104,X13,X29,X83,X91,X157,X159,X173,X219,X220,X299,X581,X608,X615
105,X3,X11,X12,X29,X41,X49,X72,X264,X311,X350,X356,X472,X536
106,X1,X3,X12,X29,X68,X73,X83,X157,X211,X350,X581,X608,X615
107,X3,X11,X12,X29,X68,X73,X83,X157,X211,X350,X581,X608,X615
108,X1,X2,X3,X41,X42,X49,X72,X105,X264,X311,X581,X608,X615
109,X1,X2,X3,X11,X41,X49,X72,X105,X211,X350,X581,X608,X615
110,X1,X3,X12,X29,X68,X73,X83,X157,X264,X311,X356,X472,X536
111,X3,X11,X12,X29,X68,X73,X83,X157,X264,X311,X356,X581,X615
112,X13,X29,X41,X83,X157,X159,X173,X219,X220,X272,X356,X608,X615
113,X1,X2,X3,X11,X41,X49,X72,X105,X157,X173,X311,X581,X615
114,X1,X2,X3,X9,X29,X41,X49,X72,X350,X356,X581,X608,X615
115,X3,X11,X12,X22,X29,X68,X73,X83,X264,X311,X581,X608,X615
116,X1,X3,X29,X41,X83,X157,X159,X173,X220,X311,X421,X447,X536
117,X1,X3,X41,X83,X157,X159,X173,X220,X299,X311,X421,X447,X536
118,X3,X11,X12,X19,X29,X41,X49,X72,X220,X472,X581,X608,X615
119,X1,X3,X12,X29,X41,X90,X105,X272,X303,X356,X472,X581,X608
120,X1,X3,X41,X83,X157,X159,X173,X264,X275,X311,X356,X421,X615
121,X3,X11,X41,X83,X157,X159,X173,X229,X264,X275,X356,X421,X608
122,X1,X3,X41,X83,X157,X159,X173,X229,X264,X275,X311,X472,X615
123,X1,X9,X13,X30,X90,X96,X105,X121,X220,X229,X472,X581,X608
124,X1,X11,X29,X33,X41,X90,X105,X128,X220,X311,X581,X608,X615
125,X1,X11,X29,X33,X41,X90,X105,X127,X151,X157,X173,X275,X615
126,X3,X11,X12,X29,X41,X45,X49,X72,X264,X311,X581,X608,X615
127,X3,X11,X12,X29,X41,X45,X49,X72,X264,X311,X472,X581,X608
128,X9,X43,X83,X94,X157,X159,X173,X272,X303,X356,X472,X581,X608
129,X9,X43,X83,X94,X157,X159,X173,X272,X303,X356,X472,X581,X608
130,X9,X16,X43,X83,X94,X157,X159,X173,X272,X356,X472,X581,X608
131,X3,X11,X12,X29,X30,X90,X105,X127,X157,X173,X311,X608,X615
132,X9,X43,X83,X122,X157,X159,X173,X272,X303,X356,X472,X581,X615
133,X1,X2,X3,X29,X90,X105,X121,X219,X264,X311,X581,X608,X615
134,X11,X12,X29,X42,X90,X100,X105,X151,X197,X200,X270,X311,X421
135,X11,X12,X29,X42,X90,X100,X105,X181,X270,X275,X472,X581,X608
136,X11,X12,X29,X42,X90,X100,X105,X181,X270,X275,X472,X581,X608
137,X11,X12,X29,X42,X90,X100,X105,X181,X270,X275,X472,X581,X608
138,X2,X3,X11,X12,X30,X42,X68,X90,X111,X116,X581,X608,X615
139,X2,X3,X11,X12,X30,X42,X68,X90,X111,X116,X581,X608,X615
140,X2,X3,X11,X29,X42,X90,X105,X121,X151,X311,X581,X608,X615
141,X1,X3,X83,X157,X159,X173,X200,X270,X272,X275,X303,X472,X615
142,X1,X3,X83,X157,X159,X173,X200,X270,X272,X275,X303,X472,X615
143,X1,X3,X83,X157,X159,X173,X200,X270,X272,X275,X303,X472,X615
144,X1,X3,X83,X157,X159,X173,X200,X270,X272,X275,X303,X472,X615
145,X1,X3,X83,X157,X159,X173,X200,X270,X272,X275,X303,X472,X615
146,X1,X3,X83,X126,X157,X159,X173,X200,X270,X272,X275,X303,X615
147,X1,X3,X83,X126,X157,X159,X173,X200,X270,X272,X275,X303,X615
148,X1,X3,X83,X157,X159,X173,X200,X270,X272,X311,X581,X608,X615
149,X18,X19,X83,X157,X159,X173,X200,X270,X272,X311,X581,X608,X615
150,X1,X3,X19,X22,X42,X90,X105,X208,X270,X272,X311,X472,X615
151,X1,X2,X3,X19,X42,X90,X105,X208,X270,X272,X311,X472,X615
152,X3,X11,X12,X27,X29,X43,X92,X208,X270,X272,X311,X421,X615
153,X3,X11,X12,X27,X29,X43,X92,X208,X311,X421,X615,X626,X738
154,X3,X11,X12,X27,X29,X43,X92,X208,X311,X421,X581,X615,X738
155,X3,X9,X96,X100,X111,X200,X264,X270,X272,X311,X356,X615,X738
156,X1,X3,X83,X157,X159,X173,X200,X270,X272,X275,X472,X608,X615
157,X3,X12,X83,X157,X159,X173,X200,X270,X272,X275,X472,X608,X615
158,X2,X3,X12,X19,X29,X90,X103,X105,X181,X264,X311,X356,X472
159,X1,X3,X83,X96,X100,X159,X173,X200,X270,X272,X311,X421,X472
160,X1,X2,X3,X14,X19,X103,X105,X118,X181,X264,X311,X615,X738
161,X2,X19,X90,X96,X100,X111,X181,X208,X264,X270,X275,X421,X615
162,X2,X19,X83,X157,X159,X173,X264,X270,X272,X275,X502,X615,X738
163,X2,X9,X12,X19,X45,X90,X103,X105,X181,X264,X311,X615,X738
164,X2,X9,X12,X19,X45,X90,X103,X105,X181,X264,X311,X615,X738
165,X2,X9,X90,X96,X111,X118,X219,X270,X275,X311,X350,X356,X615
166,X2,X9,X90,X96,X111,X118,X219,X264,X272,X275,X468,X615,X738
167,X2,X9,X90,X96,X111,X118,X219,X264,X272,X275,X468,X615,X738
168,X2,X9,X90,X96,X111,X118,X159,X181,X264,X311,X315,X421,X615
169,X1,X3,X90,X96,X157,X159,X173,X264,X270,X272,X275,X311,X615
170,X2,X9,X13,X42,X219,X264,X272,X275,X421,X468,X615,X738,X763
171,X2,X9,X90,X96,X111,X118,X200,X264,X272,X275,X468,X615,X738
172,X2,X41,X90,X96,X111,X118,X181,X264,X275,X311,X350,X356,X615
173,X2,X41,X90,X96,X111,X118,X181,X264,X275,X311,X350,X356,X615
174,X39,X90,X96,X111,X118,X200,X219,X270,X275,X311,X350,X356,X615
175,X12,X19,X49,X68,X90,X96,X111,X118,X144,X275,X350,X472,X615
176,X12,X19,X49,X68,X90,X96,X111,X118,X144,X275,X350,X472,X615
177,X19,X39,X68,X90,X96,X157,X159,X173,X270,X275,X311,X554,X615
178,X1,X3,X9,X13,X16,X24,X90,X111,X121,X264,X311,X554,X615
179,X1,X3,X9,X13,X16,X24,X90,X111,X121,X264,X311,X356,X738
180,X2,X12,X13,X19,X42,X90,X159,X181,X264,X272,X468,X581,X615
181,X2,X10,X12,X19,X52,X90,X111,X121,X144,X264,X356,X472,X615
182,X1,X3,X9,X10,X13,X42,X90,X111,X121,X144,X264,X315,X472
183,X12,X19,X49,X68,X90,X96,X111,X118,X144,X157,X264,X472,X615
184,X12,X18,X19,X42,X52,X90,X111,X121,X144,X264,X272,X468,X554
185,X1,X3,X9,X13,X16,X90,X111,X121,X144,X264,X272,X468,X554
186,X12,X19,X68,X90,X96,X157,X159,X173,X272,X275,X468,X581,X615
187,X1,X3,X9,X10,X52,X90,X111,X118,X157,X264,X291,X472,X615
188,X2,X19,X49,X68,X90,X96,X111,X118,X144,X157,X264,X472,X615
189,X3,X6,X9,X41,X52,X111,X116,X121,X144,X173,X264,X554,X615
190,X3,X6,X9,X41,X52,X111,X116,X121,X144,X173,X264,X554,X626
191,X2,X12,X13,X42,X90,X91,X111,X157,X272,X275,X468,X626,X738
192,X2,X11,X12,X13,X19,X52,X96,X111,X118,X144,X157,X264,X311
193,X1,X3,X9,X13,X16,X90,X96,X111,X118,X173,X275,X311,X615
194,X12,X22,X52,X73,X91,X96,X122,X144,X173,X272,X311,X315,X421
195,X12,X19,X52,X73,X91,X96,X111,X118,X181,X186,X264,X604,X615
196,X12,X19,X52,X73,X91,X96,X111,X118,X181,X186,X264,X604,X615
197,X12,X19,X52,X73,X91,X96,X111,X118,X181,X186,X264,X604,X615
198,X1,X3,X9,X13,X16,X90,X96,X111,X118,X181,X264,X311,X615
199,X1,X3,X9,X13,X16,X90,X96,X111,X173,X181,X264,X311,X615
200,X2,X3,X10,X11,X13,X90,X96,X111,X118,X181,X264,X311,X615
201,X12,X52,X73,X96,X111,X121,X122,X157,X187,X200,X264,X311,X615
202,X12,X52,X73,X96,X111,X121,X122,X157,X187,X200,X264,X311,X615
203,X12,X19,X27,X49,X52,X90,X96,X121,X122,X157,X187,X264,X311
204,X1,X13,X16,X17,X49,X90,X91,X111,X125,X128,X264,X468,X615
205,X1,X13,X16,X17,X49,X90,X91,X111,X125,X128,X264,X468,X615
206,X1,X9,X13,X19,X52,X90,X96,X121,X122,X157,X249,X264,X311
207,X1,X9,X13,X19,X52,X90,X96,X121,X122,X157,X249,X264,X311
208,X2,X12,X13,X19,X52,X90,X96,X121,X122,X157,X249,X264,X311
209,X2,X12,X13,X19,X52,X90,X96,X121,X122,X157,X249,X264,X311
210,X3,X12,X19,X27,X49,X90,X91,X103,X173,X186,X220,X311,X472
211,X2,X12,X13,X19,X52,X90,X91,X128,X173,X186,X220,X311,X472
212,X2,X12,X13,X19,X52,X90,X91,X128,X173,X186,X220,X311,X472
213,X1,X6,X9,X13,X16,X42,X103,X111,X157,X229,X264,X468,X738
214,X1,X3,X9,X19,X42,X90,X103,X111,X157,X229,X264,X468,X738
215,X1,X12,X19,X27,X49,X90,X91,X128,X157,X229,X264,X468,X615
216,X3,X12,X19,X27,X49,X90,X121,X128,X173,X181,X264,X311,X468
217,X12,X19,X52,X73,X91,X96,X122,X128,X157,X249,X264,X311,X315
218,X12,X19,X52,X73,X91,X96,X122,X128,X157,X249,X264,X311,X315
219,X3,X9,X11,X16,X19,X37,X42,X122,X181,X264,X299,X311,X468
220,X12,X13,X16,X24,X49,X90,X103,X108,X111,X144,X181,X311,X763
221,X12,X13,X16,X24,X49,X90,X103,X108,X111,X144,X181,X311,X763
222,X13,X16,X24,X49,X90,X103,X108,X111,X144,X181,X197,X311,X763
223,X13,X16,X24,X49,X90,X103,X108,X111,X163,X249,X264,X311,X315
224,X13,X16,X24,X49,X90,X103,X108,X111,X144,X249,X264,X275,X311
225,X13,X16,X24,X49,X90,X103,X122,X181,X264,X311,X468,X604,X738
226,X1,X12,X13,X19,X42,X43,X68,X105,X111,X157,X311,X468,X763
227,X1,X3,X9,X19,X42,X90,X111,X118,X181,X249,X264,X311,X315
228,X1,X3,X9,X19,X42,X90,X111,X118,X181,X249,X264,X311,X315
229,X3,X4,X12,X19,X42,X90,X111,X118,X181,X249,X264,X311,X315
230,X1,X12,X27,X49,X73,X90,X111,X144,X197,X208,X270,X311,X468
231,X1,X12,X27,X49,X73,X90,X111,X144,X197,X208,X270,X311,X468
232,X9,X12,X27,X49,X90,X111,X118,X122,X264,X299,X311,X447,X468
233,X3,X9,X12,X17,X27,X49,X111,X118,X122,X151,X270,X311,X468
234,X1,X11,X12,X27,X43,X90,X108,X159,X181,X249,X264,X311,X315
235,X1,X12,X16,X27,X49,X73,X90,X111,X264,X311,X536,X604,X763
236,X1,X9,X12,X27,X42,X90,X144,X159,X181,X249,X264,X311,X315
237,X1,X9,X12,X27,X42,X90,X144,X159,X181,X249,X264,X311,X315
238,X9,X12,X73,X90,X96,X100,X144,X151,X264,X311,X536,X554,X604
239,X12,X19,X27,X49,X90,X128,X144,X151,X264,X311,X536,X554,X604
240,X3,X6,X9,X11,X19,X42,X109,X264,X311,X536,X554,X604,X763
241,X3,X9,X12,X27,X49,X90,X109,X264,X311,X536,X554,X604,X763
242,X1,X6,X12,X14,X52,X90,X144,X151,X264,X311,X536,X554,X615
243,X1,X6,X12,X14,X52,X90,X144,X151,X264,X311,X536,X554,X615
244,X1,X12,X19,X27,X42,X90,X114,X151,X264,X311,X536,X554,X615
245,X12,X19,X27,X42,X83,X90,X114,X151,X264,X311,X536,X554,X615
246,X1,X9,X12,X19,X49,X90,X144,X151,X264,X311,X536,X554,X738
247,X3,X9,X12,X27,X49,X73,X90,X122,X125,X264,X311,X536,X738
248,X1,X9,X12,X19,X49,X90,X144,X151,X264,X311,X536,X554,X738
249,X1,X6,X12,X14,X49,X90,X144,X151,X264,X311,X536,X554,X738
250,X1,X12,X19,X49,X90,X105,X109,X173,X249,X311,X468,X472,X738
251,X1,X12,X19,X27,X49,X73,X90,X122,X125,X264,X265,X311,X536
252,X1,X9,X12,X49,X90,X108,X173,X197,X264,X311,X468,X536,X763
253,X6,X12,X14,X27,X49,X90,X173,X197,X264,X311,X536,X554,X615
254,X1,X9,X27,X49,X73,X90,X122,X125,X264,X311,X468,X472,X738
255,X1,X9,X27,X49,X73,X90,X122,X125,X197,X264,X468,X472,X738
256,X1,X12,X19,X27,X43,X105,X109,X126,X264,X311,X536,X554,X615
257,X1,X3,X12,X26,X27,X49,X90,X144,X249,X311,X468,X472,X738
258,X3,X10,X19,X49,X90,X173,X197,X264,X311,X382,X536,X581,X738
259,X1,X19,X27,X49,X90,X118,X197,X264,X311,X502,X536,X554,X615
260,X1,X19,X27,X49,X90,X118,X197,X264,X311,X502,X536,X554,X615
261,X1,X19,X49,X90,X109,X118,X197,X264,X311,X502,X536,X554,X615
262,X1,X9,X11,X27,X49,X92,X128,X144,X264,X270,X311,X536,X615
263,X1,X3,X9,X11,X22,X27,X173,X264,X265,X270,X311,X536,X554
264,X1,X3,X9,X11,X22,X27,X173,X264,X265,X270,X311,X536,X554
265,X19,X31,X49,X90,X109,X118,X173,X264,X265,X270,X291,X311,X468
266,X1,X12,X27,X49,X73,X94,X173,X264,X270,X311,X468,X536,X738
267,X2,X3,X12,X19,X49,X90,X173,X197,X264,X291,X311,X554,X615
268,X1,X5,X19,X27,X73,X90,X187,X249,X291,X311,X315,X536,X763
269,X2,X3,X12,X27,X94,X173,X264,X265,X270,X311,X382,X536,X763
270,X3,X9,X11,X49,X90,X122,X173,X197,X264,X270,X311,X468,X536
271,X1,X7,X11,X49,X90,X122,X173,X197,X264,X270,X311,X468,X536
272,X3,X9,X11,X49,X90,X122,X173,X197,X264,X270,X311,X468,X738
273,X3,X9,X11,X49,X90,X122,X173,X197,X264,X270,X311,X468,X536
274,X3,X9,X11,X49,X90,X122,X173,X197,X264,X270,X311,X536,X763
275,X1,X7,X19,X27,X49,X173,X264,X270,X275,X311,X468,X536,X738
276,X3,X9,X11,X49,X90,X122,X173,X200,X229,X264,X356,X468,X536
277,X3,X9,X11,X49,X90,X122,X173,X200,X229,X264,X356,X468,X536
278,X1,X9,X11,X49,X105,X173,X264,X270,X275,X468,X472,X536,X615
279,X1,X9,X11,X49,X105,X173,X264,X270,X275,X468,X472,X536,X615
280,X1,X9,X11,X49,X90,X173,X264,X270,X311,X468,X536,X554,X763
281,X1,X11,X49,X90,X173,X264,X270,X311,X468,X536,X554,X738,X763
282,X1,X7,X11,X49,X90,X122,X173,X219,X264,X270,X311,X315,X468
283,X12,X27,X49,X90,X122,X173,X186,X187,X264,X270,X356,X382,X468
284,X12,X22,X27,X49,X122,X173,X186,X187,X264,X270,X356,X382,X468
285,X12,X22,X27,X49,X122,X173,X186,X264,X270,X311,X382,X536,X738
286,X1,X12,X27,X49,X73,X90,X114,X173,X264,X311,X382,X468,X763
287,X1,X12,X27,X49,X73,X90,X114,X173,X264,X311,X382,X468,X763
288,X1,X11,X27,X68,X122,X173,X186,X187,X264,X270,X356,X468,X502
289,X1,X11,X27,X68,X122,X173,X186,X187,X264,X270,X356,X468,X502
290,X3,X9,X12,X68,X111,X173,X264,X270,X275,X303,X311,X536,X763
291,X1,X11,X27,X68,X122,X173,X186,X187,X264,X270,X356,X468,X502
292,X1,X6,X7,X49,X122,X173,X186,X187,X264,X270,X356,X536,X763
293,X1,X6,X7,X49,X122,X173,X186,X187,X264,X311,X382,X468,X763
294,X1,X6,X7,X49,X122,X173,X186,X187,X264,X311,X382,X468,X763
295,X1,X6,X7,X49,X122,X173,X186,X187,X264,X311,X382,X468,X763
296,X1,X6,X7,X49,X122,X173,X186,X187,X264,X311,X382,X468,X763
297,X1,X12,X49,X100,X122,X173,X186,X187,X264,X311,X382,X468,X763
298,X1,X12,X49,X100,X122,X173,X186,X187,X229,X264,X356,X468,X472
299,X1,X9,X12,X27,X94,X122,X173,X197,X208,X270,X275,X303,X311
300,X1,X9,X12,X19,X27,X42,X90,X144,X229,X264,X356,X468,X536
301,X1,X9,X12,X19,X27,X42,X90,X144,X150,X264,X356,X468,X536
302,X5,X8,X9,X12,X27,X49,X90,X108,X116,X229,X264,X356,X536
303,X5,X8,X9,X12,X49,X90,X108,X116,X126,X249,X264,X311,X502
304,X1,X9,X12,X19,X27,X122,X125,X187,X264,X299,X311,X382,X604
305,X1,X9,X12,X27,X94,X122,X265,X270,X291,X468,X472,X536,X691
306,X1,X9,X12,X27,X49,X90,X111,X219,X229,X264,X311,X447,X554
307,X9,X12,X27,X94,X96,X127,X151,X173,X197,X264,X468,X472,X536
308,X9,X12,X27,X94,X96,X121,X151,X173,X265,X270,X311,X468,X691
309,X9,X12,X27,X94,X96,X121,X151,X173,X270,X272,X315,X536,X691
310,X9,X12,X27,X94,X96,X121,X265,X270,X291,X468,X536,X608,X691
311,X5,X11,X12,X14,X90,X144,X229,X264,X270,X291,X303,X468,X738
312,X5,X11,X12,X14,X68,X90,X144,X229,X264,X291,X303,X468,X738
313,X5,X11,X12,X14,X68,X90,X144,X229,X264,X291,X303,X468,X738
314,X5,X11,X12,X14,X68,X90,X144,X229,X264,X291,X303,X468,X738
315,X5,X9,X12,X19,X27,X90,X144,X229,X249,X264,X291,X311,X738
316,X5,X9,X12,X19,X27,X90,X144,X229,X249,X264,X291,X311,X738
317,X5,X9,X12,X19,X27,X90,X144,X157,X229,X249,X264,X291,X468
318,X5,X9,X12,X19,X27,X90,X144,X229,X249,X264,X291,X311,X738
319,X5,X9,X12,X19,X27,X90,X144,X229,X249,X264,X291,X311,X738
320,X5,X11,X12,X14,X27,X30,X111,X229,X264,X270,X291,X468,X738
321,X5,X12,X18,X19,X27,X30,X111,X229,X264,X270,X291,X468,X738
322,X5,X12,X18,X19,X27,X30,X111,X229,X264,X270,X291,X468,X738
323,X5,X9,X11,X12,X18,X19,X68,X111,X229,X249,X264,X311,X468
324,X9,X12,X18,X19,X27,X96,X108,X111,X173,X264,X270,X311,X468
325,X9,X12,X19,X100,X144,X186,X229,X264,X265,X291,X311,X315,X604
326,X9,X10,X12,X18,X19,X27,X73,X111,X173,X197,X211,X264,X468
327,X5,X9,X12,X14,X30,X108,X116,X144,X173,X249,X264,X311,X468
328,X9,X12,X16,X18,X19,X27,X73,X111,X173,X197,X211,X264,X468
329,X9,X12,X16,X18,X19,X27,X73,X111,X265,X315,X468,X536,X554
330,X9,X12,X16,X18,X19,X27,X73,X111,X173,X197,X211,X264,X468
331,X9,X12,X16,X18,X19,X27,X73,X111,X173,X197,X211,X264,X468
332,X1,X9,X12,X14,X27,X73,X111,X127,X197,X211,X264,X311,X468
333,X9,X12,X16,X18,X19,X27,X73,X111,X173,X197,X211,X264,X468
334,X12,X16,X18,X27,X29,X30,X90,X103,X173,X197,X211,X264,X738
335,X9,X12,X18,X27,X29,X30,X90,X103,X173,X197,X211,X264,X738
336,X9,X12,X18,X27,X29,X30,X90,X103,X173,X197,X211,X264,X738
337,X9,X12,X18,X27,X29,X30,X90,X103,X173,X197,X211,X264,X468
338,X9,X16,X18,X27,X29,X30,X90,X103,X173,X219,X264,X275,X738
339,X9,X12,X18,X27,X29,X30,X52,X90,X92,X116,X163,X219,X264
340,X9,X16,X18,X27,X72,X90,X111,X144,X173,X197,X211,X264,X468
341,X9,X16,X18,X27,X72,X90,X111,X144,X173,X197,X211,X264,X468
342,X9,X12,X16,X18,X24,X27,X29,X90,X111,X229,X291,X311,X502
343,X9,X12,X16,X18,X24,X27,X29,X90,X111,X229,X265,X315,X468
344,X9,X12,X16,X18,X24,X27,X29,X90,X111,X229,X265,X468,X738
345,X9,X12,X16,X18,X24,X27,X29,X90,X111,X229,X265,X468,X738
346,X9,X12,X16,X18,X24,X27,X29,X90,X111,X229,X265,X468,X738
347,X2,X12,X27,X29,X30,X31,X91,X109,X163,X219,X264,X502,X615
348,X12,X27,X29,X30,X31,X91,X109,X111,X163,X211,X264,X291,X468
349,X12,X27,X29,X30,X31,X91,X109,X111,X163,X211,X264,X291,X468
350,X12,X27,X29,X30,X31,X91,X109,X111,X163,X211,X264,X311,X468
351,X12,X30,X33,X92,X103,X144,X157,X211,X229,X270,X291,X311,X468
352,X2,X9,X18,X27,X30,X96,X111,X220,X229,X270,X291,X315,X468
353,X2,X12,X16,X30,X92,X96,X111,X220,X229,X270,X291,X315,X468
354,X1,X12,X19,X30,X92,X96,X105,X108,X111,X219,X264,X311,X468
355,X2,X12,X16,X30,X92,X96,X111,X181,X220,X270,X291,X315,X468
356,X2,X9,X18,X27,X30,X96,X111,X128,X144,X219,X264,X472,X626
357,X2,X9,X18,X27,X30,X96,X111,X173,X220,X270,X291,X315,X468
358,X2,X12,X16,X30,X92,X96,X111,X220,X229,X270,X382,X468,X763
359,X2,X12,X16,X30,X92,X96,X111,X220,X229,X265,X291,X311,X468
360,X2,X12,X16,X30,X92,X96,X111,X220,X229,X265,X291,X311,X468
361,X2,X12,X19,X30,X92,X96,X111,X220,X229,X264,X275,X315,X468
362,X9,X11,X12,X92,X96,X111,X173,X220,X270,X272,X291,X315,X468
363,X9,X11,X18,X27,X92,X96,X111,X220,X229,X264,X270,X315,X468
364,X9,X11,X18,X27,X92,X96,X111,X220,X229,X264,X270,X315,X468
365,X8,X9,X11,X27,X92,X96,X111,X151,X220,X270,X291,X311,X468
366,X9,X12,X16,X52,X92,X96,X111,X173,X220,X270,X291,X315,X468
367,X9,X11,X27,X92,X96,X111,X118,X265,X275,X311,X421,X468,X502
368,X2,X12,X14,X27,X92,X111,X151,X159,X220,X270,X291,X311,X315
369,X2,X12,X14,X27,X92,X111,X151,X159,X220,X270,X291,X311,X315
370,X2,X12,X16,X18,X19,X27,X111,X163,X229,X264,X270,X272,X468
371,X2,X9,X11,X27,X92,X96,X118,X150,X181,X229,X291,X472,X626
372,X2,X9,X11,X27,X92,X96,X118,X150,X181,X229,X270,X472,X502
373,X1,X2,X12,X16,X18,X27,X91,X151,X229,X275,X291,X472,X626
374,X1,X2,X12,X16,X18,X27,X111,X220,X229,X264,X270,X311,X502
375,X2,X12,X18,X22,X27,X30,X111,X181,X229,X291,X311,X356,X468
376,X2,X12,X18,X22,X27,X30,X92,X111,X181,X229,X311,X356,X468
377,X2,X12,X18,X22,X27,X30,X92,X111,X181,X229,X311,X356,X468
378,X9,X11,X18,X22,X30,X41,X52,X92,X111,X181,X229,X356,X468
379,X9,X11,X18,X22,X30,X41,X52,X92,X111,X181,X229,X356,X468
380,X5,X9,X12,X18,X27,X30,X111,X163,X173,X229,X291,X311,X691
381,X10,X12,X27,X45,X105,X111,X181,X229,X272,X291,X311,X468,X502
382,X5,X9,X12,X18,X27,X30,X111,X163,X173,X229,X291,X311,X691
383,X5,X9,X12,X18,X27,X30,X111,X163,X173,X229,X291,X311,X502
384,X5,X9,X12,X18,X27,X30,X111,X163,X173,X229,X291,X311,X502
385,X12,X18,X19,X27,X30,X111,X220,X249,X270,X291,X311,X472,X502
386,X9,X11,X18,X27,X45,X90,X111,X163,X173,X229,X291,X311,X502
387,X11,X24,X35,X64,X111,X220,X249,X270,X291,X311,X421,X472,X691
388,X9,X11,X18,X27,X45,X90,X111,X157,X173,X229,X291,X311,X468
389,X9,X12,X105,X108,X111,X127,X173,X229,X303,X356,X382,X468,X608
390,X9,X12,X105,X108,X111,X127,X173,X229,X303,X356,X382,X468,X608
391,X11,X24,X105,X108,X111,X127,X173,X229,X303,X356,X382,X468,X608
392,X11,X24,X105,X108,X111,X127,X173,X229,X303,X356,X382,X468,X608
393,X1,X24,X108,X111,X127,X173,X211,X229,X303,X356,X382,X468,X608
394,X1,X2,X10,X30,X111,X220,X249,X270,X291,X311,X421,X472,X691
395,X9,X24,X108,X111,X127,X173,X211,X229,X303,X356,X382,X468,X608
396,X9,X24,X108,X111,X127,X173,X211,X229,X303,X356,X382,X468,X608
397,X9,X24,X108,X111,X127,X173,X211,X229,X303,X356,X382,X468,X608
398,X9,X12,X105,X108,X111,X127,X173,X220,X249,X270,X291,X382,X468
399,X9,X11,X12,X26,X35,X49,X90,X163,X173,X229,X291,X311,X468
400,X9,X24,X108,X111,X127,X173,X211,X229,X303,X356,X382,X468,X502
401,X9,X24,X111,X116,X220,X249,X270,X291,X311,X421,X472,X691,X738
402,X9,X24,X111,X116,X220,X249,X270,X291,X311,X421,X472,X691,X738
403,X9,X24,X41,X52,X111,X220,X249,X270,X291,X311,X421,X472,X691
404,X9,X24,X111,X116,X220,X249,X270,X291,X311,X421,X472,X691,X738
405,X6,X7,X14,X18,X111,X126,X163,X173,X229,X291,X311,X468,X536
406,X9,X13,X30,X90,X109,X126,X163,X197,X229,X291,X311,X472,X691
407,X9,X14,X30,X111,X200,X220,X291,X311,X421,X447,X468,X472,X691
408,X9,X14,X30,X111,X200,X220,X249,X270,X291,X311,X421,X472,X691
409,X9,X14,X30,X111,X200,X220,X291,X311,X421,X447,X468,X472,X691
410,X9,X29,X30,X111,X200,X220,X291,X311,X421,X447,X468,X472,X691
411,X9,X14,X30,X111,X200,X220,X249,X303,X311,X421,X468,X615,X691
412,X9,X14,X30,X43,X111,X200,X249,X303,X311,X421,X468,X615,X691
413,X9,X12,X30,X43,X111,X200,X249,X303,X311,X421,X468,X615,X691
414,X9,X12,X30,X43,X111,X200,X249,X303,X311,X421,X468,X615,X691
415,X9,X12,X30,X43,X111,X200,X249,X303,X311,X421,X468,X615,X691
416,X9,X12,X30,X43,X111,X200,X249,X303,X311,X421,X468,X615,X691
417,X30,X41,X52,X111,X126,X163,X173,X186,X220,X264,X270,X272,X468
418,X30,X41,X52,X111,X126,X163,X173,X186,X220,X264,X270,X272,X468
419,X1,X30,X52,X111,X126,X163,X173,X186,X220,X264,X270,X272,X468
420,X1,X30,X52,X111,X126,X163,X173,X186,X220,X264,X270,X272,X468
421,X4,X12,X14,X30,X111,X220,X249,X303,X311,X421,X468,X615,X691
422,X4,X12,X14,X30,X111,X220,X249,X303,X311,X421,X468,X615,X691
423,X4,X12,X14,X30,X111,X220,X249,X303,X311,X421,X468,X615,X691
424,X4,X12,X14,X30,X39,X68,X111,X151,X163,X220,X291,X303,X468
425,X4,X12,X14,X30,X39,X68,X111,X151,X163,X220,X291,X303,X468
426,X4,X12,X14,X30,X111,X220,X249,X303,X311,X421,X468,X615,X691
427,X4,X12,X14,X30,X111,X151,X220,X249,X303,X311,X421,X468,X691
428,X12,X22,X41,X52,X109,X220,X249,X311,X315,X421,X468,X691,X738
429,X10,X12,X22,X41,X52,X109,X220,X249,X311,X315,X468,X691,X738
430,X30,X31,X41,X52,X111,X126,X163,X173,X211,X219,X291,X468,X581
431,X30,X31,X41,X52,X111,X126,X163,X173,X211,X219,X291,X468,X581
432,X30,X31,X41,X52,X111,X126,X163,X173,X211,X219,X291,X468,X581
433,X30,X31,X41,X52,X111,X163,X220,X249,X311,X315,X421,X468,X738
434,X30,X31,X41,X52,X111,X126,X163,X173,X211,X219,X291,X468,X581
435,X30,X31,X41,X52,X111,X126,X163,X173,X211,X219,X291,X468,X581
436,X30,X31,X41,X52,X111,X126,X163,X173,X211,X219,X291,X468,X581
437,X30,X31,X41,X52,X111,X163,X220,X311,X315,X421,X468,X472,X738
438,X30,X31,X41,X52,X111,X163,X220,X249,X311,X315,X421,X468,X738
439,X30,X31,X41,X52,X111,X163,X197,X291,X421,X447,X468,X615,X691
440,X10,X90,X111,X159,X163,X197,X220,X249,X303,X311,X468,X691,X738
441,X10,X90,X111,X159,X163,X197,X220,X249,X303,X311,X468,X691,X738
442,X3,X7,X8,X41,X52,X111,X220,X303,X311,X421,X468,X615,X691
443,X3,X7,X8,X41,X52,X111,X220,X303,X311,X421,X468,X691,X738
444,X10,X19,X39,X52,X109,X111,X159,X220,X229,X275,X291,X303,X350
445,X41,X52,X111,X126,X163,X173,X187,X211,X219,X270,X291,X468,X738
446,X41,X52,X111,X126,X163,X173,X187,X211,X219,X270,X291,X468,X738
447,X6,X9,X12,X27,X39,X109,X122,X163,X173,X211,X219,X291,X468
448,X6,X9,X12,X27,X39,X64,X109,X122,X163,X173,X211,X219,X291
449,X6,X9,X12,X27,X39,X64,X109,X122,X163,X173,X211,X219,X291
450,X3,X7,X8,X27,X39,X64,X109,X122,X163,X173,X211,X219,X291
