0,X3,X7,X29,X105,X108,X111,X118,X121,X150,X186,X272,X472,X691
1,X6,X19,X83,X92,X127,X151,X157,X173,X186,X229,X272,X350,X738
2,X2,X8,X23,X33,X42,X83,X108,X111,X121,X150,X270,X272,X738
3,X73,X103,X109,X111,X118,X126,X159,X187,X200,X249,X264,X382,X738
4,X1,X5,X16,X23,X31,X35,X37,X108,X150,X197,X270,X272,X738
5,X2,X8,X33,X42,X108,X111,X118,X121,X159,X270,X272,X275,X738
6,X45,X73,X103,X109,X111,X159,X187,X200,X249,X264,X311,X554,X738
7,X1,X5,X16,X33,X42,X108,X111,X121,X208,X229,X249,X299,X472
8,X8,X22,X23,X33,X42,X52,X83,X108,X121,X159,X229,X249,X738
9,X45,X73,X103,X109,X111,X126,X159,X163,X187,X200,X249,X264,X615
10,X6,X19,X23,X33,X42,X108,X111,X159,X208,X229,X249,X299,X581
11,X1,X5,X33,X42,X108,X111,X118,X121,X159,X270,X272,X275,X502
12,X1,X5,X33,X42,X108,X111,X118,X121,X159,X181,X229,X249,X299
13,X1,X5,X23,X33,X42,X108,X111,X121,X150,X208,X229,X299,X502
14,X1,X5,X83,X92,X126,X159,X186,X187,X200,X249,X311,X382,X738
15,X1,X5,X33,X42,X108,X111,X118,X121,X159,X270,X272,X275,X502
16,X3,X45,X73,X103,X109,X126,X159,X200,X249,X264,X311,X536,X763
17,X2,X8,X33,X42,X108,X111,X118,X121,X159,X270,X272,X275,X738
18,X1,X5,X6,X16,X23,X31,X37,X96,X116,X150,X229,X264,X299
19,X1,X5,X23,X41,X42,X83,X108,X150,X159,X229,X264,X299,X502
20,X1,X5,X6,X16,X23,X31,X35,X37,X96,X108,X150,X249,X299
21,X1,X5,X6,X23,X27,X31,X37,X108,X150,X208,X229,X249,X299
22,X1,X5,X23,X42,X83,X108,X111,X121,X159,X229,X264,X299,X554
23,X1,X5,X23,X33,X42,X68,X83,X108,X111,X121,X229,X249,X738
24,X5,X23,X33,X42,X72,X108,X111,X121,X122,X159,X229,X272,X299
25,X1,X5,X16,X23,X31,X37,X83,X108,X150,X270,X272,X275,X738
26,X1,X5,X16,X23,X31,X83,X150,X159,X197,X208,X229,X249,X299
27,X1,X5,X23,X33,X42,X83,X108,X111,X121,X150,X208,X299,X738
28,X1,X5,X6,X16,X23,X31,X37,X96,X108,X229,X264,X272,X299
29,X5,X16,X23,X31,X37,X43,X83,X108,X121,X159,X229,X249,X299
30,X1,X5,X33,X41,X42,X96,X108,X150,X208,X211,X229,X299,X738
31,X1,X5,X16,X23,X31,X37,X108,X109,X111,X159,X229,X554,X738
32,X1,X5,X16,X23,X31,X37,X108,X150,X157,X159,X208,X299,X738
33,X1,X5,X16,X23,X31,X37,X108,X111,X150,X157,X229,X264,X738
34,X1,X5,X23,X33,X41,X42,X83,X108,X150,X159,X249,X264,X502
35,X1,X14,X33,X92,X111,X126,X159,X187,X200,X249,X264,X311,X738
36,X1,X5,X23,X31,X37,X83,X108,X116,X126,X159,X208,X299,X738
37,X1,X5,X23,X33,X42,X108,X111,X121,X150,X157,X249,X264,X502
38,X5,X23,X33,X42,X108,X111,X121,X128,X150,X208,X229,X249,X299
39,X5,X23,X33,X42,X108,X111,X121,X126,X150,X208,X229,X249,X299
40,X1,X33,X68,X92,X111,X126,X159,X187,X200,X201,X208,X264,X299
41,X1,X5,X23,X37,X45,X83,X92,X128,X159,X208,X229,X299,X738
42,X5,X23,X33,X42,X108,X111,X121,X159,X186,X200,X229,X299,X738
43,X5,X10,X16,X23,X31,X96,X108,X150,X219,X249,X264,X299,X763
44,X1,X5,X16,X23,X31,X37,X83,X108,X116,X127,X208,X264,X299
45,X1,X5,X16,X23,X31,X37,X83,X108,X121,X211,X249,X299,X502
46,X5,X16,X23,X24,X31,X37,X122,X126,X150,X157,X208,X249,X299
47,X1,X5,X16,X23,X31,X37,X96,X108,X150,X249,X264,X291,X299
48,X1,X5,X6,X16,X23,X31,X37,X126,X144,X150,X181,X229,X299
49,X1,X4,X5,X23,X31,X37,X83,X108,X121,X150,X208,X229,X249
50,X1,X16,X23,X37,X83,X90,X96,X108,X150,X163,X229,X264,X299
51,X1,X5,X23,X31,X37,X92,X96,X108,X150,X201,X208,X229,X502
52,X1,X5,X12,X16,X23,X31,X83,X150,X201,X208,X229,X265,X299
53,X1,X5,X10,X23,X33,X41,X83,X108,X150,X159,X249,X264,X299
54,X1,X10,X16,X23,X83,X100,X108,X114,X126,X150,X208,X299,X502
55,X1,X5,X23,X31,X83,X122,X128,X150,X201,X229,X249,X264,X299
56,X1,X10,X16,X23,X31,X92,X108,X126,X150,X159,X229,X264,X299
57,X1,X5,X16,X31,X83,X96,X108,X150,X163,X211,X249,X472,X502
58,X1,X5,X23,X31,X37,X83,X92,X96,X108,X150,X219,X229,X299
59,X1,X5,X11,X16,X23,X31,X41,X83,X108,X150,X249,X299,X502
60,X1,X5,X23,X31,X37,X83,X92,X150,X157,X249,X264,X502,X554
61,X5,X23,X31,X35,X37,X83,X96,X150,X157,X208,X270,X299,X502
62,X1,X5,X16,X23,X33,X83,X92,X96,X108,X150,X229,X264,X299
63,X5,X23,X31,X35,X37,X83,X96,X150,X157,X208,X270,X299,X502
64,X1,X5,X10,X33,X83,X105,X108,X109,X150,X211,X229,X264,X299
65,X5,X23,X31,X83,X122,X128,X150,X201,X208,X249,X264,X275,X299
66,X1,X5,X18,X23,X31,X37,X83,X108,X150,X157,X211,X249,X502
67,X1,X5,X10,X31,X37,X83,X96,X108,X114,X126,X150,X201,X208
68,X1,X10,X16,X18,X31,X33,X83,X109,X114,X126,X150,X201,X208
69,X1,X5,X10,X23,X33,X83,X108,X118,X201,X208,X229,X264,X299
70,X1,X5,X16,X37,X49,X83,X94,X108,X150,X163,X229,X264,X299
71,X1,X5,X23,X31,X35,X37,X83,X96,X157,X229,X249,X299,X502
72,X1,X16,X23,X30,X31,X83,X122,X128,X201,X208,X249,X264,X299
73,X5,X10,X16,X23,X31,X83,X94,X96,X108,X121,X208,X299,X502
74,X1,X16,X23,X31,X83,X92,X94,X96,X108,X208,X219,X299,X502
75,X1,X5,X23,X26,X31,X37,X92,X94,X96,X108,X208,X299,X502
76,X1,X5,X16,X23,X31,X83,X108,X150,X163,X211,X229,X264,X299
77,X5,X23,X31,X35,X41,X83,X108,X126,X150,X211,X229,X264,X299
78,X1,X10,X23,X31,X83,X92,X96,X150,X157,X208,X270,X299,X356
79,X1,X23,X83,X122,X128,X150,X157,X201,X208,X264,X299,X447,X738
80,X1,X5,X16,X23,X31,X92,X103,X109,X114,X126,X150,X201,X208
81,X5,X10,X23,X31,X41,X83,X92,X94,X96,X108,X208,X299,X502
82,X1,X5,X16,X23,X42,X83,X108,X126,X150,X186,X208,X264,X536
83,X1,X5,X10,X19,X23,X31,X83,X109,X114,X150,X201,X208,X502
84,X1,X16,X23,X37,X68,X83,X92,X109,X114,X150,X163,X299,X502
85,X1,X5,X6,X23,X29,X31,X37,X92,X150,X229,X264,X299,X350
86,X5,X6,X23,X29,X31,X37,X109,X114,X126,X197,X208,X299,X502
87,X1,X5,X16,X24,X31,X83,X108,X111,X128,X150,X163,X270,X299
88,X1,X5,X9,X10,X23,X83,X92,X109,X114,X150,X163,X536,X581
89,X1,X16,X23,X31,X83,X108,X111,X122,X128,X150,X163,X264,X299
90,X1,X16,X31,X37,X83,X92,X96,X150,X173,X229,X264,X299,X502
91,X1,X5,X16,X31,X83,X108,X111,X118,X128,X150,X163,X447,X502
92,X1,X5,X23,X31,X37,X83,X108,X111,X118,X150,X163,X447,X738
93,X1,X5,X16,X31,X37,X41,X83,X108,X111,X118,X150,X264,X299
94,X1,X5,X31,X39,X64,X83,X92,X94,X96,X108,X163,X299,X303
95,X1,X5,X22,X31,X37,X92,X109,X114,X121,X126,X163,X270,X299
96,X1,X16,X23,X31,X42,X92,X109,X114,X150,X208,X272,X299,X502
97,X1,X5,X16,X83,X122,X128,X150,X201,X208,X264,X299,X502,X615
98,X1,X5,X9,X83,X122,X128,X150,X201,X208,X264,X299,X536,X581
99,X1,X5,X14,X83,X122,X128,X150,X163,X201,X208,X264,X502,X738
100,X1,X5,X23,X31,X37,X83,X108,X150,X173,X264,X299,X447,X502
101,X1,X5,X83,X122,X128,X150,X200,X201,X208,X229,X264,X299,X738
102,X5,X9,X10,X18,X23,X83,X92,X150,X173,X264,X299,X447,X502
103,X1,X9,X10,X23,X83,X92,X94,X150,X173,X264,X447,X472,X502
104,X1,X5,X14,X23,X31,X83,X92,X150,X173,X264,X299,X447,X502
105,X1,X5,X16,X83,X109,X122,X128,X150,X201,X208,X264,X447,X472
106,X1,X5,X14,X31,X41,X83,X92,X118,X150,X299,X350,X502,X626
107,X1,X5,X10,X16,X23,X52,X83,X92,X108,X208,X299,X421,X502
108,X5,X23,X27,X31,X73,X83,X92,X103,X109,X114,X126,X208,X502
109,X1,X5,X18,X23,X83,X122,X150,X201,X208,X264,X447,X536,X581
110,X1,X6,X23,X31,X37,X73,X83,X92,X109,X114,X126,X208,X502
111,X1,X5,X16,X72,X83,X122,X150,X200,X201,X264,X447,X536,X581
112,X5,X16,X17,X83,X122,X128,X150,X201,X208,X264,X447,X472,X502
113,X1,X5,X9,X10,X23,X83,X108,X111,X150,X208,X219,X382,X536
114,X1,X5,X16,X49,X83,X111,X114,X126,X208,X299,X502,X536,X581
115,X1,X5,X16,X49,X83,X122,X150,X200,X201,X291,X447,X472,X502
116,X1,X5,X14,X49,X83,X122,X128,X150,X201,X208,X447,X472,X502
117,X1,X5,X68,X83,X91,X122,X128,X150,X201,X264,X472,X502,X763
118,X1,X5,X7,X31,X45,X83,X91,X92,X118,X208,X264,X299,X502
119,X1,X5,X14,X41,X83,X122,X128,X201,X208,X264,X447,X472,X502
120,X1,X5,X9,X83,X122,X127,X201,X208,X264,X299,X356,X447,X502
121,X1,X2,X5,X14,X83,X122,X128,X201,X208,X264,X447,X472,X502
122,X1,X14,X16,X83,X122,X125,X128,X201,X264,X311,X447,X472,X502
123,X9,X14,X16,X23,X24,X31,X41,X83,X92,X108,X229,X382,X502
124,X1,X5,X9,X10,X83,X108,X111,X126,X200,X208,X291,X299,X502
125,X1,X9,X14,X16,X23,X31,X39,X41,X92,X108,X150,X299,X502
126,X5,X14,X49,X83,X114,X122,X150,X201,X229,X447,X472,X502,X554
127,X1,X5,X83,X122,X127,X186,X201,X208,X264,X447,X472,X536,X581
128,X1,X5,X10,X16,X23,X31,X41,X83,X92,X108,X229,X536,X626
129,X5,X14,X45,X83,X122,X150,X201,X208,X264,X299,X356,X502,X626
130,X1,X5,X14,X33,X83,X122,X127,X201,X208,X299,X311,X502,X581
131,X1,X5,X14,X26,X122,X150,X201,X208,X264,X299,X356,X536,X581
132,X1,X5,X9,X14,X83,X122,X127,X201,X264,X447,X472,X502,X581
133,X1,X5,X10,X16,X31,X41,X83,X92,X111,X229,X272,X299,X502
134,X1,X9,X14,X16,X23,X31,X72,X83,X92,X111,X208,X472,X626
135,X1,X14,X16,X122,X127,X144,X163,X201,X264,X447,X472,X502,X554
136,X1,X14,X16,X31,X41,X83,X92,X108,X111,X200,X447,X472,X502
137,X1,X16,X83,X92,X122,X128,X150,X208,X264,X299,X311,X536,X581
138,X1,X5,X14,X16,X41,X83,X92,X111,X127,X208,X299,X502,X581
139,X1,X6,X14,X31,X41,X83,X92,X108,X111,X200,X208,X299,X502
140,X1,X14,X16,X45,X83,X122,X127,X128,X150,X208,X264,X299,X581
141,X5,X13,X14,X16,X83,X122,X127,X163,X201,X264,X356,X536,X581
142,X1,X7,X14,X52,X122,X128,X150,X201,X208,X264,X299,X472,X581
143,X1,X5,X14,X35,X83,X92,X122,X128,X150,X201,X208,X264,X502
144,X1,X9,X14,X16,X83,X118,X128,X150,X208,X264,X299,X536,X581
145,X1,X5,X14,X17,X83,X122,X201,X208,X264,X299,X356,X536,X581
146,X1,X14,X16,X23,X83,X111,X122,X127,X208,X264,X299,X447,X502
147,X1,X5,X10,X23,X83,X111,X116,X122,X127,X201,X264,X299,X502
148,X1,X7,X11,X14,X16,X24,X31,X83,X92,X108,X299,X303,X502
149,X1,X14,X16,X27,X31,X41,X83,X92,X108,X127,X200,X502,X581
150,X1,X7,X10,X64,X83,X114,X128,X150,X201,X264,X299,X447,X502
151,X1,X14,X83,X90,X122,X127,X128,X150,X201,X208,X299,X303,X502
152,X1,X5,X16,X24,X31,X49,X83,X92,X108,X127,X220,X299,X502
153,X1,X5,X10,X64,X83,X128,X150,X201,X208,X264,X536,X581,X691
154,X1,X5,X7,X14,X16,X24,X26,X41,X92,X108,X127,X208,X502
155,X1,X14,X73,X83,X90,X92,X109,X128,X150,X208,X299,X447,X502
156,X1,X5,X9,X14,X83,X108,X201,X208,X264,X272,X299,X303,X502
157,X1,X5,X14,X16,X24,X31,X83,X92,X108,X144,X299,X421,X502
158,X1,X5,X23,X83,X122,X127,X128,X150,X208,X264,X536,X581,X691
159,X1,X5,X10,X22,X23,X83,X122,X126,X150,X201,X299,X536,X581
160,X1,X5,X42,X83,X122,X127,X128,X150,X208,X264,X356,X536,X581
161,X1,X14,X73,X83,X90,X122,X201,X208,X264,X272,X299,X502,X581
162,X1,X5,X83,X105,X122,X127,X128,X150,X200,X264,X299,X421,X502
163,X1,X5,X23,X52,X83,X122,X127,X128,X150,X264,X299,X536,X581
164,X1,X10,X14,X83,X94,X105,X122,X128,X150,X201,X208,X299,X581
165,X1,X5,X42,X83,X108,X111,X126,X150,X201,X208,X299,X472,X581
166,X1,X14,X16,X24,X52,X83,X122,X128,X150,X201,X208,X299,X581
167,X1,X5,X11,X14,X52,X83,X122,X128,X150,X201,X208,X299,X536
168,X1,X10,X14,X83,X94,X201,X208,X264,X272,X299,X311,X536,X581
169,X1,X5,X16,X23,X35,X83,X128,X150,X201,X208,X299,X315,X536
170,X1,X5,X10,X83,X94,X122,X128,X150,X201,X536,X581,X604,X738
171,X14,X16,X23,X31,X41,X83,X122,X150,X157,X272,X356,X536,X581
172,X1,X5,X16,X23,X35,X83,X122,X201,X208,X299,X311,X536,X581
173,X14,X16,X23,X41,X83,X108,X201,X208,X264,X272,X299,X536,X581
174,X1,X5,X16,X73,X83,X118,X122,X128,X208,X299,X311,X536,X581
175,X1,X2,X9,X14,X16,X94,X122,X201,X208,X264,X299,X536,X581
176,X1,X14,X23,X83,X94,X122,X201,X208,X264,X272,X299,X536,X581
177,X1,X14,X23,X83,X94,X122,X201,X208,X264,X272,X299,X536,X581
178,X1,X10,X14,X29,X83,X122,X201,X208,X264,X272,X299,X536,X581
179,X5,X10,X29,X83,X94,X122,X128,X150,X201,X208,X303,X581,X604
180,X1,X5,X6,X14,X24,X41,X45,X49,X83,X92,X96,X128,X536
181,X5,X10,X29,X94,X105,X122,X128,X150,X201,X208,X536,X581,X604
182,X1,X14,X23,X41,X83,X118,X122,X128,X173,X208,X311,X536,X581
183,X1,X10,X14,X29,X83,X122,X128,X173,X201,X208,X299,X447,X472
184,X1,X5,X10,X83,X94,X122,X128,X186,X201,X208,X536,X581,X604
185,X1,X5,X7,X16,X94,X122,X128,X150,X201,X208,X299,X447,X472
186,X1,X5,X10,X37,X83,X94,X128,X150,X201,X211,X536,X581,X604
187,X1,X5,X10,X37,X83,X94,X128,X150,X201,X208,X468,X581,X604
188,X5,X7,X14,X29,X83,X94,X122,X128,X150,X201,X208,X299,X536
189,X1,X14,X29,X83,X94,X122,X128,X150,X201,X299,X303,X536,X581
190,X1,X5,X11,X14,X16,X24,X41,X49,X83,X91,X108,X299,X472
191,X1,X10,X14,X23,X41,X43,X83,X118,X122,X201,X208,X299,X536
192,X5,X14,X16,X24,X31,X92,X105,X108,X201,X211,X536,X581,X604
193,X1,X5,X14,X29,X83,X94,X122,X128,X150,X201,X208,X536,X581
194,X1,X14,X16,X45,X94,X122,X128,X150,X201,X208,X299,X536,X581
195,X1,X10,X14,X29,X83,X94,X122,X201,X208,X264,X299,X536,X581
196,X1,X5,X11,X16,X22,X24,X41,X42,X45,X83,X92,X299,X472
197,X1,X7,X14,X19,X83,X90,X116,X128,X173,X201,X208,X299,X536
198,X2,X14,X16,X27,X83,X90,X122,X201,X208,X272,X299,X536,X581
199,X1,X5,X7,X14,X24,X41,X49,X83,X92,X197,X208,X299,X536
200,X1,X5,X7,X14,X24,X29,X41,X49,X83,X92,X108,X536,X581
201,X5,X14,X18,X19,X24,X83,X92,X108,X150,X201,X208,X536,X581
202,X5,X14,X24,X31,X83,X90,X121,X201,X208,X264,X299,X536,X581
203,X5,X7,X14,X41,X73,X83,X201,X208,X249,X272,X536,X581,X604
204,X1,X5,X11,X14,X16,X24,X35,X41,X52,X92,X108,X208,X299
205,X5,X14,X16,X83,X90,X118,X122,X128,X173,X272,X299,X536,X581
206,X5,X14,X16,X83,X118,X122,X201,X208,X264,X299,X468,X536,X581
207,X1,X5,X14,X45,X83,X122,X144,X201,X208,X264,X536,X581,X604
208,X1,X5,X14,X29,X118,X122,X127,X150,X173,X219,X299,X536,X581
209,X1,X5,X14,X29,X83,X94,X108,X150,X173,X201,X208,X299,X536
210,X1,X5,X14,X16,X83,X90,X201,X208,X264,X299,X536,X581,X691
211,X5,X6,X7,X29,X83,X118,X122,X173,X201,X208,X299,X536,X554
212,X5,X6,X7,X29,X83,X118,X122,X128,X173,X201,X211,X299,X472
213,X1,X2,X5,X14,X16,X83,X118,X128,X173,X187,X201,X299,X421
214,X1,X5,X14,X16,X118,X122,X128,X173,X201,X208,X299,X350,X472
215,X10,X14,X37,X83,X90,X150,X201,X208,X229,X264,X299,X536,X581
216,X13,X14,X29,X30,X83,X108,X128,X173,X200,X201,X208,X299,X421
217,X5,X6,X7,X14,X16,X24,X68,X83,X92,X118,X186,X299,X382
218,X5,X6,X14,X29,X83,X92,X118,X128,X173,X181,X201,X208,X536
219,X1,X5,X14,X29,X128,X150,X201,X208,X264,X265,X382,X421,X536
220,X1,X7,X11,X16,X24,X41,X83,X92,X118,X299,X382,X447,X536
221,X1,X7,X14,X16,X83,X94,X118,X122,X173,X201,X291,X299,X536
222,X5,X13,X14,X29,X83,X94,X118,X122,X201,X208,X219,X299,X536
223,X5,X13,X14,X29,X83,X94,X118,X122,X128,X201,X208,X299,X536
224,X1,X5,X14,X16,X83,X94,X122,X128,X173,X201,X208,X275,X299
225,X1,X13,X14,X16,X83,X94,X122,X128,X163,X173,X201,X208,X299
226,X1,X5,X14,X23,X29,X83,X94,X108,X128,X208,X299,X382,X536
227,X1,X13,X14,X29,X118,X122,X173,X181,X201,X208,X299,X472,X536
228,X1,X5,X24,X33,X83,X103,X118,X122,X128,X201,X208,X299,X536
229,X7,X11,X14,X16,X24,X41,X83,X92,X103,X118,X125,X208,X536
230,X1,X5,X14,X29,X83,X103,X118,X122,X128,X201,X208,X299,X472
231,X1,X5,X14,X29,X31,X37,X83,X118,X122,X220,X299,X382,X536
232,X1,X7,X9,X11,X14,X41,X83,X92,X118,X121,X125,X208,X299
233,X5,X14,X16,X29,X37,X109,X118,X122,X208,X220,X299,X382,X536
234,X1,X14,X24,X29,X37,X100,X118,X122,X125,X128,X208,X299,X536
235,X1,X5,X14,X29,X83,X118,X122,X128,X201,X208,X299,X311,X536
236,X1,X11,X14,X29,X31,X83,X118,X128,X173,X201,X208,X502,X536
237,X5,X14,X16,X29,X83,X118,X122,X128,X151,X201,X208,X299,X536
238,X14,X29,X83,X94,X118,X122,X128,X144,X173,X201,X208,X299,X536
239,X1,X5,X14,X16,X29,X37,X111,X118,X128,X201,X208,X299,X536
240,X1,X5,X17,X29,X83,X122,X128,X144,X173,X201,X299,X382,X536
241,X1,X5,X14,X16,X43,X83,X94,X122,X201,X208,X264,X299,X536
242,X5,X18,X29,X37,X72,X83,X118,X128,X173,X201,X208,X299,X536
243,X1,X5,X16,X24,X35,X72,X83,X128,X151,X201,X208,X299,X536
244,X7,X14,X29,X37,X83,X118,X122,X128,X220,X264,X382,X472,X536
245,X1,X18,X29,X37,X83,X116,X118,X128,X173,X201,X208,X299,X536
246,X1,X5,X16,X29,X83,X128,X144,X201,X208,X275,X299,X315,X536
247,X5,X10,X14,X29,X83,X122,X128,X173,X229,X270,X299,X447,X536
248,X1,X5,X16,X29,X68,X83,X122,X128,X144,X201,X299,X472,X536
249,X1,X5,X14,X16,X24,X37,X116,X118,X122,X299,X382,X502,X536
250,X7,X14,X29,X37,X68,X83,X122,X128,X201,X208,X299,X472,X536
251,X1,X5,X14,X16,X29,X122,X128,X173,X201,X264,X299,X472,X536
252,X1,X5,X16,X37,X42,X83,X122,X128,X173,X264,X291,X299,X536
253,X1,X5,X14,X29,X83,X122,X128,X173,X181,X201,X299,X382,X536
254,X7,X14,X37,X83,X118,X122,X128,X144,X201,X272,X299,X472,X536
255,X1,X14,X16,X18,X24,X35,X90,X128,X163,X201,X208,X299,X536
256,X1,X5,X18,X29,X35,X37,X118,X122,X128,X144,X299,X382,X536
257,X1,X10,X16,X24,X83,X103,X122,X173,X201,X264,X299,X472,X536
258,X1,X10,X14,X16,X83,X111,X118,X122,X144,X201,X264,X299,X536
259,X29,X37,X49,X83,X118,X122,X128,X208,X229,X275,X299,X536,X763
260,X1,X10,X14,X16,X29,X83,X122,X173,X201,X264,X299,X472,X536
261,X1,X5,X14,X16,X29,X68,X122,X128,X173,X201,X208,X299,X536
262,X1,X5,X16,X24,X29,X105,X122,X173,X201,X264,X299,X382,X536
263,X4,X5,X14,X16,X83,X157,X173,X201,X208,X299,X382,X472,X536
264,X7,X10,X14,X16,X83,X122,X173,X229,X270,X299,X472,X536,X738
265,X1,X14,X18,X37,X39,X111,X122,X128,X173,X201,X299,X382,X536
266,X1,X5,X14,X37,X118,X122,X128,X201,X208,X299,X468,X472,X536
267,X1,X5,X14,X16,X29,X122,X128,X173,X201,X270,X311,X382,X536
268,X5,X14,X16,X37,X83,X118,X122,X128,X201,X211,X299,X382,X536
269,X1,X5,X14,X16,X37,X83,X122,X128,X186,X201,X208,X299,X536
270,X1,X7,X14,X16,X24,X83,X118,X122,X127,X128,X299,X536,X554
271,X1,X14,X16,X83,X118,X122,X126,X128,X173,X201,X311,X382,X536
272,X5,X14,X16,X29,X83,X122,X128,X201,X270,X299,X311,X382,X536
273,X1,X14,X16,X37,X45,X83,X122,X163,X173,X201,X208,X299,X536
274,X1,X5,X14,X16,X24,X26,X29,X118,X128,X201,X299,X472,X536
275,X1,X10,X14,X16,X83,X103,X122,X128,X173,X270,X299,X472,X536
276,X1,X10,X14,X16,X29,X122,X128,X173,X201,X208,X264,X299,X536
277,X1,X10,X16,X24,X29,X122,X163,X173,X201,X299,X421,X472,X536
278,X1,X14,X16,X29,X83,X108,X118,X122,X151,X201,X229,X299,X536
279,X1,X2,X10,X29,X83,X108,X118,X122,X151,X201,X382,X536,X691
280,X1,X5,X7,X14,X16,X18,X24,X52,X122,X163,X275,X299,X536
281,X1,X5,X29,X37,X108,X122,X128,X173,X181,X201,X299,X421,X536
282,X1,X5,X14,X16,X29,X105,X122,X128,X173,X208,X472,X536,X604
283,X1,X5,X14,X16,X92,X105,X122,X128,X173,X208,X472,X536,X604
284,X1,X5,X14,X29,X92,X105,X122,X128,X173,X181,X201,X299,X536
285,X1,X5,X14,X16,X19,X83,X122,X128,X173,X201,X208,X299,X315
286,X1,X5,X16,X92,X105,X122,X163,X173,X201,X208,X220,X299,X536
287,X1,X5,X14,X16,X92,X105,X128,X173,X208,X220,X299,X382,X536
288,X1,X5,X14,X29,X122,X128,X159,X173,X201,X208,X299,X315,X472
289,X1,X5,X14,X16,X22,X122,X128,X173,X201,X208,X299,X472,X536
290,X1,X5,X8,X14,X16,X92,X105,X122,X173,X201,X472,X536,X604
291,X1,X5,X8,X14,X92,X105,X122,X173,X201,X299,X315,X472,X536
292,X1,X5,X14,X16,X18,X24,X83,X163,X299,X472,X536,X608,X626
293,X1,X5,X14,X16,X18,X83,X122,X163,X201,X264,X299,X472,X626
294,X1,X5,X14,X37,X83,X122,X128,X201,X208,X220,X472,X536,X581
295,X1,X5,X14,X16,X83,X90,X122,X126,X173,X201,X299,X382,X536
296,X1,X5,X14,X92,X105,X122,X163,X173,X201,X265,X299,X536,X554
297,X10,X14,X16,X122,X128,X159,X173,X186,X201,X208,X299,X472,X536
298,X1,X5,X14,X16,X42,X122,X128,X157,X201,X208,X299,X382,X536
299,X1,X5,X14,X16,X42,X122,X128,X157,X201,X208,X299,X382,X536
300,X1,X14,X16,X122,X128,X144,X159,X201,X208,X220,X299,X382,X536
301,X1,X13,X14,X16,X83,X90,X122,X126,X173,X201,X299,X472,X536
302,X1,X5,X14,X49,X122,X128,X159,X173,X201,X208,X299,X382,X536
303,X1,X8,X11,X14,X16,X24,X96,X122,X150,X163,X472,X536,X626
304,X1,X5,X10,X16,X52,X92,X105,X122,X127,X201,X299,X472,X536
305,X1,X14,X16,X122,X128,X151,X159,X173,X201,X208,X299,X536,X738
306,X1,X5,X16,X23,X29,X122,X159,X173,X201,X208,X291,X299,X536
307,X1,X14,X16,X22,X122,X128,X159,X173,X201,X208,X299,X472,X536
308,X1,X5,X14,X16,X94,X122,X159,X173,X201,X208,X299,X382,X536
309,X1,X10,X14,X16,X27,X122,X159,X173,X201,X208,X220,X382,X536
310,X10,X14,X16,X27,X94,X122,X128,X159,X173,X201,X208,X472,X536
311,X10,X14,X16,X27,X94,X122,X128,X159,X173,X201,X208,X472,X536
312,X1,X5,X13,X16,X37,X83,X90,X173,X201,X265,X299,X382,X581
313,X1,X5,X16,X33,X122,X128,X144,X159,X201,X208,X299,X472,X536
314,X1,X13,X14,X16,X33,X83,X90,X150,X173,X201,X299,X315,X472
315,X1,X14,X16,X42,X105,X122,X128,X173,X201,X299,X472,X536,X604
316,X1,X10,X14,X16,X72,X83,X122,X126,X173,X201,X208,X472,X536
317,X1,X5,X16,X27,X83,X90,X122,X126,X173,X201,X299,X382,X536
318,X1,X10,X13,X14,X27,X122,X159,X173,X201,X208,X299,X356,X472
319,X1,X3,X13,X14,X16,X122,X159,X173,X201,X208,X299,X472,X536
320,X1,X10,X14,X31,X83,X116,X122,X173,X201,X208,X299,X536,X763
321,X1,X14,X23,X122,X128,X144,X159,X173,X201,X208,X299,X382,X536
322,X1,X10,X14,X111,X122,X128,X144,X159,X173,X201,X208,X299,X536
323,X1,X14,X73,X105,X122,X128,X151,X173,X201,X208,X299,X382,X536
324,X1,X5,X16,X122,X128,X144,X159,X173,X208,X291,X299,X472,X536
325,X1,X5,X14,X27,X33,X90,X122,X126,X208,X299,X311,X472,X536
326,X1,X10,X16,X22,X37,X83,X122,X126,X159,X173,X201,X472,X536
327,X1,X14,X19,X37,X83,X90,X122,X126,X173,X220,X299,X472,X536
328,X1,X10,X14,X16,X27,X92,X105,X127,X201,X208,X299,X303,X763
329,X1,X5,X14,X29,X122,X128,X151,X159,X173,X201,X356,X472,X536
330,X1,X5,X14,X29,X128,X159,X173,X208,X299,X315,X472,X536,X581
331,X1,X5,X16,X27,X33,X83,X90,X122,X127,X201,X208,X472,X536
332,X1,X14,X16,X33,X83,X92,X105,X122,X127,X201,X356,X382,X763
333,X5,X14,X19,X90,X122,X126,X173,X201,X208,X472,X502,X536,X738
334,X1,X14,X16,X37,X122,X128,X151,X173,X201,X299,X303,X315,X536
335,X14,X16,X37,X122,X128,X151,X173,X201,X208,X299,X315,X472,X536
336,X1,X10,X14,X37,X92,X109,X126,X173,X200,X201,X272,X303,X536
337,X1,X10,X14,X37,X68,X122,X128,X151,X173,X201,X299,X472,X536
338,X1,X5,X14,X27,X45,X83,X122,X126,X173,X208,X299,X472,X536
339,X1,X14,X16,X37,X45,X83,X122,X173,X201,X208,X299,X472,X536
340,X1,X7,X10,X14,X31,X37,X90,X92,X122,X299,X472,X536,X608
341,X1,X5,X43,X83,X91,X122,X157,X173,X201,X272,X382,X581,X763
342,X1,X14,X16,X37,X42,X90,X122,X126,X173,X201,X272,X303,X536
343,X1,X5,X14,X16,X27,X90,X122,X126,X201,X208,X299,X472,X536
344,X1,X14,X16,X30,X42,X64,X83,X181,X201,X208,X299,X472,X536
345,X1,X4,X5,X14,X27,X92,X109,X122,X157,X173,X201,X472,X536
346,X1,X14,X16,X37,X122,X128,X151,X173,X201,X208,X272,X472,X536
347,X1,X7,X37,X83,X122,X126,X173,X201,X208,X299,X472,X536,X738
348,X1,X3,X14,X27,X92,X109,X122,X173,X201,X208,X299,X472,X536
349,X1,X14,X16,X37,X122,X128,X151,X173,X208,X291,X299,X472,X536
350,X1,X7,X10,X14,X24,X27,X109,X122,X126,X201,X299,X472,X536
351,X10,X16,X27,X92,X109,X122,X125,X173,X201,X265,X299,X472,X581
352,X1,X5,X16,X27,X90,X109,X173,X201,X265,X299,X472,X581,X615
353,X10,X16,X27,X92,X109,X122,X125,X173,X201,X208,X272,X472,X581
354,X1,X5,X37,X83,X122,X126,X128,X201,X208,X472,X536,X691,X738
355,X14,X16,X27,X92,X109,X122,X173,X201,X208,X299,X468,X472,X536
356,X1,X7,X10,X14,X17,X90,X109,X122,X126,X127,X201,X299,X472
357,X1,X5,X16,X126,X173,X201,X208,X291,X299,X472,X536,X604,X691
358,X1,X12,X16,X27,X92,X109,X122,X173,X201,X208,X299,X472,X536
359,X1,X5,X14,X18,X27,X90,X94,X109,X122,X126,X201,X299,X472
360,X1,X5,X105,X126,X150,X173,X201,X208,X299,X472,X536,X581,X604
361,X1,X5,X14,X16,X27,X90,X122,X163,X201,X299,X350,X472,X536
362,X1,X7,X16,X27,X92,X109,X122,X173,X201,X299,X303,X472,X536
363,X5,X14,X19,X27,X92,X109,X122,X173,X201,X299,X315,X472,X536
364,X1,X7,X14,X27,X52,X90,X91,X126,X201,X208,X299,X472,X536
365,X1,X14,X16,X92,X122,X127,X128,X173,X201,X264,X299,X472,X536
366,X1,X7,X10,X14,X27,X90,X91,X103,X173,X201,X208,X299,X472
367,X9,X14,X23,X31,X37,X109,X122,X125,X173,X208,X272,X472,X536
368,X1,X5,X16,X27,X122,X125,X173,X201,X208,X219,X299,X472,X536
369,X1,X3,X14,X16,X27,X109,X122,X125,X173,X201,X208,X299,X472
370,X1,X7,X14,X16,X27,X39,X90,X173,X201,X208,X272,X472,X536
371,X1,X5,X14,X16,X27,X122,X173,X201,X208,X299,X303,X472,X536
372,X1,X5,X14,X16,X27,X90,X109,X122,X201,X272,X472,X536,X608
373,X1,X5,X14,X27,X173,X201,X208,X299,X472,X536,X604,X691,X738
374,X13,X14,X37,X41,X42,X122,X126,X173,X201,X299,X303,X472,X536
375,X14,X16,X27,X109,X122,X201,X219,X299,X421,X447,X472,X536,X615
376,X1,X14,X16,X27,X41,X94,X109,X122,X125,X201,X299,X472,X536
377,X1,X14,X16,X37,X39,X109,X122,X173,X201,X249,X299,X472,X554
378,X1,X16,X27,X109,X122,X173,X197,X201,X219,X299,X447,X472,X536
379,X1,X14,X16,X27,X68,X109,X122,X173,X208,X229,X299,X536,X691
380,X14,X16,X27,X109,X173,X197,X201,X219,X299,X421,X447,X472,X536
381,X1,X14,X24,X27,X92,X128,X201,X219,X299,X472,X536,X604,X691
382,X1,X7,X10,X14,X16,X27,X31,X109,X122,X173,X208,X272,X536
383,X1,X14,X26,X27,X109,X173,X201,X219,X299,X472,X536,X604,X691
384,X1,X14,X16,X26,X27,X39,X90,X91,X201,X208,X299,X472,X536
385,X14,X16,X27,X109,X122,X173,X201,X208,X272,X299,X382,X472,X604
386,X1,X14,X27,X94,X122,X125,X173,X201,X219,X299,X447,X472,X536
387,X14,X16,X23,X27,X109,X122,X173,X201,X219,X299,X472,X536,X763
388,X14,X16,X27,X37,X109,X122,X125,X173,X201,X208,X299,X382,X536
389,X1,X16,X19,X24,X27,X72,X108,X122,X126,X201,X299,X472,X536
390,X1,X7,X10,X27,X39,X43,X91,X96,X173,X201,X208,X299,X472
391,X1,X5,X27,X45,X100,X122,X144,X173,X201,X208,X421,X447,X472
392,X14,X16,X27,X109,X122,X173,X201,X208,X272,X299,X382,X472,X604
393,X1,X7,X14,X27,X122,X125,X159,X201,X208,X229,X272,X299,X536
394,X14,X16,X27,X45,X92,X109,X122,X127,X173,X201,X299,X472,X536
395,X1,X7,X14,X27,X68,X109,X122,X173,X201,X208,X299,X468,X472
396,X1,X14,X16,X27,X109,X122,X173,X197,X201,X208,X229,X299,X472
397,X14,X16,X18,X92,X109,X122,X181,X201,X208,X275,X299,X536,X763
398,X1,X7,X14,X27,X128,X173,X201,X208,X272,X275,X299,X382,X536
399,X16,X19,X27,X39,X90,X91,X122,X197,X201,X208,X229,X299,X472
400,X5,X24,X27,X39,X90,X91,X173,X219,X299,X447,X472,X536,X738
401,X14,X16,X27,X37,X90,X91,X109,X122,X125,X173,X208,X272,X536
402,X14,X16,X18,X22,X27,X92,X122,X127,X173,X201,X208,X272,X604
403,X1,X5,X6,X14,X16,X122,X125,X201,X208,X275,X350,X536,X763
404,X16,X18,X27,X92,X94,X108,X122,X173,X201,X208,X211,X299,X536
405,X1,X5,X6,X14,X16,X122,X125,X201,X208,X275,X350,X536,X763
406,X14,X16,X37,X91,X92,X116,X118,X173,X201,X208,X299,X472,X536
407,X3,X5,X6,X14,X27,X92,X109,X122,X127,X201,X299,X472,X536
408,X16,X27,X92,X108,X122,X126,X173,X201,X208,X299,X472,X536,X608
409,X14,X16,X18,X27,X68,X108,X122,X126,X173,X208,X299,X472,X536
410,X14,X16,X18,X27,X68,X118,X173,X201,X208,X299,X356,X472,X604
411,X14,X16,X26,X27,X103,X122,X126,X173,X201,X208,X299,X472,X604
412,X14,X16,X27,X30,X108,X122,X173,X201,X208,X220,X299,X472,X536
413,X1,X5,X6,X14,X16,X27,X109,X122,X173,X208,X272,X421,X536
414,X1,X13,X27,X122,X125,X159,X201,X208,X229,X275,X299,X472,X536
415,X1,X14,X33,X37,X108,X122,X126,X173,X201,X208,X299,X472,X536
416,X14,X33,X37,X91,X92,X109,X122,X173,X201,X208,X299,X472,X536
417,X14,X16,X18,X31,X68,X91,X92,X118,X173,X201,X299,X472,X536
418,X14,X16,X27,X92,X108,X122,X126,X173,X208,X299,X472,X536,X615
419,X14,X16,X33,X37,X73,X91,X118,X173,X201,X208,X299,X472,X536
420,X1,X14,X27,X72,X92,X122,X173,X201,X208,X272,X275,X299,X472
421,X14,X16,X27,X73,X91,X92,X100,X118,X173,X201,X299,X472,X536
422,X14,X33,X122,X125,X159,X173,X201,X208,X272,X275,X299,X472,X536
423,X1,X7,X14,X27,X68,X91,X92,X144,X201,X299,X356,X536,X615
424,X14,X33,X122,X125,X159,X201,X208,X229,X272,X275,X299,X472,X536
425,X16,X27,X92,X108,X121,X122,X126,X173,X201,X208,X299,X472,X536
426,X14,X33,X122,X125,X159,X173,X201,X208,X272,X275,X299,X472,X536
427,X1,X14,X27,X92,X122,X126,X173,X201,X208,X291,X299,X472,X536
428,X16,X18,X27,X105,X108,X114,X122,X173,X201,X208,X299,X472,X604
429,X11,X14,X27,X31,X122,X173,X201,X208,X272,X275,X299,X472,X536
430,X1,X14,X27,X73,X92,X122,X173,X197,X201,X208,X299,X356,X536
431,X1,X13,X14,X27,X39,X108,X122,X173,X201,X208,X299,X472,X536
432,X14,X16,X27,X72,X73,X108,X122,X173,X201,X208,X299,X472,X536
433,X10,X14,X16,X27,X108,X144,X173,X201,X299,X311,X382,X472,X536
434,X16,X18,X27,X105,X108,X122,X126,X173,X201,X208,X299,X472,X536
435,X10,X14,X16,X27,X68,X91,X127,X144,X173,X208,X299,X356,X536
436,X1,X14,X27,X49,X122,X125,X159,X201,X208,X275,X299,X472,X536
437,X14,X27,X31,X68,X91,X92,X150,X173,X201,X208,X299,X472,X536
438,X1,X7,X14,X22,X27,X68,X91,X92,X201,X208,X299,X472,X536
439,X14,X16,X27,X92,X103,X108,X126,X150,X173,X208,X299,X472,X536
440,X1,X14,X27,X68,X72,X91,X127,X144,X173,X275,X299,X472,X536
441,X1,X12,X14,X27,X68,X91,X92,X173,X201,X208,X299,X472,X536
442,X16,X18,X27,X92,X108,X125,X126,X173,X201,X219,X299,X472,X536
443,X5,X14,X16,X18,X22,X27,X91,X92,X173,X299,X311,X472,X604
444,X1,X7,X14,X27,X96,X122,X125,X173,X201,X208,X219,X472,X536
445,X6,X13,X14,X27,X31,X68,X108,X126,X150,X173,X201,X208,X356
446,X1,X14,X16,X27,X68,X91,X92,X105,X144,X173,X299,X356,X536
447,X14,X27,X31,X68,X91,X92,X150,X173,X201,X208,X299,X472,X536
448,X14,X16,X27,X92,X122,X126,X150,X157,X173,X201,X299,X472,X536
449,X14,X27,X31,X92,X122,X126,X150,X157,X173,X201,X299,X472,X536
450,X5,X14,X27,X72,X92,X108,X122,X126,X173,X201,X299,X472,X626
