0,X47,X173,X299,X316,X397,X424,X461,X550,X666,X682,X692,X730,X764
1,X1,X35,X109,X156,X190,X259,X350,X440,X494,X553,X665,X743,X767
2,X56,X218,X223,X380,X413,X494,X613,X656,X666,X689,X710,X717,X758
3,X56,X218,X223,X380,X413,X494,X613,X656,X666,X689,X710,X717,X758
4,X56,X59,X218,X223,X380,X413,X494,X613,X656,X666,X689,X749,X758
5,X56,X218,X223,X380,X413,X494,X613,X656,X666,X689,X710,X717,X758
6,X56,X218,X223,X380,X413,X494,X613,X656,X666,X689,X710,X717,X758
7,X79,X218,X223,X271,X317,X326,X386,X434,X485,X536,X577,X628,X642
8,X79,X218,X223,X380,X413,X494,X613,X656,X666,X689,X710,X717,X758
9,X56,X218,X223,X271,X380,X413,X494,X613,X656,X666,X689,X717,X758
10,X16,X37,X218,X223,X317,X380,X413,X494,X554,X613,X666,X743,X767
11,X79,X150,X218,X223,X347,X380,X494,X613,X656,X666,X689,X749,X758
12,X79,X218,X223,X347,X380,X413,X613,X656,X666,X689,X710,X717,X758
13,X79,X218,X223,X347,X380,X413,X613,X656,X666,X689,X710,X717,X758
14,X16,X218,X223,X347,X380,X413,X494,X613,X656,X689,X710,X717,X758
15,X45,X210,X218,X223,X380,X413,X494,X613,X656,X689,X710,X717,X758
16,X56,X218,X223,X347,X380,X413,X613,X656,X666,X688,X710,X717,X758
17,X35,X61,X146,X171,X211,X294,X494,X613,X656,X689,X710,X717,X758
18,X11,X48,X146,X171,X211,X294,X494,X613,X642,X656,X710,X717,X758
19,X16,X211,X304,X347,X380,X413,X494,X540,X554,X613,X666,X717,X758
20,X44,X56,X218,X223,X328,X362,X368,X404,X434,X485,X577,X697,X758
21,X16,X218,X223,X347,X380,X413,X494,X613,X656,X689,X710,X717,X758
22,X16,X24,X126,X218,X223,X380,X413,X613,X656,X666,X689,X710,X758
23,X41,X48,X218,X223,X380,X413,X494,X613,X656,X666,X689,X743,X758
24,X16,X218,X223,X328,X362,X368,X413,X434,X485,X536,X577,X697,X758
25,X16,X211,X288,X380,X413,X494,X613,X656,X666,X688,X710,X717,X758
26,X45,X218,X223,X328,X362,X368,X413,X434,X485,X536,X577,X697,X758
27,X45,X218,X223,X328,X362,X368,X413,X434,X485,X536,X577,X697,X758
28,X45,X218,X223,X328,X362,X368,X413,X434,X485,X536,X577,X697,X758
29,X16,X24,X126,X218,X223,X380,X413,X429,X613,X656,X666,X689,X758
30,X16,X218,X288,X291,X380,X413,X494,X613,X656,X666,X688,X743,X758
31,X16,X24,X126,X218,X223,X380,X413,X429,X613,X656,X666,X697,X758
32,X16,X24,X126,X218,X223,X380,X413,X429,X613,X656,X666,X697,X758
33,X16,X24,X126,X218,X223,X368,X413,X434,X485,X536,X577,X697,X758
34,X56,X218,X223,X328,X362,X368,X413,X434,X485,X536,X577,X697,X758
35,X16,X70,X109,X218,X223,X368,X413,X434,X485,X536,X577,X710,X758
36,X56,X218,X288,X291,X380,X413,X494,X613,X656,X666,X688,X743,X758
37,X16,X24,X126,X218,X223,X380,X413,X429,X613,X656,X666,X689,X743
38,X16,X24,X126,X218,X223,X368,X413,X434,X485,X536,X577,X697,X758
39,X56,X70,X109,X218,X223,X368,X413,X434,X485,X536,X577,X697,X758
40,X16,X35,X36,X111,X218,X223,X380,X413,X429,X656,X666,X697,X758
41,X29,X48,X211,X288,X347,X380,X413,X540,X656,X666,X688,X743,X758
42,X16,X24,X126,X218,X223,X380,X413,X429,X585,X656,X666,X689,X758
43,X16,X24,X58,X126,X218,X223,X380,X429,X585,X656,X666,X689,X758
44,X16,X35,X36,X111,X218,X223,X368,X413,X429,X613,X656,X666,X758
45,X16,X24,X126,X218,X223,X327,X413,X434,X485,X536,X577,X697,X758
46,X16,X24,X58,X126,X218,X223,X380,X429,X585,X656,X666,X743,X758
47,X45,X70,X109,X218,X223,X368,X413,X536,X577,X656,X666,X743,X758
48,X16,X24,X58,X126,X218,X223,X380,X413,X429,X656,X697,X712,X758
49,X16,X35,X218,X223,X368,X413,X510,X585,X602,X656,X666,X689,X758
50,X16,X24,X211,X288,X380,X413,X433,X581,X613,X656,X689,X743,X758
51,X16,X24,X58,X126,X218,X223,X380,X429,X585,X656,X666,X689,X758
52,X16,X24,X218,X223,X380,X413,X429,X540,X585,X656,X666,X689,X758
53,X16,X35,X36,X126,X218,X223,X368,X429,X585,X613,X656,X666,X758
54,X16,X24,X25,X58,X126,X218,X223,X239,X585,X613,X656,X666,X758
55,X16,X24,X58,X126,X218,X223,X368,X429,X585,X656,X689,X743,X758
56,X16,X24,X58,X72,X126,X218,X223,X368,X429,X585,X656,X689,X758
57,X16,X24,X126,X223,X306,X368,X413,X429,X536,X577,X643,X697,X758
58,X16,X24,X58,X126,X223,X227,X368,X429,X585,X656,X666,X689,X758
59,X16,X24,X58,X126,X218,X223,X368,X413,X510,X585,X656,X743,X758
60,X16,X24,X25,X58,X126,X218,X223,X239,X585,X656,X666,X689,X758
61,X16,X24,X218,X223,X380,X413,X429,X510,X585,X656,X666,X689,X758
62,X16,X24,X58,X126,X218,X223,X413,X429,X536,X577,X643,X697,X758
63,X16,X24,X58,X126,X218,X223,X429,X540,X585,X656,X666,X689,X758
64,X16,X24,X58,X126,X218,X223,X368,X413,X429,X577,X643,X697,X758
65,X29,X126,X151,X223,X306,X368,X413,X429,X517,X585,X656,X666,X758
66,X16,X24,X45,X126,X218,X223,X429,X540,X585,X656,X666,X697,X758
67,X16,X24,X58,X126,X158,X218,X223,X368,X536,X577,X643,X697,X758
68,X29,X45,X58,X126,X218,X223,X368,X413,X429,X577,X643,X697,X758
69,X16,X24,X58,X126,X218,X223,X429,X450,X536,X577,X643,X697,X758
70,X16,X24,X58,X126,X218,X223,X413,X429,X484,X585,X656,X666,X758
71,X24,X218,X223,X306,X368,X413,X429,X536,X585,X656,X666,X689,X758
72,X29,X126,X151,X223,X306,X368,X380,X429,X585,X656,X666,X689,X758
73,X16,X24,X58,X126,X218,X223,X239,X368,X510,X585,X643,X697,X758
74,X16,X24,X58,X126,X158,X218,X223,X368,X510,X585,X697,X751,X758
75,X29,X45,X58,X126,X218,X223,X429,X510,X577,X626,X643,X697,X758
76,X16,X24,X58,X126,X218,X223,X368,X413,X429,X585,X643,X697,X758
77,X16,X24,X58,X126,X218,X223,X429,X510,X577,X643,X697,X751,X758
78,X29,X45,X58,X126,X218,X223,X413,X429,X540,X585,X689,X701,X758
79,X16,X24,X58,X126,X218,X223,X368,X413,X429,X510,X585,X697,X758
80,X16,X24,X58,X126,X218,X223,X429,X510,X585,X656,X666,X697,X758
81,X16,X24,X58,X218,X223,X385,X429,X510,X585,X656,X666,X697,X758
82,X16,X24,X58,X126,X218,X223,X413,X429,X567,X585,X643,X697,X758
83,X16,X24,X58,X126,X218,X223,X429,X536,X577,X656,X666,X697,X758
84,X16,X24,X58,X126,X218,X223,X429,X536,X585,X626,X643,X697,X758
85,X16,X24,X58,X126,X218,X223,X429,X536,X577,X656,X666,X697,X758
86,X16,X24,X25,X58,X126,X218,X223,X239,X429,X510,X697,X751,X758
87,X16,X24,X58,X126,X218,X223,X264,X429,X540,X577,X656,X743,X758
88,X16,X24,X58,X126,X223,X413,X429,X510,X585,X656,X666,X697,X758
89,X16,X24,X58,X126,X218,X223,X264,X429,X540,X577,X656,X743,X758
90,X16,X24,X126,X223,X299,X413,X429,X510,X585,X656,X666,X697,X758
91,X16,X24,X58,X126,X223,X413,X429,X510,X585,X656,X666,X697,X758
92,X16,X24,X58,X126,X223,X413,X429,X510,X585,X656,X666,X697,X758
93,X16,X24,X126,X223,X299,X413,X429,X510,X585,X656,X666,X697,X758
94,X16,X24,X58,X126,X218,X223,X413,X429,X536,X577,X585,X697,X758
95,X16,X24,X58,X126,X218,X223,X413,X429,X536,X577,X585,X697,X758
96,X16,X24,X58,X126,X223,X413,X429,X510,X585,X656,X666,X697,X758
97,X16,X24,X25,X58,X126,X218,X223,X239,X429,X577,X656,X666,X758
98,X16,X58,X126,X223,X413,X429,X510,X536,X577,X656,X666,X697,X758
99,X16,X24,X58,X126,X218,X223,X429,X536,X585,X656,X666,X697,X758
100,X16,X24,X58,X126,X227,X413,X429,X510,X540,X577,X643,X697,X758
101,X16,X24,X58,X126,X218,X223,X429,X536,X577,X656,X666,X697,X758
102,X16,X24,X58,X223,X413,X429,X510,X550,X585,X656,X666,X697,X758
103,X16,X58,X126,X150,X218,X223,X429,X536,X585,X656,X666,X697,X758
104,X16,X24,X58,X126,X218,X223,X413,X429,X536,X577,X643,X697,X758
105,X16,X24,X58,X126,X218,X223,X429,X510,X540,X577,X643,X697,X758
106,X16,X24,X58,X126,X218,X223,X303,X349,X429,X577,X656,X697,X758
107,X16,X24,X58,X126,X150,X218,X223,X413,X429,X656,X666,X692,X758
108,X16,X24,X58,X126,X150,X218,X223,X413,X429,X585,X656,X697,X758
109,X16,X24,X58,X126,X223,X413,X429,X510,X585,X656,X666,X697,X758
110,X16,X24,X58,X73,X126,X218,X223,X413,X429,X656,X666,X697,X758
111,X16,X24,X58,X126,X218,X223,X429,X510,X536,X577,X643,X697,X758
112,X16,X58,X126,X150,X218,X223,X429,X585,X656,X666,X737,X752,X758
113,X16,X58,X126,X150,X218,X223,X429,X454,X585,X656,X666,X697,X758
114,X16,X24,X58,X73,X126,X218,X223,X413,X429,X656,X666,X697,X758
115,X16,X58,X126,X150,X218,X223,X429,X585,X656,X666,X737,X752,X758
116,X16,X24,X58,X126,X150,X218,X223,X413,X536,X585,X737,X752,X758
117,X16,X24,X58,X126,X150,X218,X413,X520,X554,X585,X656,X697,X758
118,X16,X24,X58,X73,X218,X223,X413,X429,X520,X656,X737,X752,X758
119,X16,X58,X126,X150,X218,X223,X429,X510,X585,X656,X666,X697,X758
120,X16,X126,X204,X218,X223,X429,X484,X510,X585,X656,X666,X697,X758
121,X16,X24,X58,X126,X150,X218,X223,X413,X429,X656,X697,X737,X758
122,X11,X16,X58,X126,X150,X218,X223,X230,X231,X413,X585,X656,X758
123,X14,X16,X58,X126,X128,X218,X223,X413,X429,X656,X737,X752,X758
124,X11,X16,X58,X126,X150,X218,X413,X429,X656,X674,X697,X758,X765
125,X16,X24,X58,X126,X131,X150,X218,X223,X413,X656,X697,X737,X758
126,X11,X16,X58,X126,X150,X218,X223,X413,X429,X436,X656,X752,X758
127,X11,X16,X58,X126,X218,X223,X358,X413,X429,X656,X674,X697,X758
128,X11,X16,X58,X126,X131,X150,X218,X223,X413,X429,X656,X752,X758
129,X11,X16,X58,X73,X126,X218,X223,X413,X429,X585,X674,X697,X758
130,X16,X24,X58,X126,X150,X218,X223,X413,X429,X656,X674,X737,X758
131,X11,X16,X58,X126,X150,X218,X223,X429,X436,X565,X666,X730,X758
132,X16,X24,X58,X126,X150,X218,X223,X413,X656,X674,X697,X752,X758
133,X16,X24,X58,X150,X218,X223,X413,X429,X557,X656,X674,X737,X758
134,X11,X16,X58,X126,X218,X223,X358,X413,X429,X493,X656,X697,X758
135,X16,X24,X58,X126,X150,X218,X223,X413,X429,X436,X656,X697,X758
136,X11,X16,X58,X126,X131,X150,X173,X223,X413,X429,X436,X656,X758
137,X11,X16,X126,X150,X218,X223,X429,X484,X588,X656,X674,X730,X758
138,X11,X16,X58,X126,X218,X223,X358,X413,X429,X656,X674,X737,X758
139,X11,X16,X25,X58,X126,X131,X150,X223,X429,X436,X601,X656,X758
140,X11,X16,X58,X126,X150,X218,X223,X413,X429,X436,X656,X697,X758
141,X11,X16,X58,X126,X150,X218,X223,X310,X413,X656,X674,X697,X758
142,X11,X16,X58,X126,X150,X218,X223,X413,X429,X436,X656,X697,X758
143,X11,X16,X58,X126,X131,X150,X173,X413,X429,X436,X532,X656,X758
144,X11,X16,X58,X73,X126,X173,X223,X413,X429,X436,X656,X697,X758
145,X11,X16,X58,X126,X150,X218,X223,X413,X429,X436,X656,X697,X758
146,X11,X16,X58,X73,X126,X150,X173,X223,X413,X429,X656,X697,X758
147,X11,X16,X58,X126,X150,X218,X223,X413,X429,X436,X656,X697,X758
148,X11,X16,X58,X126,X150,X218,X223,X413,X429,X436,X656,X697,X758
149,X11,X16,X58,X73,X126,X150,X173,X223,X413,X429,X656,X697,X758
150,X11,X16,X58,X73,X126,X150,X333,X429,X436,X493,X656,X697,X758
151,X11,X16,X58,X150,X177,X218,X223,X413,X436,X473,X656,X697,X758
152,X11,X16,X58,X122,X126,X150,X223,X413,X429,X584,X656,X674,X758
153,X11,X16,X58,X150,X177,X218,X223,X413,X436,X492,X656,X697,X758
154,X11,X16,X58,X126,X150,X194,X218,X413,X436,X473,X656,X697,X758
155,X11,X16,X53,X58,X126,X150,X218,X223,X413,X429,X463,X674,X758
156,X11,X16,X58,X126,X150,X218,X223,X413,X429,X436,X656,X697,X758
157,X11,X16,X58,X126,X150,X217,X223,X413,X436,X473,X656,X697,X758
158,X11,X16,X58,X126,X150,X217,X223,X413,X429,X436,X656,X697,X758
159,X11,X16,X58,X73,X126,X150,X173,X223,X413,X429,X656,X697,X758
160,X11,X16,X58,X126,X150,X194,X218,X413,X436,X473,X656,X697,X758
161,X11,X16,X58,X126,X150,X194,X218,X413,X436,X473,X656,X697,X758
162,X11,X16,X58,X126,X150,X217,X223,X413,X436,X473,X656,X697,X758
163,X11,X16,X58,X73,X126,X150,X173,X223,X413,X429,X656,X697,X758
164,X11,X16,X58,X126,X150,X218,X223,X413,X429,X436,X656,X697,X758
165,X11,X16,X58,X126,X150,X218,X223,X413,X429,X436,X656,X697,X758
166,X16,X53,X58,X126,X150,X218,X223,X413,X429,X492,X656,X697,X758
167,X11,X16,X58,X126,X150,X218,X223,X413,X429,X436,X656,X697,X758
168,X11,X16,X34,X58,X81,X126,X150,X223,X413,X429,X656,X697,X758
169,X11,X16,X58,X126,X150,X218,X223,X413,X429,X436,X656,X697,X758
170,X11,X16,X58,X73,X126,X150,X173,X223,X413,X429,X656,X697,X758
171,X11,X16,X58,X73,X126,X150,X173,X223,X413,X429,X436,X656,X758
172,X11,X16,X58,X126,X150,X218,X223,X324,X436,X473,X656,X697,X758
173,X11,X16,X58,X126,X150,X218,X223,X429,X492,X636,X656,X697,X758
174,X11,X16,X58,X126,X150,X218,X223,X413,X429,X436,X656,X697,X758
175,X11,X16,X58,X73,X126,X150,X173,X223,X413,X429,X656,X697,X758
176,X11,X16,X58,X126,X150,X218,X223,X413,X429,X436,X656,X697,X758
177,X11,X16,X58,X126,X150,X218,X223,X413,X429,X436,X656,X697,X758
178,X11,X16,X58,X126,X150,X218,X223,X429,X627,X636,X656,X697,X758
179,X11,X16,X58,X73,X126,X150,X173,X223,X413,X429,X656,X697,X758
180,X11,X16,X58,X126,X150,X218,X223,X429,X627,X636,X656,X697,X758
181,X11,X16,X58,X126,X150,X218,X223,X413,X429,X436,X656,X697,X758
182,X16,X126,X150,X218,X223,X309,X429,X627,X636,X656,X666,X697,X758
183,X11,X16,X58,X126,X150,X218,X223,X413,X429,X436,X656,X697,X758
184,X11,X16,X58,X126,X150,X218,X223,X429,X627,X636,X656,X697,X758
185,X11,X16,X58,X126,X150,X218,X223,X413,X429,X436,X656,X697,X758
186,X11,X16,X58,X126,X150,X194,X218,X413,X429,X436,X656,X697,X758
187,X11,X16,X126,X150,X217,X218,X223,X429,X627,X636,X656,X697,X758
188,X11,X16,X58,X126,X150,X218,X223,X429,X627,X636,X656,X697,X758
189,X11,X16,X58,X107,X150,X218,X223,X429,X627,X652,X656,X697,X758
190,X11,X16,X58,X126,X150,X218,X223,X429,X627,X636,X656,X697,X758
191,X11,X16,X58,X73,X126,X150,X173,X223,X413,X429,X436,X656,X758
192,X11,X16,X58,X73,X126,X150,X173,X223,X413,X429,X436,X697,X758
193,X11,X16,X58,X126,X150,X194,X218,X429,X627,X652,X656,X697,X758
194,X11,X16,X58,X107,X150,X218,X223,X429,X627,X636,X656,X697,X758
195,X11,X16,X58,X126,X150,X194,X218,X223,X429,X627,X656,X697,X758
196,X11,X16,X58,X126,X150,X218,X223,X413,X429,X501,X656,X697,X758
197,X11,X16,X41,X58,X126,X150,X218,X223,X413,X429,X436,X697,X758
198,X11,X16,X41,X58,X126,X194,X218,X413,X429,X436,X656,X697,X758
199,X11,X16,X41,X58,X126,X150,X218,X223,X413,X429,X436,X697,X758
200,X11,X16,X58,X126,X150,X194,X218,X223,X429,X627,X656,X697,X758
201,X11,X16,X41,X58,X126,X218,X223,X413,X429,X627,X656,X697,X758
202,X11,X16,X81,X126,X150,X218,X223,X413,X429,X436,X656,X697,X758
203,X11,X16,X81,X126,X150,X218,X223,X266,X413,X429,X436,X656,X758
204,X11,X16,X81,X126,X150,X194,X223,X429,X457,X627,X656,X697,X758
205,X11,X16,X126,X150,X223,X429,X480,X594,X627,X652,X656,X697,X758
206,X11,X16,X58,X126,X150,X194,X218,X223,X413,X429,X436,X656,X758
207,X11,X16,X58,X126,X150,X218,X223,X413,X429,X436,X656,X697,X758
208,X11,X16,X81,X126,X150,X218,X223,X246,X429,X627,X656,X697,X758
209,X11,X16,X58,X126,X150,X218,X223,X413,X429,X436,X656,X697,X758
210,X11,X16,X102,X126,X218,X223,X413,X429,X570,X627,X636,X656,X758
211,X11,X16,X58,X126,X150,X218,X223,X266,X429,X627,X656,X697,X758
212,X11,X16,X58,X126,X150,X223,X266,X413,X429,X436,X656,X697,X758
213,X11,X16,X58,X126,X150,X194,X218,X223,X413,X429,X436,X656,X758
214,X11,X16,X58,X126,X150,X218,X223,X413,X429,X436,X656,X697,X758
215,X11,X16,X58,X126,X150,X218,X223,X429,X436,X627,X656,X697,X758
216,X11,X16,X81,X126,X150,X218,X223,X429,X625,X627,X656,X697,X758
217,X11,X16,X58,X126,X150,X218,X223,X429,X625,X627,X656,X697,X758
218,X11,X16,X102,X126,X150,X218,X223,X388,X429,X643,X656,X697,X758
219,X11,X16,X81,X126,X150,X218,X223,X413,X429,X436,X627,X656,X758
220,X11,X16,X41,X126,X150,X166,X223,X413,X429,X436,X656,X697,X758
221,X11,X16,X41,X58,X126,X150,X223,X413,X429,X436,X656,X697,X758
222,X11,X16,X58,X126,X150,X194,X223,X413,X429,X436,X656,X662,X758
223,X11,X16,X81,X126,X150,X218,X223,X429,X625,X627,X656,X697,X758
224,X16,X102,X126,X150,X218,X223,X388,X429,X643,X645,X656,X697,X758
225,X11,X16,X81,X126,X150,X194,X223,X413,X429,X436,X656,X697,X758
226,X11,X16,X58,X126,X150,X218,X223,X413,X429,X436,X656,X697,X758
227,X11,X16,X81,X126,X150,X218,X223,X413,X429,X436,X627,X656,X758
228,X11,X16,X81,X126,X150,X194,X223,X413,X429,X436,X656,X662,X758
229,X11,X16,X81,X126,X150,X218,X223,X413,X429,X436,X627,X656,X758
230,X11,X16,X81,X126,X150,X218,X223,X413,X429,X436,X656,X697,X758
231,X11,X16,X81,X126,X150,X194,X223,X413,X429,X436,X499,X656,X758
232,X11,X16,X81,X126,X150,X218,X223,X419,X429,X436,X656,X697,X758
233,X11,X16,X81,X126,X150,X194,X218,X223,X413,X429,X627,X672,X758
234,X11,X16,X58,X126,X150,X218,X223,X413,X429,X436,X627,X656,X758
235,X11,X16,X81,X126,X150,X194,X223,X413,X429,X436,X627,X656,X758
236,X11,X16,X81,X126,X150,X218,X223,X413,X429,X436,X627,X656,X758
237,X11,X16,X81,X126,X150,X218,X223,X413,X429,X436,X656,X662,X758
238,X11,X16,X81,X126,X150,X194,X218,X223,X413,X429,X499,X656,X758
239,X11,X16,X116,X126,X150,X218,X223,X413,X429,X436,X627,X656,X758
240,X11,X16,X81,X126,X150,X218,X223,X419,X429,X436,X499,X656,X758
241,X11,X16,X81,X126,X150,X213,X218,X223,X413,X429,X656,X752,X758
242,X11,X16,X81,X126,X150,X194,X223,X413,X429,X436,X656,X697,X758
243,X11,X16,X58,X126,X150,X194,X223,X413,X429,X436,X461,X656,X758
244,X11,X16,X81,X126,X150,X194,X223,X419,X429,X436,X499,X656,X758
245,X11,X16,X81,X126,X150,X194,X218,X223,X413,X429,X627,X656,X758
246,X16,X81,X84,X126,X150,X194,X223,X266,X413,X429,X499,X656,X758
247,X11,X16,X81,X126,X150,X194,X223,X413,X429,X436,X499,X656,X758
248,X11,X16,X81,X126,X150,X194,X217,X223,X413,X429,X436,X656,X758
249,X16,X81,X84,X126,X150,X166,X194,X413,X429,X436,X499,X656,X758
250,X11,X16,X81,X126,X150,X194,X223,X320,X419,X429,X436,X656,X758
251,X11,X16,X81,X126,X150,X218,X223,X419,X429,X436,X499,X656,X758
252,X11,X16,X58,X126,X150,X194,X217,X429,X436,X499,X656,X723,X758
253,X11,X16,X81,X126,X150,X194,X223,X284,X413,X436,X499,X656,X758
254,X11,X16,X81,X126,X150,X194,X218,X413,X429,X436,X461,X656,X758
255,X11,X16,X58,X126,X150,X194,X223,X306,X413,X429,X499,X656,X758
256,X11,X16,X81,X126,X150,X194,X223,X413,X429,X436,X499,X656,X758
257,X11,X16,X81,X126,X150,X223,X331,X419,X429,X436,X499,X656,X758
258,X11,X16,X81,X126,X150,X194,X223,X266,X413,X429,X499,X656,X758
259,X11,X16,X81,X126,X150,X194,X223,X413,X429,X436,X499,X656,X758
260,X11,X16,X126,X150,X194,X223,X331,X419,X429,X436,X499,X656,X758
261,X11,X16,X81,X126,X150,X223,X266,X429,X436,X618,X656,X697,X758
262,X11,X16,X126,X150,X194,X223,X261,X331,X419,X436,X499,X656,X758
263,X11,X16,X81,X126,X150,X223,X266,X413,X429,X430,X461,X656,X758
264,X11,X16,X81,X126,X150,X194,X223,X284,X429,X436,X499,X656,X758
265,X11,X16,X81,X126,X150,X194,X223,X284,X429,X436,X499,X656,X758
266,X11,X16,X81,X126,X150,X194,X223,X413,X429,X436,X499,X656,X758
267,X11,X16,X81,X126,X150,X194,X223,X413,X429,X436,X499,X656,X758
268,X11,X16,X64,X126,X150,X194,X223,X266,X413,X429,X555,X656,X758
269,X11,X16,X81,X123,X126,X218,X223,X419,X429,X436,X499,X656,X758
270,X11,X16,X81,X126,X150,X194,X223,X331,X419,X436,X499,X656,X758
271,X11,X16,X81,X126,X150,X194,X223,X413,X429,X436,X656,X711,X758
272,X11,X16,X81,X126,X150,X171,X194,X223,X306,X413,X429,X656,X758
273,X11,X16,X81,X126,X150,X194,X223,X284,X413,X429,X499,X656,X758
274,X11,X16,X81,X126,X150,X194,X223,X413,X429,X436,X656,X711,X758
275,X11,X16,X65,X81,X126,X150,X194,X223,X284,X413,X499,X656,X758
276,X11,X16,X81,X126,X150,X194,X223,X306,X429,X436,X499,X656,X758
277,X11,X16,X81,X126,X150,X194,X223,X306,X429,X436,X499,X656,X758
278,X11,X16,X81,X123,X126,X150,X194,X223,X306,X429,X499,X656,X758
279,X11,X16,X81,X126,X150,X194,X223,X306,X413,X429,X499,X656,X758
280,X11,X16,X81,X126,X150,X194,X223,X306,X413,X429,X499,X656,X758
281,X11,X16,X81,X126,X150,X223,X360,X413,X419,X429,X499,X656,X758
282,X11,X16,X81,X126,X150,X223,X413,X429,X436,X499,X656,X719,X758
283,X11,X16,X81,X126,X150,X223,X413,X429,X436,X499,X656,X719,X758
284,X11,X16,X81,X126,X150,X194,X223,X429,X436,X499,X656,X719,X758
285,X16,X81,X126,X150,X223,X261,X413,X429,X436,X499,X656,X719,X758
286,X11,X16,X81,X126,X150,X223,X413,X429,X436,X499,X599,X656,X758
287,X11,X16,X81,X126,X150,X223,X224,X419,X429,X436,X499,X656,X758
288,X11,X16,X81,X126,X128,X150,X223,X306,X429,X499,X577,X656,X758
289,X11,X16,X81,X126,X150,X194,X223,X306,X429,X499,X656,X719,X758
290,X11,X16,X81,X126,X150,X194,X223,X295,X429,X499,X656,X719,X758
291,X11,X16,X81,X126,X150,X194,X223,X306,X307,X413,X429,X499,X758
292,X11,X16,X81,X126,X150,X194,X223,X306,X429,X499,X656,X719,X758
293,X11,X16,X81,X126,X150,X194,X223,X306,X429,X499,X604,X656,X758
294,X11,X16,X53,X81,X126,X150,X194,X223,X306,X413,X429,X486,X758
295,X11,X16,X81,X126,X150,X223,X413,X429,X436,X499,X509,X656,X758
296,X11,X16,X81,X126,X150,X223,X429,X436,X499,X509,X656,X719,X758
297,X11,X16,X53,X81,X126,X150,X194,X223,X306,X413,X429,X486,X758
298,X11,X16,X81,X126,X150,X223,X360,X413,X419,X429,X499,X656,X758
299,X11,X16,X81,X126,X150,X194,X223,X306,X307,X413,X429,X499,X758
300,X11,X16,X81,X126,X194,X223,X224,X306,X307,X413,X429,X499,X758
301,X11,X16,X81,X126,X150,X194,X223,X306,X429,X431,X499,X656,X758
302,X11,X16,X81,X126,X150,X223,X306,X307,X413,X429,X499,X656,X758
303,X11,X16,X81,X126,X150,X223,X224,X306,X429,X499,X509,X656,X758
304,X11,X16,X73,X81,X126,X150,X223,X429,X476,X499,X656,X719,X758
305,X11,X16,X81,X126,X150,X194,X223,X429,X476,X656,X719,X756,X758
306,X11,X16,X81,X126,X150,X194,X223,X295,X429,X496,X499,X656,X758
307,X11,X16,X81,X126,X150,X195,X223,X429,X476,X656,X719,X756,X758
308,X11,X16,X81,X126,X150,X194,X223,X295,X429,X496,X499,X656,X758
309,X11,X16,X81,X126,X150,X223,X306,X307,X419,X429,X499,X581,X758
310,X11,X16,X81,X126,X150,X223,X429,X476,X499,X656,X719,X741,X758
311,X11,X16,X81,X126,X150,X194,X223,X295,X429,X496,X499,X741,X758
312,X11,X16,X81,X126,X150,X194,X223,X295,X429,X496,X499,X656,X758
313,X11,X16,X81,X126,X150,X223,X429,X476,X499,X656,X719,X756,X758
314,X11,X16,X81,X126,X223,X429,X476,X499,X517,X656,X719,X756,X758
315,X11,X16,X81,X126,X150,X223,X413,X429,X436,X496,X499,X656,X758
316,X11,X16,X81,X126,X150,X194,X223,X295,X429,X496,X499,X656,X758
317,X11,X16,X81,X126,X150,X223,X413,X429,X436,X499,X577,X656,X758
318,X11,X16,X126,X150,X194,X223,X429,X476,X499,X656,X719,X741,X758
319,X11,X16,X81,X126,X150,X194,X223,X295,X429,X496,X499,X656,X758
320,X11,X16,X81,X126,X150,X194,X223,X295,X429,X496,X499,X656,X758
321,X11,X16,X81,X126,X150,X223,X413,X429,X436,X496,X499,X656,X758
322,X11,X16,X81,X126,X150,X194,X223,X295,X429,X496,X499,X656,X758
323,X11,X16,X81,X126,X150,X223,X429,X476,X499,X656,X719,X741,X758
324,X11,X16,X126,X150,X223,X295,X315,X429,X479,X496,X499,X656,X758
325,X11,X16,X81,X126,X150,X223,X429,X476,X499,X656,X719,X741,X758
326,X11,X16,X81,X126,X150,X223,X429,X476,X499,X656,X719,X741,X758
327,X11,X16,X126,X150,X218,X223,X413,X429,X436,X496,X499,X656,X758
328,X11,X16,X81,X126,X150,X194,X223,X295,X429,X496,X499,X656,X758
329,X11,X16,X81,X126,X150,X194,X223,X295,X429,X496,X499,X656,X758
330,X11,X16,X81,X126,X150,X194,X223,X295,X429,X496,X499,X656,X758
331,X11,X16,X81,X126,X150,X194,X223,X295,X429,X496,X499,X656,X758
332,X11,X16,X81,X126,X150,X223,X429,X476,X499,X656,X719,X741,X758
333,X11,X16,X24,X81,X126,X150,X223,X315,X429,X479,X499,X656,X758
334,X11,X16,X81,X126,X150,X194,X223,X295,X429,X496,X499,X656,X758
335,X16,X81,X126,X150,X194,X223,X295,X429,X496,X499,X607,X656,X758
336,X11,X16,X81,X126,X150,X194,X223,X295,X429,X496,X499,X656,X758
337,X11,X16,X81,X131,X150,X223,X429,X436,X496,X499,X656,X730,X758
338,X11,X16,X81,X126,X150,X223,X429,X499,X626,X656,X719,X741,X758
339,X11,X16,X81,X126,X150,X223,X429,X476,X499,X656,X719,X741,X758
340,X16,X126,X150,X194,X223,X304,X337,X413,X429,X436,X499,X656,X758
341,X11,X16,X81,X126,X150,X194,X223,X429,X496,X499,X656,X665,X758
342,X11,X16,X81,X126,X150,X194,X223,X429,X496,X499,X607,X656,X758
343,X11,X16,X81,X126,X150,X223,X429,X476,X499,X656,X719,X741,X758
344,X11,X16,X81,X126,X150,X223,X429,X476,X499,X656,X719,X741,X758
345,X11,X16,X81,X126,X150,X223,X413,X429,X436,X496,X499,X656,X758
346,X11,X16,X81,X126,X150,X223,X413,X429,X436,X496,X499,X656,X758
347,X11,X16,X81,X126,X150,X223,X301,X413,X436,X496,X499,X656,X758
348,X11,X16,X126,X150,X194,X223,X301,X413,X436,X496,X499,X656,X758
349,X11,X16,X81,X126,X150,X223,X301,X413,X436,X496,X499,X656,X758
350,X11,X16,X81,X126,X150,X223,X305,X315,X429,X496,X499,X656,X758
351,X11,X16,X81,X126,X150,X223,X413,X429,X436,X496,X499,X656,X758
352,X11,X16,X81,X126,X150,X223,X429,X476,X499,X656,X719,X741,X758
353,X11,X16,X81,X126,X150,X223,X413,X429,X436,X496,X499,X656,X758
354,X11,X16,X81,X126,X150,X223,X429,X476,X499,X656,X719,X741,X758
355,X11,X16,X81,X126,X150,X194,X223,X295,X429,X496,X499,X656,X758
356,X11,X16,X81,X126,X150,X194,X223,X413,X436,X496,X499,X656,X758
357,X11,X16,X81,X126,X150,X223,X413,X429,X436,X496,X499,X656,X758
358,X11,X81,X126,X150,X223,X305,X413,X429,X436,X496,X499,X656,X758
359,X11,X16,X81,X126,X150,X223,X413,X429,X436,X496,X499,X656,X758
360,X11,X16,X81,X126,X194,X223,X429,X436,X496,X499,X656,X694,X758
361,X11,X16,X81,X126,X150,X209,X223,X413,X436,X496,X510,X595,X758
362,X11,X16,X81,X126,X150,X194,X223,X413,X436,X496,X499,X656,X758
363,X11,X16,X81,X126,X150,X223,X413,X429,X436,X496,X499,X656,X758
364,X11,X16,X81,X126,X150,X194,X223,X413,X436,X496,X499,X595,X758
365,X11,X16,X81,X126,X150,X194,X223,X413,X436,X496,X499,X656,X758
366,X11,X16,X81,X126,X150,X194,X330,X413,X436,X496,X499,X656,X758
367,X11,X16,X81,X126,X150,X223,X311,X413,X436,X496,X499,X656,X758
368,X11,X16,X126,X150,X194,X223,X413,X429,X436,X496,X499,X656,X758
369,X11,X16,X81,X126,X150,X223,X413,X429,X436,X496,X499,X656,X758
370,X11,X16,X81,X126,X150,X223,X429,X499,X656,X719,X730,X741,X758
371,X11,X16,X81,X126,X150,X223,X429,X476,X499,X656,X719,X741,X758
372,X11,X16,X126,X150,X223,X244,X413,X429,X436,X496,X499,X656,X758
373,X11,X16,X81,X126,X150,X223,X429,X499,X656,X719,X730,X741,X758
374,X11,X16,X81,X126,X194,X223,X379,X476,X499,X656,X719,X741,X758
375,X11,X16,X81,X126,X150,X223,X413,X429,X436,X496,X499,X656,X758
376,X11,X16,X81,X126,X150,X194,X223,X413,X436,X496,X499,X656,X758
377,X11,X16,X81,X126,X150,X223,X413,X429,X436,X496,X499,X656,X758
378,X11,X16,X81,X126,X150,X194,X223,X413,X436,X496,X499,X656,X758
379,X11,X16,X81,X150,X223,X297,X413,X429,X436,X496,X499,X656,X758
380,X11,X16,X81,X126,X150,X223,X413,X429,X436,X496,X499,X656,X758
381,X11,X16,X81,X150,X223,X413,X429,X496,X499,X656,X665,X683,X758
382,X11,X16,X81,X126,X150,X194,X223,X413,X436,X496,X499,X656,X758
383,X11,X16,X81,X126,X150,X194,X223,X413,X429,X436,X496,X499,X758
384,X11,X16,X81,X126,X150,X223,X305,X413,X436,X496,X499,X656,X758
385,X11,X16,X51,X126,X145,X150,X194,X223,X429,X436,X496,X499,X758
386,X11,X16,X81,X126,X150,X223,X413,X434,X436,X496,X499,X656,X758
387,X11,X16,X81,X126,X150,X223,X406,X413,X436,X496,X499,X656,X758
388,X11,X16,X81,X126,X150,X194,X223,X413,X436,X496,X499,X656,X758
389,X11,X16,X81,X126,X150,X194,X223,X413,X436,X496,X499,X656,X758
390,X11,X16,X61,X81,X126,X150,X223,X413,X429,X496,X656,X730,X758
391,X11,X16,X81,X126,X150,X223,X413,X429,X436,X496,X499,X656,X758
392,X11,X16,X61,X81,X126,X150,X223,X413,X436,X496,X499,X656,X758
393,X11,X16,X81,X113,X126,X150,X223,X429,X499,X656,X683,X747,X758
394,X4,X11,X16,X81,X121,X150,X223,X413,X436,X496,X499,X656,X758
395,X11,X16,X81,X126,X150,X194,X223,X382,X413,X429,X496,X594,X758
396,X11,X16,X45,X81,X126,X223,X436,X496,X499,X656,X719,X741,X758
397,X11,X16,X36,X81,X126,X150,X151,X223,X413,X496,X499,X656,X758
398,X11,X16,X81,X126,X150,X194,X223,X429,X496,X499,X656,X717,X758
399,X11,X16,X81,X126,X150,X194,X223,X413,X436,X496,X499,X656,X758
400,X11,X16,X64,X81,X126,X150,X194,X413,X436,X496,X499,X656,X758
401,X11,X16,X81,X126,X150,X194,X223,X331,X429,X499,X656,X741,X758
402,X11,X16,X81,X126,X150,X194,X223,X413,X436,X496,X499,X656,X758
403,X11,X16,X81,X126,X150,X194,X216,X223,X413,X436,X496,X499,X758
404,X11,X16,X36,X81,X121,X150,X151,X223,X413,X496,X499,X656,X758
405,X11,X16,X81,X126,X150,X223,X413,X429,X436,X496,X499,X730,X758
406,X11,X16,X81,X126,X150,X194,X223,X413,X429,X436,X496,X656,X758
407,X11,X16,X126,X150,X194,X223,X261,X331,X413,X436,X496,X656,X758
408,X11,X16,X126,X150,X194,X223,X261,X331,X413,X436,X496,X656,X758
409,X11,X16,X126,X150,X223,X331,X413,X429,X436,X496,X499,X693,X758
410,X11,X16,X81,X126,X149,X150,X223,X413,X436,X496,X499,X656,X758
411,X11,X16,X126,X150,X223,X331,X429,X436,X496,X499,X641,X656,X758
412,X11,X16,X81,X126,X150,X194,X223,X429,X496,X499,X637,X741,X758
413,X11,X16,X36,X81,X126,X150,X151,X223,X413,X496,X499,X656,X758
414,X11,X16,X81,X126,X150,X194,X223,X261,X436,X496,X499,X693,X758
415,X11,X16,X81,X126,X150,X194,X223,X429,X436,X496,X499,X656,X758
416,X11,X16,X126,X150,X223,X331,X413,X429,X436,X496,X499,X656,X758
417,X11,X16,X126,X150,X223,X331,X413,X429,X436,X496,X499,X656,X758
418,X11,X16,X126,X150,X223,X331,X413,X429,X436,X496,X499,X656,X758
419,X11,X16,X126,X150,X223,X331,X413,X429,X436,X499,X555,X656,X758
420,X11,X16,X81,X126,X150,X223,X413,X429,X436,X496,X499,X656,X758
421,X11,X16,X126,X150,X184,X223,X413,X429,X436,X496,X499,X656,X758
422,X11,X16,X81,X126,X150,X223,X413,X429,X436,X496,X499,X656,X758
423,X11,X16,X38,X39,X126,X150,X223,X413,X436,X496,X499,X656,X758
424,X11,X16,X81,X126,X150,X194,X223,X413,X436,X496,X499,X678,X758
425,X11,X16,X81,X126,X150,X194,X223,X413,X429,X496,X499,X656,X758
426,X11,X16,X81,X126,X150,X194,X223,X413,X436,X496,X656,X698,X758
427,X11,X16,X81,X126,X150,X194,X223,X413,X429,X496,X499,X656,X758
428,X11,X16,X81,X126,X150,X194,X223,X413,X429,X436,X496,X499,X758
429,X11,X16,X81,X126,X150,X194,X223,X413,X429,X496,X499,X656,X758
430,X11,X16,X81,X126,X150,X194,X413,X429,X436,X496,X499,X656,X758
431,X11,X16,X81,X126,X150,X223,X395,X413,X429,X436,X496,X499,X758
432,X11,X16,X81,X150,X194,X223,X402,X413,X429,X496,X499,X656,X758
433,X11,X16,X81,X126,X150,X223,X413,X429,X436,X496,X499,X656,X758
434,X11,X16,X81,X126,X150,X223,X413,X429,X436,X496,X499,X656,X758
435,X11,X16,X81,X126,X150,X194,X223,X413,X429,X496,X499,X656,X758
436,X16,X81,X126,X150,X223,X319,X381,X413,X429,X496,X499,X656,X758
437,X16,X81,X87,X126,X150,X194,X223,X413,X429,X496,X499,X656,X758
438,X11,X16,X126,X150,X194,X413,X429,X436,X479,X496,X499,X656,X758
439,X11,X16,X81,X126,X223,X413,X429,X436,X438,X496,X499,X656,X758
440,X11,X16,X81,X126,X150,X194,X223,X413,X429,X496,X499,X656,X758
441,X11,X16,X126,X150,X194,X223,X413,X429,X436,X496,X499,X656,X758
442,X11,X16,X114,X126,X150,X194,X223,X413,X436,X496,X631,X656,X758
443,X11,X16,X81,X126,X150,X223,X413,X429,X436,X496,X499,X656,X758
444,X16,X81,X87,X126,X150,X194,X223,X413,X429,X496,X499,X656,X758
445,X16,X81,X87,X126,X150,X194,X223,X413,X429,X496,X499,X656,X758
446,X11,X16,X87,X126,X150,X194,X223,X413,X429,X496,X499,X656,X758
447,X16,X81,X87,X126,X150,X194,X223,X413,X429,X496,X499,X656,X758
448,X11,X16,X81,X126,X150,X194,X223,X413,X429,X496,X499,X637,X758
449,X16,X81,X126,X150,X189,X194,X413,X429,X436,X496,X499,X749,X758
450,X11,X16,X126,X132,X150,X194,X223,X413,X429,X479,X496,X656,X758
