0,X61,X135,X164,X270,X333,X337,X346,X495,X564,X639,X657,X727,X758
1,X61,X135,X164,X270,X333,X337,X346,X495,X564,X639,X657,X727,X758
2,X108,X116,X126,X251,X255,X319,X336,X379,X409,X592,X619,X622,X705
3,X59,X148,X149,X208,X222,X278,X332,X407,X445,X469,X502,X690,X696
4,X93,X191,X286,X314,X331,X343,X361,X407,X445,X469,X502,X690,X696
5,X4,X135,X164,X333,X337,X346,X361,X409,X564,X639,X657,X711,X727
6,X54,X88,X99,X203,X235,X319,X336,X346,X367,X495,X526,X678,X753
7,X54,X88,X99,X203,X235,X319,X336,X346,X367,X495,X526,X678,X753
8,X54,X88,X99,X203,X235,X319,X336,X346,X367,X495,X526,X678,X753
9,X54,X88,X99,X203,X235,X319,X336,X346,X367,X495,X526,X678,X753
10,X93,X191,X286,X314,X331,X343,X361,X379,X409,X431,X592,X619,X705
11,X93,X191,X286,X314,X331,X343,X361,X379,X409,X431,X592,X619,X705
12,X93,X191,X286,X314,X331,X343,X361,X379,X409,X431,X592,X619,X705
13,X93,X191,X286,X314,X331,X343,X361,X379,X409,X431,X592,X619,X705
14,X93,X191,X286,X314,X331,X343,X361,X379,X409,X431,X592,X619,X705
15,X93,X191,X286,X314,X331,X343,X361,X379,X409,X431,X592,X619,X705
16,X52,X148,X149,X181,X241,X319,X336,X346,X409,X479,X592,X619,X705
17,X93,X191,X286,X314,X331,X343,X361,X379,X495,X526,X592,X619,X705
18,X54,X67,X88,X99,X159,X203,X233,X235,X301,X319,X346,X495,X705
19,X54,X67,X88,X99,X159,X203,X233,X235,X301,X319,X346,X495,X705
20,X54,X88,X99,X159,X203,X235,X319,X336,X346,X479,X592,X619,X705
21,X54,X88,X99,X159,X203,X235,X319,X336,X346,X497,X592,X619,X705
22,X54,X88,X99,X159,X203,X235,X319,X336,X346,X431,X592,X619,X705
23,X88,X99,X111,X159,X203,X235,X319,X336,X346,X431,X592,X619,X705
24,X88,X99,X111,X159,X203,X235,X319,X336,X346,X431,X592,X619,X705
25,X88,X99,X111,X159,X203,X235,X319,X336,X346,X431,X592,X619,X705
26,X88,X99,X111,X159,X203,X235,X319,X336,X346,X431,X592,X619,X705
27,X54,X88,X99,X159,X203,X235,X319,X336,X346,X556,X592,X619,X705
28,X54,X88,X99,X235,X304,X319,X336,X346,X429,X431,X592,X619,X705
29,X54,X88,X99,X235,X304,X319,X336,X346,X429,X431,X592,X619,X705
30,X54,X88,X99,X235,X304,X319,X336,X346,X429,X431,X592,X619,X705
31,X54,X88,X99,X235,X304,X319,X336,X346,X429,X431,X592,X619,X705
32,X54,X88,X99,X159,X203,X235,X319,X336,X346,X431,X592,X619,X705
33,X54,X88,X99,X159,X203,X235,X319,X336,X346,X431,X592,X619,X705
34,X54,X88,X99,X159,X203,X235,X319,X336,X346,X431,X592,X619,X705
35,X54,X88,X99,X159,X203,X235,X319,X336,X346,X431,X592,X619,X705
36,X54,X88,X99,X159,X203,X235,X319,X336,X346,X431,X592,X619,X705
37,X54,X88,X99,X159,X203,X235,X319,X336,X346,X431,X592,X619,X705
38,X54,X88,X99,X159,X203,X235,X319,X336,X346,X431,X592,X619,X705
39,X54,X88,X99,X159,X203,X235,X319,X336,X346,X431,X592,X619,X705
40,X54,X88,X99,X159,X203,X235,X319,X336,X346,X431,X592,X619,X705
41,X5,X88,X99,X203,X235,X319,X336,X346,X429,X431,X592,X619,X705
42,X5,X88,X99,X203,X235,X319,X336,X346,X429,X431,X592,X619,X705
43,X54,X88,X99,X159,X203,X235,X319,X336,X346,X431,X592,X619,X705
44,X54,X88,X99,X159,X203,X235,X319,X336,X346,X431,X592,X619,X705
45,X54,X88,X99,X235,X248,X304,X319,X336,X346,X429,X592,X619,X705
46,X5,X191,X233,X235,X256,X304,X319,X336,X429,X431,X592,X619,X705
47,X5,X233,X235,X256,X304,X319,X336,X346,X429,X431,X542,X619,X705
48,X5,X233,X235,X256,X304,X319,X336,X346,X429,X431,X542,X619,X705
49,X5,X233,X235,X256,X304,X319,X336,X346,X429,X431,X542,X619,X705
50,X5,X233,X235,X256,X304,X319,X336,X346,X429,X431,X542,X619,X705
51,X23,X54,X88,X99,X159,X162,X235,X319,X336,X346,X542,X619,X705
52,X23,X54,X88,X99,X159,X203,X235,X319,X336,X346,X592,X619,X705
53,X54,X99,X111,X159,X203,X235,X319,X336,X346,X491,X592,X619,X705
54,X23,X54,X88,X99,X159,X203,X235,X319,X336,X346,X592,X619,X705
55,X23,X54,X88,X99,X159,X203,X235,X319,X336,X346,X592,X619,X705
56,X54,X88,X95,X99,X159,X203,X235,X319,X346,X495,X553,X619,X705
57,X23,X54,X88,X99,X159,X203,X235,X319,X336,X346,X592,X705,X746
58,X54,X88,X99,X111,X159,X162,X203,X235,X319,X336,X592,X619,X705
59,X54,X88,X99,X111,X159,X162,X203,X235,X319,X336,X592,X619,X705
60,X54,X88,X99,X111,X159,X162,X203,X235,X319,X336,X592,X619,X705
61,X54,X88,X99,X111,X159,X162,X203,X235,X319,X336,X592,X619,X705
62,X54,X88,X99,X111,X159,X162,X203,X235,X319,X336,X592,X619,X705
63,X54,X88,X99,X111,X159,X162,X203,X235,X319,X336,X592,X619,X705
64,X54,X88,X99,X111,X159,X203,X235,X319,X336,X592,X619,X705,X746
65,X54,X88,X99,X111,X159,X162,X203,X235,X319,X336,X592,X619,X705
66,X54,X88,X95,X99,X159,X203,X230,X235,X319,X336,X346,X619,X705
67,X54,X88,X99,X111,X159,X203,X230,X235,X319,X336,X346,X619,X705
68,X23,X54,X88,X99,X159,X203,X230,X235,X319,X336,X346,X619,X705
69,X23,X54,X88,X99,X159,X203,X230,X235,X319,X336,X346,X619,X705
70,X23,X54,X88,X99,X159,X203,X230,X235,X319,X336,X346,X619,X705
71,X23,X54,X88,X99,X159,X203,X230,X235,X319,X336,X346,X619,X705
72,X23,X54,X88,X99,X159,X203,X230,X235,X319,X336,X346,X619,X705
73,X54,X88,X95,X99,X159,X203,X230,X235,X319,X336,X346,X619,X705
74,X54,X88,X95,X99,X159,X203,X230,X235,X319,X336,X346,X619,X705
75,X54,X88,X95,X99,X159,X203,X230,X235,X319,X336,X346,X619,X705
76,X54,X88,X95,X99,X159,X203,X230,X235,X319,X336,X346,X619,X705
77,X54,X88,X95,X99,X159,X203,X230,X235,X319,X336,X346,X619,X705
78,X54,X88,X95,X99,X159,X203,X230,X235,X319,X336,X346,X619,X705
79,X23,X54,X88,X99,X159,X203,X230,X235,X319,X336,X346,X619,X705
80,X23,X54,X88,X99,X159,X203,X230,X235,X319,X336,X346,X619,X705
81,X54,X88,X95,X99,X159,X203,X230,X235,X319,X336,X346,X619,X705
82,X54,X88,X95,X99,X159,X203,X230,X235,X319,X336,X346,X619,X705
83,X23,X54,X88,X99,X108,X207,X235,X319,X336,X346,X592,X619,X705
84,X54,X88,X95,X99,X159,X203,X230,X235,X319,X336,X346,X619,X705
85,X54,X88,X95,X99,X159,X203,X230,X235,X319,X336,X346,X619,X705
86,X54,X88,X95,X99,X159,X203,X230,X235,X319,X336,X346,X619,X705
87,X54,X88,X95,X99,X159,X203,X230,X235,X319,X336,X346,X619,X705
88,X54,X88,X95,X99,X159,X203,X230,X235,X319,X336,X346,X619,X705
89,X54,X88,X95,X99,X159,X203,X230,X235,X319,X336,X346,X619,X705
90,X54,X88,X95,X99,X159,X203,X230,X235,X319,X336,X346,X619,X705
91,X54,X88,X95,X99,X159,X203,X230,X235,X319,X336,X346,X619,X705
92,X54,X99,X108,X111,X148,X159,X230,X235,X319,X336,X346,X619,X705
93,X54,X99,X108,X111,X148,X159,X230,X235,X319,X336,X346,X619,X705
94,X54,X99,X108,X111,X148,X159,X230,X235,X319,X336,X346,X619,X705
95,X54,X99,X108,X111,X148,X159,X230,X235,X319,X336,X346,X619,X705
96,X54,X99,X108,X111,X148,X159,X230,X235,X319,X336,X346,X619,X705
97,X54,X99,X108,X111,X148,X159,X230,X235,X319,X336,X346,X619,X705
98,X54,X99,X108,X111,X148,X159,X230,X235,X319,X336,X346,X619,X705
99,X54,X99,X108,X111,X148,X159,X230,X235,X319,X336,X346,X619,X705
100,X23,X54,X99,X108,X159,X203,X230,X235,X319,X336,X346,X619,X705
101,X54,X99,X108,X111,X159,X195,X230,X235,X319,X336,X346,X619,X705
102,X54,X99,X108,X111,X159,X195,X230,X235,X319,X336,X346,X619,X705
103,X54,X99,X108,X111,X159,X195,X230,X235,X319,X336,X346,X619,X705
104,X54,X99,X108,X111,X148,X159,X230,X235,X319,X336,X346,X613,X705
105,X54,X99,X108,X111,X159,X195,X230,X235,X319,X336,X346,X619,X705
106,X23,X54,X99,X111,X159,X203,X230,X235,X319,X336,X346,X406,X705
107,X23,X54,X99,X111,X159,X203,X230,X235,X319,X336,X346,X406,X705
108,X23,X54,X99,X111,X159,X203,X230,X235,X319,X336,X346,X406,X705
109,X54,X99,X108,X111,X148,X159,X230,X235,X319,X336,X346,X613,X705
110,X54,X99,X108,X111,X148,X159,X230,X235,X319,X336,X346,X613,X705
111,X54,X99,X108,X111,X148,X159,X230,X235,X319,X336,X346,X613,X705
112,X54,X99,X108,X111,X148,X159,X230,X235,X319,X336,X346,X613,X705
113,X23,X54,X99,X111,X159,X203,X230,X235,X319,X336,X346,X406,X705
114,X54,X99,X108,X111,X148,X159,X230,X235,X319,X336,X346,X613,X705
115,X23,X54,X99,X111,X159,X203,X230,X235,X319,X336,X346,X406,X705
116,X54,X99,X108,X111,X148,X159,X230,X235,X319,X336,X346,X613,X705
117,X54,X99,X108,X111,X148,X159,X230,X235,X319,X336,X346,X613,X705
118,X23,X54,X99,X111,X159,X203,X230,X235,X319,X336,X346,X406,X705
119,X23,X54,X99,X111,X159,X203,X230,X235,X319,X336,X346,X406,X705
120,X54,X99,X108,X111,X148,X159,X230,X235,X319,X336,X346,X613,X705
121,X54,X99,X108,X111,X148,X159,X230,X235,X319,X336,X346,X613,X705
122,X54,X99,X108,X111,X148,X159,X230,X235,X319,X336,X346,X613,X705
123,X23,X54,X99,X111,X159,X203,X230,X235,X319,X336,X346,X406,X705
124,X54,X99,X108,X111,X148,X159,X230,X235,X319,X336,X346,X613,X705
125,X23,X54,X99,X111,X159,X203,X230,X235,X319,X336,X346,X406,X705
126,X23,X54,X99,X111,X159,X203,X230,X235,X319,X336,X346,X406,X705
127,X23,X54,X99,X111,X159,X203,X230,X235,X319,X336,X346,X406,X705
128,X23,X54,X99,X111,X159,X203,X230,X235,X319,X336,X346,X406,X705
129,X54,X99,X108,X111,X148,X159,X230,X235,X319,X336,X346,X613,X705
130,X23,X54,X99,X111,X159,X203,X230,X235,X319,X336,X346,X406,X705
131,X54,X99,X108,X111,X115,X148,X159,X230,X235,X319,X336,X406,X705
132,X54,X99,X108,X111,X115,X148,X159,X230,X235,X319,X336,X406,X705
133,X54,X99,X108,X111,X115,X148,X159,X230,X235,X319,X336,X406,X705
134,X54,X99,X108,X111,X115,X148,X159,X230,X235,X319,X336,X406,X705
135,X54,X99,X108,X111,X115,X148,X159,X230,X235,X319,X336,X406,X705
136,X54,X99,X108,X111,X115,X148,X159,X230,X235,X319,X336,X406,X705
137,X54,X99,X108,X111,X115,X148,X159,X230,X235,X319,X336,X406,X705
138,X54,X99,X108,X111,X115,X148,X159,X230,X235,X319,X336,X619,X705
139,X54,X99,X108,X111,X115,X148,X159,X230,X235,X319,X336,X619,X705
140,X23,X54,X99,X111,X159,X203,X230,X235,X319,X336,X346,X406,X705
141,X23,X54,X99,X111,X159,X203,X230,X235,X319,X336,X346,X406,X705
142,X23,X54,X99,X111,X159,X203,X230,X235,X319,X336,X346,X406,X705
143,X23,X54,X99,X111,X159,X203,X230,X235,X319,X336,X346,X406,X705
144,X23,X54,X99,X111,X159,X203,X230,X235,X319,X336,X346,X406,X705
145,X23,X54,X99,X111,X159,X203,X230,X235,X319,X336,X346,X406,X705
146,X23,X54,X99,X111,X159,X203,X230,X235,X319,X336,X346,X406,X705
147,X23,X54,X99,X111,X159,X203,X230,X235,X319,X336,X346,X406,X705
148,X23,X54,X99,X111,X159,X203,X230,X235,X319,X336,X346,X406,X705
149,X23,X54,X99,X159,X203,X230,X235,X319,X336,X346,X406,X643,X705
150,X23,X54,X99,X111,X159,X203,X230,X235,X319,X336,X346,X406,X705
151,X23,X54,X99,X111,X159,X203,X230,X235,X319,X336,X346,X406,X705
152,X23,X54,X99,X111,X159,X203,X230,X235,X319,X336,X346,X406,X705
153,X23,X54,X99,X111,X159,X203,X230,X235,X319,X336,X346,X406,X705
154,X23,X54,X99,X111,X159,X203,X230,X235,X319,X336,X346,X406,X705
155,X23,X54,X99,X111,X159,X203,X230,X235,X319,X336,X346,X406,X705
156,X23,X54,X99,X111,X159,X203,X230,X235,X319,X336,X346,X406,X705
157,X79,X99,X108,X111,X159,X203,X230,X235,X319,X336,X346,X406,X705
158,X23,X54,X99,X111,X159,X203,X230,X235,X319,X336,X346,X406,X705
159,X23,X54,X99,X111,X159,X203,X230,X235,X319,X336,X346,X406,X705
160,X23,X54,X99,X111,X159,X203,X230,X235,X319,X336,X346,X406,X705
161,X23,X54,X99,X111,X159,X203,X230,X235,X319,X336,X346,X406,X705
162,X23,X54,X99,X111,X159,X203,X230,X235,X319,X336,X346,X406,X705
163,X23,X54,X99,X111,X159,X203,X230,X235,X319,X336,X346,X406,X705
164,X23,X54,X99,X111,X159,X203,X230,X235,X319,X336,X346,X406,X705
165,X23,X54,X99,X111,X159,X203,X230,X235,X319,X336,X346,X406,X705
166,X23,X54,X99,X111,X159,X203,X230,X235,X319,X336,X346,X406,X705
167,X23,X54,X99,X111,X159,X203,X230,X235,X319,X336,X346,X406,X705
168,X23,X54,X99,X111,X159,X203,X230,X235,X319,X336,X346,X406,X705
169,X23,X54,X99,X111,X159,X203,X230,X235,X319,X336,X346,X406,X705
170,X23,X54,X99,X111,X159,X203,X230,X235,X319,X336,X346,X406,X705
171,X23,X54,X99,X111,X159,X203,X230,X235,X319,X336,X346,X406,X705
172,X23,X54,X99,X111,X159,X203,X230,X235,X319,X336,X346,X406,X705
173,X23,X54,X99,X111,X159,X203,X230,X235,X319,X336,X346,X406,X705
174,X23,X54,X99,X111,X159,X203,X230,X235,X319,X336,X346,X406,X705
175,X23,X54,X99,X111,X159,X203,X230,X235,X319,X336,X346,X406,X705
176,X23,X54,X99,X111,X159,X203,X230,X235,X319,X336,X346,X406,X705
177,X23,X54,X99,X111,X159,X203,X230,X235,X319,X336,X346,X406,X705
178,X23,X54,X99,X111,X159,X203,X230,X235,X319,X336,X346,X406,X705
179,X23,X54,X99,X111,X159,X203,X230,X235,X319,X336,X346,X406,X705
180,X23,X54,X99,X111,X159,X203,X230,X235,X319,X336,X346,X406,X705
181,X23,X54,X99,X111,X159,X203,X230,X235,X319,X336,X346,X406,X705
182,X23,X54,X99,X111,X159,X203,X230,X235,X319,X336,X346,X406,X705
183,X23,X54,X99,X111,X159,X203,X230,X235,X319,X336,X346,X406,X705
184,X23,X54,X99,X111,X159,X203,X230,X235,X319,X336,X346,X406,X705
185,X23,X54,X99,X111,X159,X203,X230,X235,X319,X336,X346,X406,X705
186,X23,X54,X99,X111,X159,X203,X230,X235,X319,X336,X346,X406,X705
187,X23,X54,X99,X111,X159,X203,X230,X235,X319,X336,X346,X406,X705
188,X23,X54,X99,X111,X159,X203,X230,X235,X319,X336,X346,X406,X705
189,X23,X54,X99,X111,X159,X203,X230,X235,X319,X336,X346,X406,X705
190,X23,X54,X99,X111,X159,X203,X230,X235,X319,X336,X346,X406,X705
191,X23,X54,X99,X111,X159,X203,X230,X235,X319,X336,X346,X406,X705
192,X23,X54,X99,X111,X159,X203,X230,X235,X319,X336,X346,X406,X705
193,X23,X54,X99,X111,X159,X203,X230,X235,X319,X336,X346,X406,X705
194,X23,X54,X99,X108,X111,X148,X159,X230,X235,X319,X336,X406,X705
195,X23,X54,X99,X111,X159,X203,X230,X235,X319,X336,X346,X406,X705
196,X23,X54,X99,X108,X111,X148,X159,X230,X235,X319,X336,X406,X705
197,X23,X54,X99,X108,X203,X230,X235,X319,X336,X346,X406,X520,X705
198,X23,X54,X99,X108,X203,X230,X235,X319,X336,X346,X406,X520,X705
199,X23,X54,X99,X108,X111,X148,X159,X230,X235,X319,X336,X406,X705
200,X23,X54,X99,X111,X159,X203,X230,X235,X319,X336,X346,X406,X705
201,X23,X54,X99,X108,X111,X148,X159,X230,X235,X319,X336,X406,X705
202,X23,X54,X99,X108,X111,X148,X159,X230,X235,X319,X336,X406,X705
203,X23,X54,X99,X108,X111,X148,X159,X230,X235,X319,X336,X406,X705
204,X23,X54,X99,X111,X159,X203,X230,X235,X319,X336,X346,X406,X705
205,X23,X54,X99,X108,X111,X148,X159,X230,X235,X319,X336,X406,X705
206,X23,X54,X99,X111,X159,X203,X230,X235,X319,X336,X346,X406,X705
207,X23,X54,X99,X111,X159,X203,X230,X235,X319,X336,X346,X406,X705
208,X23,X54,X99,X108,X111,X148,X159,X230,X235,X319,X336,X406,X705
209,X23,X54,X99,X111,X159,X203,X230,X235,X319,X336,X346,X406,X705
210,X23,X54,X99,X111,X159,X203,X230,X235,X319,X336,X346,X406,X705
211,X23,X54,X99,X108,X111,X148,X159,X230,X235,X319,X336,X406,X705
212,X23,X54,X99,X108,X111,X148,X159,X230,X235,X319,X336,X406,X705
213,X23,X54,X99,X108,X111,X148,X159,X230,X235,X319,X336,X406,X705
214,X23,X54,X99,X108,X111,X148,X159,X230,X235,X319,X336,X406,X705
215,X23,X54,X99,X108,X111,X148,X159,X230,X235,X319,X336,X406,X705
216,X23,X54,X99,X108,X111,X148,X159,X230,X235,X319,X336,X406,X705
217,X23,X54,X99,X108,X111,X148,X159,X230,X235,X319,X336,X406,X705
218,X23,X54,X99,X108,X111,X148,X159,X230,X235,X319,X336,X406,X705
219,X23,X54,X99,X111,X159,X203,X230,X235,X319,X336,X346,X406,X705
220,X23,X54,X99,X108,X111,X148,X159,X230,X235,X319,X336,X406,X705
221,X23,X54,X99,X111,X159,X203,X230,X235,X319,X336,X346,X406,X705
222,X23,X54,X99,X111,X159,X203,X230,X235,X319,X336,X346,X406,X705
223,X23,X54,X99,X111,X159,X203,X230,X235,X319,X336,X346,X406,X705
224,X23,X54,X99,X108,X111,X148,X159,X230,X235,X319,X336,X406,X705
225,X23,X54,X99,X108,X111,X148,X159,X230,X235,X319,X336,X406,X705
226,X23,X54,X99,X108,X111,X148,X159,X230,X235,X319,X336,X406,X705
227,X23,X54,X99,X108,X111,X148,X159,X230,X235,X319,X336,X406,X705
228,X23,X54,X99,X108,X111,X148,X159,X230,X235,X319,X336,X406,X705
229,X23,X54,X99,X108,X111,X148,X159,X230,X235,X319,X336,X406,X705
230,X23,X54,X99,X111,X159,X203,X230,X235,X319,X336,X346,X406,X705
231,X23,X54,X99,X108,X111,X148,X159,X230,X235,X319,X336,X406,X705
232,X23,X54,X99,X108,X111,X148,X159,X230,X235,X319,X336,X406,X705
233,X23,X54,X99,X108,X111,X148,X159,X230,X235,X319,X336,X406,X705
234,X23,X54,X99,X108,X111,X148,X159,X230,X235,X319,X336,X406,X705
235,X23,X54,X99,X108,X111,X148,X159,X230,X235,X319,X336,X406,X705
236,X23,X54,X99,X108,X111,X148,X159,X230,X235,X319,X336,X406,X705
237,X99,X108,X111,X148,X159,X167,X230,X235,X319,X336,X406,X519,X705
238,X23,X54,X99,X108,X111,X148,X159,X230,X235,X319,X336,X406,X705
239,X23,X54,X99,X111,X159,X203,X230,X235,X319,X336,X346,X406,X705
240,X23,X54,X99,X108,X111,X148,X159,X230,X235,X319,X336,X406,X705
241,X23,X54,X99,X108,X111,X148,X159,X230,X235,X319,X336,X406,X705
242,X23,X54,X99,X108,X111,X148,X159,X230,X235,X319,X336,X406,X705
243,X23,X54,X99,X108,X111,X148,X159,X230,X235,X319,X336,X406,X705
244,X23,X54,X99,X108,X111,X148,X159,X230,X235,X319,X336,X406,X705
245,X23,X54,X99,X108,X111,X148,X159,X230,X235,X319,X336,X406,X705
246,X23,X54,X99,X108,X111,X148,X159,X230,X235,X319,X336,X406,X705
247,X23,X54,X99,X108,X111,X148,X159,X230,X235,X319,X336,X406,X705
248,X23,X54,X99,X108,X111,X148,X159,X230,X235,X319,X336,X406,X705
249,X23,X54,X99,X108,X111,X148,X159,X230,X235,X319,X336,X406,X705
250,X23,X54,X99,X108,X111,X148,X159,X230,X235,X319,X336,X406,X705
251,X23,X54,X99,X108,X111,X148,X159,X230,X235,X319,X336,X406,X705
252,X23,X54,X99,X108,X111,X148,X159,X230,X235,X319,X336,X406,X705
253,X23,X54,X99,X108,X111,X148,X159,X230,X235,X319,X336,X406,X705
254,X23,X54,X99,X108,X111,X148,X159,X230,X235,X319,X336,X406,X705
255,X23,X54,X99,X108,X111,X148,X159,X230,X235,X319,X336,X406,X705
256,X23,X54,X99,X111,X159,X203,X230,X235,X319,X336,X346,X406,X705
257,X23,X54,X99,X108,X111,X148,X159,X230,X235,X319,X336,X406,X705
258,X23,X54,X99,X108,X111,X148,X159,X230,X235,X319,X336,X406,X705
259,X23,X54,X99,X111,X159,X203,X230,X235,X319,X336,X346,X406,X705
260,X23,X54,X99,X108,X111,X148,X159,X230,X235,X319,X336,X406,X705
261,X23,X54,X99,X108,X111,X148,X159,X230,X235,X319,X336,X406,X705
262,X23,X54,X99,X108,X111,X148,X159,X230,X235,X319,X336,X406,X705
263,X23,X54,X99,X108,X111,X148,X159,X230,X235,X319,X336,X406,X705
264,X54,X88,X99,X108,X111,X148,X159,X230,X235,X319,X336,X406,X705
265,X23,X54,X99,X111,X159,X203,X230,X235,X319,X336,X346,X406,X705
266,X23,X54,X99,X108,X111,X148,X159,X230,X235,X319,X336,X406,X705
267,X23,X54,X99,X111,X159,X203,X230,X235,X319,X336,X346,X406,X705
268,X23,X54,X99,X111,X159,X203,X230,X235,X319,X336,X346,X406,X705
269,X23,X54,X99,X108,X111,X148,X159,X230,X235,X319,X336,X406,X705
270,X23,X54,X99,X108,X111,X148,X159,X230,X235,X319,X336,X406,X705
271,X23,X54,X99,X108,X111,X148,X159,X230,X235,X319,X336,X406,X705
272,X23,X54,X99,X108,X111,X148,X159,X230,X235,X319,X336,X406,X705
273,X23,X54,X99,X108,X111,X148,X159,X230,X235,X319,X336,X406,X705
274,X23,X54,X99,X111,X159,X203,X230,X235,X319,X336,X346,X406,X705
275,X23,X54,X99,X108,X111,X148,X159,X230,X235,X319,X336,X406,X705
276,X23,X54,X99,X108,X111,X148,X159,X230,X235,X319,X336,X406,X705
277,X23,X54,X99,X108,X111,X148,X159,X230,X235,X319,X336,X406,X705
278,X23,X54,X99,X108,X111,X148,X159,X230,X235,X319,X336,X406,X705
279,X23,X54,X99,X108,X111,X148,X159,X230,X235,X319,X336,X406,X705
280,X23,X54,X99,X108,X111,X148,X159,X230,X235,X319,X336,X406,X705
281,X23,X54,X99,X108,X111,X148,X159,X230,X235,X319,X336,X406,X705
282,X23,X54,X99,X108,X111,X148,X159,X230,X235,X319,X336,X406,X705
283,X23,X54,X99,X108,X111,X148,X159,X230,X235,X319,X336,X406,X705
284,X23,X54,X99,X111,X159,X203,X230,X235,X319,X336,X346,X406,X705
285,X23,X54,X99,X108,X111,X148,X159,X230,X235,X319,X336,X406,X705
286,X23,X54,X99,X108,X111,X148,X159,X230,X235,X319,X336,X406,X705
287,X23,X54,X99,X108,X111,X148,X159,X230,X235,X319,X336,X406,X705
288,X23,X54,X99,X108,X111,X148,X159,X230,X235,X319,X336,X406,X705
289,X23,X54,X99,X108,X111,X148,X159,X230,X235,X319,X336,X406,X705
290,X23,X54,X99,X108,X111,X148,X159,X230,X235,X319,X336,X406,X705
291,X23,X54,X99,X108,X111,X148,X159,X230,X235,X319,X336,X406,X705
292,X23,X54,X99,X108,X111,X148,X159,X230,X235,X319,X336,X406,X705
293,X23,X54,X99,X108,X111,X148,X159,X230,X235,X319,X336,X406,X705
294,X23,X54,X99,X108,X111,X148,X159,X230,X235,X319,X336,X406,X705
295,X23,X54,X99,X108,X111,X148,X159,X230,X235,X319,X336,X406,X705
296,X23,X54,X99,X108,X111,X148,X159,X230,X235,X319,X336,X406,X705
297,X23,X54,X99,X108,X111,X148,X159,X230,X235,X319,X336,X406,X705
298,X23,X54,X99,X108,X111,X148,X159,X230,X235,X319,X336,X406,X705
299,X23,X54,X99,X108,X111,X148,X159,X230,X235,X319,X336,X406,X705
300,X23,X54,X99,X108,X111,X148,X159,X230,X235,X319,X336,X406,X705
301,X23,X54,X99,X108,X111,X148,X159,X230,X235,X319,X336,X406,X705
302,X23,X54,X99,X108,X111,X148,X159,X230,X235,X319,X336,X406,X705
303,X23,X54,X99,X108,X111,X148,X159,X230,X235,X319,X336,X406,X705
304,X23,X54,X99,X108,X111,X148,X159,X230,X235,X319,X336,X406,X705
305,X23,X54,X99,X108,X111,X148,X159,X230,X235,X319,X336,X406,X705
306,X23,X54,X99,X108,X111,X148,X159,X230,X235,X319,X336,X406,X705
307,X23,X54,X99,X108,X111,X148,X159,X230,X235,X319,X336,X406,X705
308,X23,X54,X99,X108,X111,X148,X159,X230,X235,X319,X336,X406,X705
309,X23,X54,X99,X108,X111,X148,X159,X230,X235,X319,X336,X406,X705
310,X23,X54,X99,X108,X111,X148,X159,X230,X235,X319,X336,X406,X705
311,X54,X99,X108,X111,X148,X159,X230,X235,X319,X336,X406,X498,X705
312,X23,X54,X99,X108,X111,X148,X159,X230,X235,X319,X336,X406,X705
313,X23,X54,X99,X108,X111,X148,X159,X230,X235,X319,X336,X406,X705
314,X23,X54,X99,X108,X111,X148,X159,X230,X235,X319,X336,X406,X705
315,X23,X54,X99,X108,X111,X148,X159,X230,X235,X319,X336,X406,X705
316,X23,X54,X99,X108,X111,X148,X159,X230,X235,X319,X336,X406,X705
317,X23,X54,X99,X108,X111,X148,X159,X230,X235,X319,X336,X406,X705
318,X23,X54,X99,X108,X111,X148,X159,X230,X235,X319,X336,X406,X705
319,X23,X54,X99,X108,X111,X148,X159,X230,X235,X319,X336,X406,X705
320,X23,X54,X99,X108,X111,X148,X159,X230,X235,X319,X336,X406,X705
321,X23,X54,X99,X108,X111,X148,X159,X230,X235,X319,X336,X406,X705
322,X23,X54,X99,X108,X111,X148,X159,X230,X235,X319,X336,X406,X705
323,X23,X54,X99,X108,X111,X148,X159,X230,X235,X319,X336,X406,X705
324,X23,X54,X99,X108,X111,X148,X159,X230,X235,X319,X336,X406,X705
325,X23,X54,X99,X111,X159,X203,X230,X235,X319,X336,X346,X406,X705
326,X23,X54,X99,X108,X111,X148,X159,X230,X235,X319,X336,X406,X705
327,X23,X54,X99,X108,X111,X148,X159,X230,X235,X319,X336,X406,X705
328,X23,X54,X99,X108,X111,X148,X159,X230,X235,X319,X336,X406,X705
329,X23,X54,X99,X108,X111,X148,X159,X230,X235,X319,X336,X406,X705
330,X23,X54,X99,X159,X203,X230,X235,X248,X319,X336,X346,X406,X705
331,X23,X54,X99,X108,X111,X148,X159,X230,X235,X319,X336,X406,X705
332,X23,X54,X99,X159,X203,X230,X235,X248,X319,X336,X346,X406,X705
333,X23,X54,X99,X159,X203,X230,X235,X248,X319,X336,X346,X406,X705
334,X23,X54,X99,X159,X203,X230,X235,X248,X319,X336,X346,X406,X705
335,X23,X54,X99,X108,X111,X148,X159,X230,X235,X319,X336,X406,X705
336,X23,X54,X99,X108,X111,X148,X159,X230,X235,X319,X336,X406,X705
337,X23,X54,X99,X159,X203,X230,X235,X248,X319,X336,X346,X406,X705
338,X23,X54,X99,X108,X111,X148,X159,X230,X235,X319,X336,X406,X705
339,X23,X54,X99,X159,X203,X230,X235,X248,X319,X336,X346,X406,X705
340,X23,X54,X99,X108,X111,X148,X159,X230,X235,X319,X336,X406,X705
341,X23,X54,X99,X108,X111,X148,X159,X230,X235,X319,X336,X406,X705
342,X23,X54,X99,X108,X111,X148,X159,X230,X235,X319,X336,X406,X705
343,X23,X54,X99,X108,X111,X148,X159,X230,X235,X319,X336,X406,X705
344,X23,X54,X99,X108,X111,X148,X159,X230,X235,X319,X336,X406,X705
345,X54,X99,X108,X111,X148,X159,X230,X235,X319,X336,X406,X548,X705
346,X54,X99,X108,X111,X148,X159,X230,X235,X319,X336,X406,X548,X705
347,X23,X54,X99,X108,X111,X148,X159,X230,X235,X319,X336,X406,X705
348,X23,X54,X99,X108,X111,X148,X159,X230,X235,X319,X336,X406,X705
349,X23,X54,X99,X108,X111,X148,X159,X230,X235,X319,X336,X406,X705
350,X23,X54,X99,X108,X111,X148,X159,X230,X235,X319,X336,X406,X705
351,X23,X54,X99,X108,X111,X148,X159,X230,X235,X319,X336,X406,X705
352,X23,X54,X99,X108,X111,X148,X159,X230,X235,X319,X336,X406,X705
353,X23,X54,X99,X108,X111,X148,X159,X230,X235,X319,X336,X406,X705
354,X23,X54,X99,X108,X111,X148,X159,X230,X235,X319,X336,X406,X705
355,X23,X54,X99,X108,X111,X148,X159,X230,X235,X319,X336,X406,X705
356,X23,X54,X99,X108,X111,X148,X159,X230,X235,X319,X336,X406,X705
357,X23,X54,X99,X108,X111,X148,X159,X230,X235,X319,X336,X406,X705
358,X23,X54,X99,X108,X111,X148,X159,X230,X235,X319,X336,X406,X705
359,X23,X54,X99,X108,X111,X148,X159,X230,X235,X319,X336,X406,X705
360,X23,X54,X99,X108,X111,X148,X159,X230,X235,X319,X336,X406,X705
361,X23,X54,X99,X108,X111,X148,X159,X230,X235,X319,X336,X406,X705
362,X23,X54,X99,X108,X111,X148,X159,X230,X235,X319,X336,X406,X705
363,X23,X54,X99,X108,X111,X148,X159,X230,X235,X319,X336,X406,X705
364,X23,X54,X99,X108,X111,X148,X159,X230,X235,X319,X336,X406,X705
365,X23,X54,X99,X108,X111,X148,X159,X230,X235,X319,X336,X406,X705
366,X23,X54,X99,X108,X111,X148,X159,X230,X235,X319,X336,X406,X705
367,X23,X54,X99,X108,X111,X148,X159,X230,X235,X319,X336,X406,X705
368,X23,X54,X99,X108,X111,X148,X159,X230,X235,X319,X336,X406,X705
369,X23,X54,X99,X108,X111,X148,X159,X230,X235,X319,X336,X406,X705
370,X23,X54,X99,X108,X111,X148,X159,X230,X235,X319,X336,X406,X705
371,X23,X54,X99,X108,X111,X148,X159,X230,X235,X319,X336,X406,X705
372,X23,X54,X99,X108,X111,X148,X159,X230,X235,X319,X336,X406,X705
373,X23,X54,X99,X108,X111,X148,X159,X230,X235,X319,X336,X406,X705
374,X23,X54,X99,X108,X111,X148,X159,X230,X235,X319,X336,X406,X705
375,X23,X54,X99,X108,X111,X148,X159,X230,X235,X319,X336,X406,X705
376,X23,X54,X99,X108,X111,X148,X159,X230,X235,X319,X336,X406,X705
377,X23,X54,X99,X108,X111,X148,X159,X230,X235,X319,X336,X406,X705
378,X23,X54,X99,X108,X111,X148,X159,X230,X235,X319,X336,X406,X705
379,X23,X54,X99,X108,X111,X148,X159,X230,X235,X319,X336,X406,X705
380,X23,X54,X99,X108,X111,X148,X159,X230,X235,X319,X336,X406,X705
381,X23,X54,X99,X108,X111,X148,X159,X230,X235,X319,X336,X406,X705
382,X54,X99,X108,X111,X148,X159,X230,X235,X319,X336,X406,X705,X761
383,X54,X99,X108,X111,X148,X159,X230,X235,X319,X336,X406,X705,X761
384,X23,X54,X99,X108,X111,X148,X159,X230,X235,X319,X336,X406,X705
385,X23,X54,X99,X108,X111,X148,X159,X230,X235,X319,X336,X406,X705
386,X54,X99,X108,X111,X148,X159,X230,X235,X319,X336,X406,X705,X761
387,X54,X99,X108,X111,X148,X159,X230,X235,X319,X336,X406,X705,X761
388,X54,X99,X108,X111,X148,X159,X230,X235,X319,X336,X406,X705,X761
389,X54,X99,X108,X111,X148,X159,X230,X235,X319,X336,X406,X705,X761
390,X23,X54,X99,X108,X111,X159,X230,X235,X319,X336,X406,X520,X705
391,X54,X99,X108,X111,X148,X159,X230,X235,X319,X336,X406,X705,X761
392,X54,X99,X108,X111,X148,X159,X230,X235,X319,X336,X406,X705,X761
393,X54,X99,X108,X111,X148,X159,X230,X235,X319,X336,X406,X705,X761
394,X54,X99,X108,X111,X148,X159,X230,X235,X319,X336,X406,X705,X761
395,X54,X99,X108,X111,X148,X159,X230,X235,X319,X336,X406,X705,X761
396,X54,X99,X108,X111,X148,X159,X230,X235,X319,X336,X406,X705,X761
397,X23,X54,X99,X108,X111,X148,X159,X230,X235,X319,X336,X406,X705
398,X54,X99,X108,X111,X148,X159,X169,X230,X235,X319,X406,X705,X761
399,X54,X99,X108,X111,X148,X159,X169,X230,X235,X319,X406,X705,X761
400,X54,X99,X108,X111,X148,X159,X169,X230,X235,X319,X406,X705,X761
401,X54,X99,X108,X111,X148,X159,X169,X230,X235,X319,X406,X705,X761
402,X54,X99,X108,X111,X148,X159,X230,X235,X319,X336,X406,X705,X761
403,X54,X99,X108,X111,X148,X159,X230,X235,X319,X336,X406,X705,X761
404,X23,X54,X99,X108,X111,X148,X159,X230,X235,X319,X336,X406,X705
405,X23,X54,X99,X108,X111,X148,X159,X230,X235,X319,X336,X406,X705
406,X23,X54,X99,X108,X111,X148,X159,X230,X235,X319,X336,X406,X705
407,X23,X54,X99,X108,X111,X148,X159,X230,X235,X319,X336,X406,X705
408,X23,X54,X99,X108,X111,X148,X159,X230,X235,X319,X336,X406,X705
409,X23,X54,X99,X108,X111,X148,X159,X230,X235,X319,X336,X406,X705
410,X23,X54,X99,X108,X111,X148,X159,X230,X235,X319,X336,X406,X705
411,X23,X54,X99,X108,X111,X148,X159,X230,X235,X319,X336,X406,X705
412,X23,X54,X99,X108,X111,X148,X159,X230,X235,X319,X336,X406,X705
413,X23,X54,X99,X108,X111,X148,X159,X230,X235,X319,X336,X406,X705
414,X23,X54,X99,X108,X111,X148,X159,X230,X235,X319,X336,X406,X705
415,X23,X54,X99,X108,X111,X148,X159,X230,X235,X319,X336,X406,X705
416,X23,X54,X99,X108,X111,X148,X159,X230,X235,X319,X336,X406,X705
417,X23,X54,X99,X108,X111,X148,X159,X230,X235,X319,X336,X406,X705
418,X23,X54,X99,X108,X111,X148,X159,X230,X235,X319,X336,X406,X705
419,X23,X54,X99,X108,X111,X148,X159,X230,X235,X319,X336,X406,X705
420,X23,X54,X99,X108,X111,X148,X159,X230,X235,X319,X336,X406,X705
421,X23,X54,X99,X108,X111,X148,X159,X230,X235,X319,X336,X406,X705
422,X23,X54,X99,X108,X111,X148,X159,X230,X235,X319,X336,X406,X705
423,X23,X54,X99,X108,X111,X148,X159,X230,X235,X319,X336,X406,X705
424,X23,X54,X99,X108,X111,X148,X159,X230,X235,X319,X336,X406,X705
425,X23,X54,X99,X108,X111,X148,X159,X230,X235,X319,X336,X406,X705
426,X23,X54,X99,X108,X111,X148,X159,X230,X235,X319,X336,X406,X705
427,X23,X54,X99,X108,X111,X148,X159,X230,X235,X319,X336,X406,X705
428,X23,X54,X99,X108,X111,X148,X159,X230,X235,X319,X336,X406,X705
429,X23,X54,X99,X108,X111,X148,X159,X230,X235,X319,X336,X406,X705
430,X23,X54,X99,X108,X111,X148,X159,X230,X235,X319,X336,X406,X705
431,X23,X54,X99,X108,X111,X148,X159,X230,X235,X319,X336,X406,X705
432,X23,X54,X99,X108,X111,X148,X159,X230,X235,X319,X336,X406,X705
433,X23,X54,X99,X108,X111,X148,X159,X230,X235,X319,X336,X406,X705
434,X23,X54,X99,X108,X111,X148,X159,X230,X235,X319,X336,X406,X705
435,X23,X54,X99,X108,X111,X148,X159,X230,X235,X319,X336,X406,X705
436,X23,X54,X99,X108,X111,X148,X159,X230,X235,X319,X336,X406,X705
437,X54,X99,X108,X111,X148,X159,X230,X235,X319,X336,X406,X657,X705
438,X23,X54,X99,X108,X148,X159,X230,X235,X319,X336,X406,X657,X705
439,X23,X54,X99,X108,X148,X159,X230,X235,X319,X336,X406,X657,X705
440,X23,X54,X99,X108,X111,X148,X159,X230,X235,X319,X336,X406,X705
441,X23,X54,X99,X108,X111,X148,X159,X230,X235,X319,X336,X406,X705
442,X23,X54,X99,X108,X111,X148,X159,X230,X235,X319,X336,X406,X705
443,X23,X54,X99,X108,X111,X148,X159,X230,X235,X319,X336,X406,X705
444,X23,X54,X99,X108,X111,X148,X159,X230,X235,X319,X336,X406,X705
445,X23,X54,X99,X108,X111,X148,X159,X230,X235,X319,X336,X406,X705
446,X23,X54,X99,X108,X111,X148,X159,X230,X235,X319,X336,X406,X705
447,X23,X54,X99,X108,X111,X148,X159,X230,X235,X319,X336,X406,X705
448,X23,X54,X99,X108,X111,X148,X159,X230,X235,X319,X336,X406,X705
449,X23,X54,X99,X108,X111,X148,X159,X230,X235,X319,X336,X406,X705
450,X23,X54,X99,X108,X111,X148,X159,X230,X235,X319,X336,X406,X705
