0,X43,X76,X114,X116,X165,X336,X337,X371,X419,X497,X512,X540,X762
1,X15,X47,X96,X163,X270,X272,X281,X404,X408,X506,X514,X536,X757
2,X5,X29,X102,X103,X218,X271,X278,X358,X436,X461,X596,X727,X755
3,X11,X39,X96,X163,X413,X469,X497,X499,X514,X527,X667,X689,X735
4,X127,X129,X200,X206,X316,X335,X393,X497,X499,X514,X667,X689,X735
5,X5,X29,X102,X103,X221,X271,X278,X358,X436,X461,X596,X727,X755
6,X5,X29,X102,X103,X163,X270,X393,X497,X499,X514,X667,X689,X735
7,X5,X139,X162,X174,X413,X469,X497,X499,X514,X527,X667,X689,X735
8,X59,X102,X158,X270,X361,X409,X418,X497,X499,X514,X596,X727,X755
9,X5,X29,X102,X103,X413,X469,X497,X499,X514,X527,X667,X689,X735
10,X5,X29,X102,X103,X413,X469,X497,X499,X514,X527,X667,X689,X735
11,X5,X35,X102,X103,X261,X377,X481,X497,X499,X514,X681,X688,X694
12,X5,X29,X102,X103,X413,X469,X497,X499,X514,X527,X667,X689,X735
13,X5,X29,X163,X311,X413,X469,X497,X499,X514,X527,X596,X727,X755
14,X5,X139,X162,X174,X413,X497,X499,X503,X514,X527,X667,X689,X735
15,X5,X39,X102,X103,X261,X469,X497,X499,X514,X527,X667,X689,X735
16,X5,X39,X102,X103,X261,X469,X497,X499,X514,X527,X667,X689,X735
17,X5,X35,X158,X270,X413,X497,X499,X514,X567,X681,X720,X740,X759
18,X5,X35,X163,X311,X413,X469,X497,X499,X514,X527,X596,X727,X755
19,X5,X35,X163,X311,X413,X469,X497,X499,X514,X527,X667,X727,X755
20,X5,X35,X163,X311,X413,X469,X497,X499,X514,X527,X667,X727,X755
21,X5,X29,X102,X163,X413,X469,X497,X499,X514,X527,X546,X667,X727
22,X5,X35,X102,X163,X413,X469,X497,X499,X514,X527,X546,X727,X755
23,X5,X29,X163,X311,X329,X413,X469,X497,X499,X514,X527,X727,X755
24,X5,X29,X163,X311,X372,X469,X497,X499,X514,X527,X546,X727,X755
25,X5,X29,X102,X163,X329,X413,X469,X497,X499,X514,X527,X727,X755
26,X5,X29,X163,X311,X372,X469,X497,X499,X514,X527,X546,X667,X735
27,X5,X29,X77,X103,X116,X163,X221,X353,X497,X514,X667,X689,X727
28,X5,X29,X77,X103,X116,X163,X221,X353,X497,X514,X667,X689,X727
29,X5,X35,X102,X163,X261,X377,X393,X497,X499,X514,X596,X689,X735
30,X5,X29,X158,X261,X270,X393,X497,X499,X514,X527,X667,X689,X727
31,X5,X29,X158,X261,X270,X393,X497,X499,X514,X527,X667,X689,X727
32,X5,X29,X158,X261,X270,X393,X497,X499,X514,X527,X667,X689,X727
33,X5,X29,X158,X261,X270,X393,X497,X499,X514,X527,X667,X689,X727
34,X5,X39,X158,X270,X393,X497,X499,X514,X527,X591,X667,X689,X727
35,X5,X35,X158,X261,X270,X393,X497,X499,X514,X527,X667,X689,X727
36,X5,X35,X158,X261,X270,X393,X497,X499,X514,X527,X634,X689,X727
37,X5,X29,X158,X261,X270,X393,X497,X499,X514,X546,X689,X727,X761
38,X5,X35,X163,X261,X270,X311,X393,X497,X514,X527,X667,X727,X755
39,X5,X35,X163,X261,X270,X311,X393,X497,X514,X527,X667,X727,X755
40,X5,X39,X163,X261,X270,X311,X393,X497,X499,X514,X546,X591,X689
41,X5,X35,X158,X261,X270,X393,X497,X499,X514,X546,X689,X716,X727
42,X5,X39,X163,X261,X270,X311,X393,X497,X499,X514,X546,X591,X689
43,X5,X39,X163,X261,X270,X311,X393,X497,X499,X514,X546,X591,X689
44,X5,X39,X163,X261,X270,X311,X393,X497,X499,X514,X546,X591,X689
45,X5,X39,X163,X261,X270,X311,X393,X497,X499,X514,X546,X591,X689
46,X5,X39,X163,X261,X270,X311,X393,X497,X499,X514,X546,X591,X689
47,X5,X39,X163,X261,X270,X311,X393,X497,X499,X514,X546,X591,X689
48,X5,X29,X163,X261,X270,X311,X393,X497,X499,X514,X546,X591,X755
49,X5,X29,X163,X261,X270,X311,X393,X497,X499,X514,X546,X591,X755
50,X5,X29,X163,X261,X270,X311,X393,X497,X499,X514,X546,X591,X755
51,X5,X29,X163,X261,X270,X311,X393,X497,X499,X514,X546,X591,X755
52,X5,X29,X163,X199,X261,X311,X393,X497,X499,X514,X546,X591,X755
53,X5,X35,X163,X199,X261,X311,X393,X497,X499,X514,X546,X591,X755
54,X5,X35,X163,X261,X270,X300,X393,X497,X499,X514,X546,X591,X689
55,X5,X39,X163,X199,X261,X311,X393,X497,X514,X527,X546,X591,X689
56,X5,X39,X163,X199,X261,X311,X393,X497,X514,X527,X546,X591,X689
57,X5,X35,X158,X261,X270,X393,X469,X497,X499,X514,X546,X591,X689
58,X5,X35,X158,X261,X270,X393,X469,X497,X499,X514,X546,X591,X689
59,X5,X29,X35,X163,X261,X270,X445,X497,X499,X514,X546,X591,X689
60,X5,X29,X35,X163,X261,X270,X445,X497,X499,X514,X546,X591,X689
61,X5,X35,X158,X261,X270,X393,X469,X497,X499,X514,X546,X591,X689
62,X5,X39,X163,X261,X270,X393,X469,X497,X499,X514,X546,X591,X689
63,X5,X39,X163,X261,X270,X393,X469,X497,X499,X514,X546,X591,X689
64,X5,X35,X163,X261,X270,X393,X469,X497,X499,X514,X546,X591,X689
65,X5,X35,X163,X261,X270,X393,X469,X497,X499,X514,X546,X591,X689
66,X5,X35,X163,X261,X270,X393,X469,X497,X499,X514,X546,X591,X689
67,X5,X35,X163,X261,X270,X393,X469,X497,X499,X514,X546,X591,X689
68,X5,X35,X163,X261,X270,X393,X469,X497,X499,X514,X546,X591,X689
69,X5,X35,X77,X163,X261,X393,X469,X497,X499,X514,X546,X591,X689
70,X5,X35,X77,X163,X261,X393,X469,X497,X499,X514,X546,X591,X755
71,X5,X35,X77,X163,X261,X393,X469,X497,X499,X514,X546,X591,X755
72,X5,X35,X77,X163,X261,X393,X469,X497,X499,X514,X546,X591,X689
73,X5,X35,X77,X163,X261,X393,X469,X497,X499,X514,X546,X591,X689
74,X5,X35,X77,X163,X261,X393,X469,X497,X499,X514,X546,X591,X689
75,X5,X35,X77,X163,X261,X343,X393,X469,X497,X499,X514,X591,X689
76,X5,X35,X77,X163,X261,X343,X393,X469,X497,X499,X514,X591,X689
77,X5,X35,X77,X163,X261,X343,X393,X469,X497,X499,X514,X591,X689
78,X5,X35,X77,X163,X261,X343,X393,X469,X497,X499,X514,X591,X689
79,X5,X35,X77,X163,X261,X393,X469,X497,X499,X514,X546,X591,X689
80,X5,X35,X77,X163,X261,X393,X469,X497,X499,X514,X546,X591,X689
81,X5,X35,X77,X163,X261,X393,X469,X497,X499,X514,X546,X591,X689
82,X5,X35,X77,X163,X261,X393,X469,X497,X499,X514,X546,X591,X689
83,X5,X35,X77,X163,X261,X393,X469,X497,X499,X514,X546,X591,X689
84,X5,X35,X77,X163,X261,X372,X393,X469,X497,X499,X514,X546,X591
85,X5,X35,X77,X163,X261,X372,X393,X469,X497,X499,X514,X546,X591
86,X5,X20,X35,X77,X163,X261,X469,X497,X499,X514,X546,X591,X689
87,X5,X20,X35,X77,X163,X261,X469,X497,X499,X514,X546,X591,X689
88,X5,X20,X35,X77,X163,X261,X469,X497,X499,X514,X546,X591,X689
89,X5,X20,X77,X158,X163,X261,X469,X497,X499,X514,X546,X591,X689
90,X5,X20,X35,X77,X163,X261,X469,X497,X499,X514,X546,X591,X689
91,X5,X20,X35,X77,X163,X261,X469,X497,X499,X514,X546,X591,X689
92,X5,X20,X35,X77,X163,X261,X469,X497,X499,X514,X546,X591,X689
93,X5,X20,X35,X77,X163,X261,X469,X497,X499,X514,X546,X591,X689
94,X5,X20,X35,X77,X163,X261,X469,X497,X499,X514,X546,X591,X689
95,X5,X20,X35,X77,X163,X261,X469,X497,X499,X514,X546,X591,X689
96,X5,X20,X35,X77,X163,X261,X469,X497,X499,X514,X546,X591,X689
97,X5,X20,X35,X77,X163,X261,X469,X497,X499,X514,X546,X591,X689
98,X5,X20,X35,X77,X163,X261,X469,X497,X499,X514,X546,X591,X689
99,X5,X20,X35,X77,X163,X261,X469,X497,X499,X514,X546,X591,X689
100,X5,X20,X35,X77,X163,X261,X469,X497,X499,X514,X546,X591,X689
101,X5,X20,X35,X77,X163,X261,X469,X497,X499,X514,X546,X591,X689
102,X5,X20,X35,X77,X163,X261,X469,X497,X499,X514,X546,X591,X689
103,X5,X20,X35,X77,X163,X261,X469,X497,X499,X514,X546,X591,X689
104,X5,X20,X35,X77,X163,X261,X469,X497,X499,X514,X546,X591,X689
105,X5,X20,X35,X77,X163,X261,X469,X497,X499,X514,X546,X591,X689
106,X5,X20,X35,X77,X163,X261,X469,X497,X499,X514,X546,X591,X689
107,X5,X20,X35,X77,X163,X261,X469,X497,X499,X514,X546,X591,X689
108,X5,X20,X35,X77,X163,X261,X469,X497,X499,X514,X546,X591,X689
109,X5,X20,X35,X77,X163,X261,X469,X497,X499,X514,X546,X591,X689
110,X5,X20,X35,X77,X163,X261,X469,X497,X499,X514,X546,X591,X689
111,X5,X20,X35,X77,X163,X261,X469,X497,X499,X514,X546,X591,X689
112,X5,X20,X35,X77,X163,X261,X469,X497,X499,X514,X546,X591,X689
113,X5,X20,X35,X77,X163,X261,X469,X497,X499,X514,X546,X591,X689
114,X5,X20,X35,X77,X163,X261,X469,X497,X499,X514,X546,X591,X689
115,X5,X20,X35,X77,X163,X261,X469,X497,X499,X514,X546,X591,X689
116,X5,X35,X163,X209,X270,X393,X469,X497,X499,X514,X546,X591,X689
117,X5,X35,X163,X209,X270,X393,X469,X497,X499,X514,X546,X591,X689
118,X5,X35,X163,X209,X270,X393,X469,X497,X499,X514,X546,X591,X689
119,X5,X35,X163,X209,X270,X393,X469,X497,X499,X514,X546,X591,X689
120,X5,X35,X163,X209,X270,X393,X469,X497,X499,X514,X546,X591,X689
121,X5,X35,X163,X209,X270,X393,X469,X497,X499,X514,X546,X591,X689
122,X5,X35,X163,X209,X270,X393,X469,X497,X499,X514,X546,X591,X689
123,X5,X35,X163,X209,X270,X393,X469,X497,X499,X514,X546,X591,X689
124,X5,X35,X163,X209,X270,X393,X469,X497,X499,X514,X546,X591,X689
125,X5,X35,X163,X209,X270,X393,X469,X497,X499,X514,X546,X591,X689
126,X5,X35,X163,X209,X270,X393,X469,X497,X499,X514,X546,X591,X689
127,X5,X35,X163,X209,X270,X393,X469,X497,X499,X514,X546,X591,X689
128,X5,X35,X163,X209,X270,X393,X469,X497,X499,X514,X546,X591,X689
129,X5,X35,X163,X209,X270,X393,X469,X497,X499,X514,X546,X591,X689
130,X5,X35,X163,X209,X270,X393,X469,X497,X499,X514,X546,X591,X689
131,X5,X35,X163,X209,X270,X393,X469,X497,X499,X514,X546,X591,X689
132,X5,X35,X163,X209,X270,X393,X469,X497,X499,X514,X546,X591,X689
133,X5,X35,X163,X209,X270,X393,X469,X497,X499,X514,X546,X591,X689
134,X5,X35,X163,X209,X270,X393,X469,X497,X499,X514,X546,X591,X689
135,X5,X35,X163,X209,X270,X393,X469,X497,X499,X514,X546,X591,X689
136,X5,X35,X155,X163,X209,X270,X469,X497,X499,X514,X546,X591,X689
137,X5,X35,X163,X209,X270,X393,X469,X497,X499,X514,X546,X591,X689
138,X5,X35,X163,X209,X270,X393,X469,X497,X499,X514,X546,X591,X689
139,X5,X35,X163,X209,X270,X393,X469,X497,X499,X514,X546,X591,X689
140,X5,X35,X163,X209,X270,X393,X469,X497,X499,X514,X546,X591,X689
141,X5,X35,X163,X209,X224,X270,X469,X497,X499,X514,X546,X591,X689
142,X5,X35,X163,X209,X224,X270,X469,X497,X499,X514,X546,X591,X689
143,X5,X35,X163,X209,X224,X270,X469,X497,X499,X514,X546,X591,X689
144,X5,X35,X163,X209,X270,X393,X469,X497,X499,X514,X546,X591,X689
145,X5,X35,X163,X209,X270,X393,X469,X497,X499,X514,X546,X591,X689
146,X5,X35,X163,X209,X270,X393,X469,X497,X499,X514,X546,X591,X689
147,X5,X35,X163,X209,X270,X393,X469,X497,X499,X514,X546,X591,X689
148,X5,X35,X163,X209,X270,X393,X469,X497,X499,X514,X546,X591,X689
149,X5,X35,X163,X209,X270,X393,X469,X497,X499,X514,X546,X591,X689
150,X5,X35,X163,X209,X270,X393,X469,X497,X499,X514,X546,X591,X689
151,X5,X35,X163,X209,X270,X393,X469,X497,X499,X514,X546,X591,X689
152,X5,X35,X163,X209,X270,X393,X469,X497,X499,X514,X546,X591,X689
153,X5,X35,X163,X209,X270,X393,X469,X497,X499,X514,X546,X591,X689
154,X5,X35,X163,X209,X270,X393,X469,X497,X499,X514,X546,X591,X689
155,X5,X35,X163,X209,X270,X393,X469,X497,X499,X514,X546,X591,X689
156,X5,X35,X163,X209,X270,X393,X469,X497,X499,X514,X546,X591,X689
157,X5,X35,X163,X209,X270,X393,X469,X497,X499,X514,X546,X591,X689
158,X5,X35,X163,X209,X270,X393,X469,X497,X499,X514,X546,X591,X689
159,X5,X35,X163,X209,X270,X393,X469,X497,X499,X514,X546,X591,X689
160,X5,X35,X163,X209,X270,X393,X469,X497,X499,X514,X546,X591,X689
161,X5,X35,X163,X209,X270,X393,X469,X497,X499,X514,X546,X591,X689
162,X5,X35,X163,X209,X270,X393,X469,X497,X499,X514,X546,X591,X689
163,X5,X35,X163,X209,X270,X393,X469,X497,X499,X514,X546,X591,X689
164,X5,X35,X163,X209,X270,X393,X469,X497,X499,X514,X546,X591,X689
165,X5,X35,X163,X209,X270,X393,X469,X497,X499,X514,X546,X591,X689
166,X5,X35,X163,X209,X270,X393,X469,X497,X499,X514,X546,X591,X689
167,X5,X35,X163,X209,X270,X393,X469,X497,X499,X514,X546,X591,X689
168,X5,X35,X163,X209,X270,X393,X469,X497,X499,X514,X546,X591,X689
169,X5,X35,X163,X209,X270,X393,X469,X497,X499,X514,X546,X591,X689
170,X5,X35,X163,X209,X270,X393,X469,X497,X499,X514,X546,X591,X689
171,X5,X35,X163,X209,X270,X393,X469,X497,X499,X514,X546,X591,X689
172,X5,X35,X163,X209,X270,X393,X469,X497,X499,X514,X546,X591,X689
173,X5,X35,X163,X209,X270,X393,X469,X497,X499,X514,X546,X591,X689
174,X5,X35,X163,X209,X270,X393,X469,X497,X499,X514,X546,X591,X689
175,X5,X35,X163,X209,X270,X393,X469,X497,X499,X514,X546,X591,X689
176,X5,X35,X163,X209,X270,X393,X469,X497,X499,X514,X546,X591,X689
177,X5,X35,X163,X209,X270,X393,X469,X497,X499,X514,X546,X591,X689
178,X5,X35,X163,X209,X270,X393,X469,X497,X499,X514,X546,X591,X689
179,X5,X35,X163,X209,X270,X393,X469,X497,X499,X514,X546,X591,X689
180,X5,X35,X163,X209,X270,X393,X469,X497,X499,X514,X546,X591,X689
181,X5,X35,X163,X209,X270,X393,X469,X497,X499,X514,X546,X591,X689
182,X5,X35,X163,X209,X270,X393,X469,X497,X499,X514,X546,X591,X689
183,X5,X35,X163,X209,X270,X393,X469,X497,X499,X514,X546,X591,X689
184,X5,X35,X163,X209,X270,X393,X469,X497,X499,X514,X546,X591,X689
185,X5,X35,X163,X209,X270,X393,X469,X497,X499,X514,X546,X591,X689
186,X5,X35,X163,X209,X270,X393,X469,X497,X499,X514,X546,X591,X689
187,X5,X35,X163,X209,X270,X393,X469,X497,X499,X514,X546,X591,X689
188,X5,X35,X163,X209,X270,X393,X469,X497,X499,X514,X546,X591,X689
189,X5,X35,X163,X209,X270,X393,X469,X497,X499,X514,X546,X591,X689
190,X5,X35,X163,X209,X270,X393,X469,X497,X499,X514,X546,X591,X689
191,X5,X35,X163,X209,X270,X332,X469,X497,X514,X546,X591,X689,X755
192,X5,X35,X163,X209,X270,X393,X469,X497,X499,X514,X546,X591,X689
193,X5,X35,X163,X209,X270,X393,X469,X497,X499,X514,X546,X591,X689
194,X5,X35,X163,X209,X270,X393,X469,X497,X499,X514,X546,X591,X689
195,X5,X35,X163,X209,X270,X393,X469,X497,X499,X514,X546,X591,X689
196,X5,X35,X163,X209,X270,X393,X469,X497,X499,X514,X546,X591,X689
197,X5,X35,X155,X163,X209,X270,X393,X469,X497,X514,X546,X591,X689
198,X5,X35,X155,X163,X209,X270,X393,X469,X497,X514,X546,X591,X689
199,X5,X35,X155,X163,X209,X270,X393,X469,X497,X514,X546,X591,X689
200,X5,X35,X155,X163,X209,X270,X393,X469,X497,X514,X546,X591,X689
201,X5,X35,X155,X163,X209,X270,X393,X469,X497,X514,X546,X591,X689
202,X5,X35,X155,X163,X209,X270,X393,X469,X497,X514,X546,X591,X689
203,X5,X35,X155,X163,X209,X270,X393,X469,X497,X514,X546,X591,X689
204,X5,X35,X155,X163,X209,X270,X393,X469,X497,X514,X546,X591,X689
205,X5,X35,X155,X163,X209,X270,X393,X469,X497,X514,X546,X591,X689
206,X5,X35,X155,X163,X209,X270,X393,X469,X497,X499,X514,X546,X591
207,X5,X35,X155,X163,X209,X270,X393,X469,X497,X499,X514,X546,X591
208,X5,X35,X155,X163,X209,X270,X393,X469,X497,X499,X514,X546,X591
209,X5,X35,X155,X163,X209,X270,X393,X469,X497,X499,X514,X546,X591
210,X5,X35,X155,X163,X209,X270,X393,X469,X497,X514,X546,X591,X689
211,X5,X35,X155,X163,X209,X270,X393,X469,X497,X514,X546,X591,X689
212,X5,X35,X155,X163,X209,X270,X393,X469,X497,X514,X546,X591,X689
213,X5,X35,X155,X163,X209,X270,X393,X469,X497,X514,X546,X591,X689
214,X5,X35,X155,X163,X209,X270,X393,X469,X497,X514,X546,X591,X689
215,X5,X35,X155,X163,X209,X270,X393,X469,X497,X499,X514,X546,X591
216,X5,X35,X155,X163,X209,X270,X393,X469,X497,X499,X514,X546,X591
217,X5,X35,X155,X163,X209,X270,X393,X469,X497,X499,X514,X546,X591
218,X5,X35,X155,X163,X209,X270,X393,X469,X497,X499,X514,X546,X591
219,X5,X35,X155,X163,X209,X270,X393,X469,X497,X514,X546,X591,X689
220,X5,X35,X155,X163,X209,X270,X393,X469,X497,X514,X546,X591,X689
221,X5,X35,X155,X163,X209,X270,X393,X469,X497,X514,X546,X591,X689
222,X5,X35,X155,X163,X209,X270,X393,X469,X497,X499,X514,X546,X591
223,X5,X35,X155,X163,X209,X270,X393,X469,X497,X514,X546,X591,X689
224,X5,X35,X155,X163,X209,X270,X393,X469,X497,X499,X514,X546,X591
225,X5,X35,X155,X163,X209,X270,X393,X469,X497,X499,X514,X546,X591
226,X5,X35,X155,X163,X209,X270,X393,X469,X497,X499,X514,X546,X591
227,X5,X35,X155,X163,X209,X270,X393,X469,X497,X499,X514,X546,X591
228,X5,X35,X155,X163,X209,X270,X393,X469,X497,X499,X514,X546,X591
229,X5,X35,X155,X163,X209,X270,X393,X469,X497,X499,X514,X546,X591
230,X5,X35,X155,X163,X209,X270,X393,X469,X497,X499,X514,X546,X591
231,X5,X35,X155,X163,X209,X270,X393,X469,X497,X499,X514,X546,X591
232,X5,X35,X155,X163,X209,X270,X393,X469,X497,X499,X514,X546,X591
233,X5,X35,X155,X163,X209,X270,X393,X469,X497,X499,X514,X546,X591
234,X5,X35,X155,X163,X209,X270,X393,X469,X497,X499,X514,X546,X591
235,X5,X35,X155,X163,X209,X270,X393,X469,X497,X499,X514,X546,X591
236,X5,X35,X155,X163,X209,X270,X393,X469,X497,X499,X514,X546,X591
237,X5,X35,X155,X163,X209,X270,X393,X469,X497,X499,X514,X546,X591
238,X5,X35,X155,X163,X209,X270,X393,X469,X497,X499,X514,X546,X591
239,X5,X35,X155,X163,X209,X270,X393,X469,X497,X499,X514,X546,X591
240,X5,X35,X155,X163,X209,X270,X469,X497,X499,X514,X546,X550,X591
241,X5,X35,X155,X163,X209,X270,X393,X469,X497,X499,X514,X546,X591
242,X5,X35,X155,X209,X270,X307,X469,X474,X497,X514,X546,X591,X689
243,X5,X35,X155,X209,X270,X307,X469,X474,X497,X514,X546,X591,X689
244,X5,X35,X155,X209,X270,X307,X469,X474,X497,X514,X546,X591,X689
245,X5,X35,X155,X163,X209,X270,X393,X469,X497,X514,X546,X591,X689
246,X5,X35,X155,X163,X209,X270,X393,X469,X497,X514,X546,X591,X689
247,X5,X35,X155,X163,X209,X270,X469,X497,X499,X514,X546,X591,X689
248,X5,X35,X155,X163,X209,X270,X469,X497,X499,X514,X546,X591,X689
249,X5,X35,X155,X163,X209,X270,X469,X497,X499,X514,X546,X591,X689
250,X5,X35,X155,X163,X209,X270,X469,X497,X499,X514,X546,X591,X689
251,X5,X35,X155,X163,X209,X270,X469,X497,X499,X514,X546,X591,X689
252,X5,X35,X155,X163,X209,X270,X469,X497,X499,X514,X546,X591,X689
253,X5,X35,X155,X163,X209,X270,X469,X497,X499,X514,X546,X591,X689
254,X5,X35,X155,X209,X270,X307,X469,X497,X499,X514,X546,X591,X689
255,X5,X35,X155,X163,X209,X270,X469,X497,X499,X514,X546,X591,X689
256,X5,X35,X155,X163,X209,X270,X469,X497,X499,X514,X546,X591,X689
257,X5,X35,X155,X163,X209,X270,X469,X497,X499,X514,X546,X591,X689
258,X5,X35,X155,X163,X209,X270,X469,X497,X499,X514,X546,X591,X689
259,X5,X35,X155,X163,X209,X270,X469,X497,X499,X514,X546,X591,X689
260,X5,X35,X155,X163,X209,X270,X393,X469,X497,X514,X546,X591,X689
261,X5,X35,X155,X163,X209,X270,X393,X469,X497,X514,X546,X591,X689
262,X5,X35,X155,X163,X209,X270,X393,X469,X497,X514,X546,X591,X689
263,X5,X35,X155,X163,X209,X307,X469,X497,X499,X514,X546,X591,X614
264,X5,X35,X155,X163,X209,X307,X469,X497,X499,X514,X546,X591,X614
265,X5,X35,X155,X163,X209,X307,X469,X497,X499,X514,X546,X591,X614
266,X5,X35,X155,X163,X209,X307,X469,X497,X499,X514,X546,X591,X614
267,X5,X35,X155,X163,X209,X307,X469,X497,X499,X514,X546,X591,X614
268,X5,X35,X155,X163,X209,X307,X469,X497,X499,X514,X546,X591,X614
269,X5,X35,X155,X163,X209,X307,X469,X497,X499,X514,X546,X591,X614
270,X5,X35,X155,X163,X209,X307,X469,X497,X499,X514,X546,X591,X614
271,X5,X35,X155,X163,X209,X307,X469,X497,X499,X514,X546,X591,X614
272,X5,X35,X155,X163,X209,X307,X469,X497,X499,X514,X546,X591,X614
273,X5,X35,X155,X163,X209,X307,X469,X497,X499,X514,X546,X591,X614
274,X5,X35,X155,X163,X209,X307,X469,X497,X499,X514,X546,X591,X614
275,X5,X35,X155,X163,X209,X307,X469,X497,X499,X514,X546,X591,X614
276,X5,X35,X155,X163,X209,X307,X469,X497,X499,X514,X546,X591,X614
277,X5,X35,X155,X163,X209,X307,X469,X497,X499,X514,X546,X591,X614
278,X5,X35,X155,X163,X209,X307,X469,X497,X499,X514,X546,X591,X614
279,X5,X35,X155,X163,X209,X307,X469,X497,X499,X514,X546,X591,X614
280,X5,X35,X155,X163,X209,X307,X469,X497,X499,X514,X546,X591,X614
281,X5,X35,X155,X163,X209,X270,X393,X469,X497,X514,X546,X591,X689
282,X5,X35,X155,X163,X209,X307,X469,X497,X499,X514,X545,X546,X591
283,X5,X35,X155,X163,X209,X270,X311,X469,X497,X514,X546,X554,X591
284,X5,X35,X155,X163,X209,X307,X469,X497,X499,X514,X545,X546,X591
285,X5,X35,X155,X163,X209,X270,X393,X469,X497,X514,X546,X591,X689
286,X5,X35,X155,X163,X209,X270,X393,X469,X497,X514,X546,X591,X689
287,X5,X35,X155,X163,X209,X270,X393,X469,X497,X514,X546,X591,X689
288,X5,X35,X155,X163,X209,X270,X393,X469,X497,X514,X546,X591,X689
289,X5,X35,X155,X163,X209,X270,X393,X469,X497,X514,X546,X591,X689
290,X5,X35,X155,X163,X209,X270,X393,X469,X497,X514,X546,X591,X689
291,X5,X35,X155,X163,X209,X270,X393,X469,X497,X514,X546,X591,X689
292,X5,X35,X155,X163,X209,X307,X469,X497,X499,X514,X546,X591,X614
293,X5,X35,X155,X163,X209,X307,X469,X497,X499,X514,X546,X591,X614
294,X5,X35,X155,X163,X209,X270,X393,X469,X497,X514,X546,X591,X689
295,X5,X35,X155,X163,X209,X270,X393,X469,X497,X514,X546,X591,X689
296,X5,X35,X155,X163,X209,X270,X393,X469,X497,X514,X546,X591,X689
297,X5,X35,X155,X163,X209,X270,X393,X469,X497,X514,X546,X591,X689
298,X5,X35,X155,X163,X209,X270,X393,X469,X497,X514,X546,X591,X689
299,X5,X35,X155,X163,X209,X270,X393,X469,X497,X514,X546,X591,X689
300,X5,X35,X155,X163,X209,X270,X393,X469,X497,X514,X546,X591,X689
301,X5,X35,X155,X163,X209,X270,X393,X469,X497,X514,X546,X591,X689
302,X5,X35,X155,X163,X209,X270,X393,X469,X497,X514,X546,X591,X689
303,X5,X35,X155,X163,X209,X270,X393,X469,X497,X514,X546,X591,X689
304,X5,X35,X155,X163,X209,X270,X393,X469,X497,X514,X546,X591,X689
305,X5,X35,X155,X163,X209,X270,X307,X469,X497,X514,X546,X554,X591
306,X5,X35,X155,X163,X209,X270,X307,X469,X497,X514,X546,X554,X591
307,X5,X35,X155,X163,X209,X270,X307,X469,X497,X514,X546,X554,X591
308,X5,X35,X155,X163,X209,X270,X307,X469,X497,X514,X546,X554,X591
309,X5,X35,X155,X163,X209,X270,X307,X469,X497,X514,X546,X554,X591
310,X5,X35,X155,X163,X209,X270,X307,X469,X497,X514,X546,X554,X591
311,X5,X35,X155,X163,X209,X270,X307,X469,X497,X514,X546,X554,X591
312,X5,X35,X155,X163,X209,X270,X307,X469,X497,X514,X546,X554,X591
313,X5,X35,X155,X163,X209,X270,X307,X469,X497,X514,X546,X554,X591
314,X5,X35,X155,X163,X209,X270,X307,X469,X497,X514,X546,X554,X591
315,X5,X35,X155,X163,X209,X270,X307,X469,X497,X514,X546,X554,X591
316,X5,X35,X155,X163,X209,X270,X307,X469,X497,X514,X546,X554,X591
317,X5,X35,X155,X163,X209,X270,X307,X469,X497,X514,X546,X554,X591
318,X5,X35,X155,X163,X209,X270,X307,X469,X497,X514,X546,X554,X591
319,X5,X35,X155,X163,X209,X270,X307,X469,X497,X514,X546,X554,X591
320,X5,X35,X155,X163,X209,X270,X307,X469,X497,X514,X546,X554,X591
321,X5,X35,X155,X163,X209,X270,X307,X469,X497,X514,X546,X554,X591
322,X5,X35,X155,X163,X209,X270,X307,X469,X497,X514,X546,X554,X591
323,X5,X35,X155,X163,X209,X270,X307,X469,X497,X514,X546,X554,X591
324,X5,X35,X155,X163,X209,X270,X307,X469,X497,X514,X546,X554,X591
325,X5,X35,X155,X163,X209,X270,X307,X469,X497,X514,X546,X554,X591
326,X5,X35,X155,X163,X209,X270,X307,X469,X497,X514,X546,X554,X591
327,X5,X35,X155,X163,X209,X270,X307,X469,X497,X514,X546,X554,X591
328,X5,X35,X155,X163,X209,X270,X307,X469,X497,X514,X546,X554,X591
329,X5,X35,X155,X163,X209,X270,X307,X469,X497,X514,X546,X554,X591
330,X5,X35,X155,X163,X209,X270,X307,X469,X497,X514,X546,X554,X591
331,X5,X35,X155,X163,X209,X270,X307,X469,X497,X514,X546,X554,X591
332,X5,X35,X155,X163,X209,X270,X307,X469,X497,X514,X546,X554,X591
333,X5,X35,X155,X163,X209,X270,X307,X469,X497,X514,X546,X554,X591
334,X5,X35,X155,X163,X209,X270,X307,X469,X497,X514,X546,X554,X591
335,X5,X35,X155,X163,X209,X270,X307,X469,X497,X514,X546,X554,X591
336,X5,X35,X155,X163,X209,X270,X307,X469,X497,X514,X546,X554,X591
337,X5,X35,X155,X163,X209,X270,X307,X469,X497,X514,X546,X554,X591
338,X5,X35,X155,X163,X209,X270,X307,X469,X497,X514,X546,X554,X591
339,X5,X35,X155,X163,X209,X270,X307,X469,X497,X514,X546,X554,X591
340,X5,X35,X155,X163,X209,X270,X307,X469,X497,X514,X546,X554,X591
341,X5,X35,X155,X163,X209,X270,X307,X469,X497,X514,X546,X554,X591
342,X5,X35,X155,X163,X209,X270,X307,X469,X497,X514,X546,X554,X591
343,X5,X35,X155,X163,X209,X270,X307,X469,X497,X514,X546,X554,X591
344,X5,X35,X155,X163,X209,X270,X307,X469,X497,X514,X546,X554,X591
345,X5,X35,X155,X163,X209,X270,X307,X469,X497,X514,X546,X554,X591
346,X5,X35,X155,X163,X209,X270,X307,X469,X497,X514,X546,X554,X591
347,X5,X35,X155,X163,X209,X270,X307,X469,X497,X514,X546,X554,X591
348,X5,X35,X155,X163,X209,X270,X307,X469,X497,X514,X546,X554,X591
349,X5,X35,X155,X163,X209,X270,X307,X469,X497,X514,X546,X554,X591
350,X5,X35,X155,X163,X209,X270,X307,X469,X497,X514,X546,X554,X591
351,X5,X35,X155,X163,X209,X270,X307,X469,X497,X514,X546,X554,X591
352,X5,X35,X155,X163,X209,X270,X307,X469,X497,X514,X546,X554,X591
353,X5,X35,X155,X163,X209,X270,X307,X469,X497,X514,X546,X554,X591
354,X5,X35,X155,X163,X209,X270,X307,X469,X497,X514,X546,X554,X591
355,X5,X35,X155,X163,X209,X270,X307,X469,X497,X514,X546,X554,X591
356,X5,X35,X155,X163,X209,X270,X307,X469,X497,X514,X546,X554,X591
357,X5,X35,X155,X163,X209,X270,X307,X469,X497,X514,X546,X554,X591
358,X5,X35,X155,X163,X209,X270,X307,X469,X497,X514,X546,X554,X591
359,X5,X35,X155,X163,X209,X270,X307,X469,X497,X514,X546,X554,X591
360,X5,X35,X155,X163,X209,X270,X307,X469,X497,X514,X546,X554,X591
361,X5,X35,X155,X163,X209,X270,X307,X469,X497,X514,X546,X554,X591
362,X5,X35,X155,X163,X209,X270,X307,X469,X497,X514,X546,X554,X591
363,X5,X35,X155,X163,X209,X270,X307,X469,X497,X514,X546,X554,X591
364,X5,X35,X155,X163,X209,X270,X307,X469,X497,X514,X546,X554,X591
365,X5,X35,X155,X163,X209,X270,X307,X469,X497,X514,X546,X554,X591
366,X5,X35,X155,X163,X209,X270,X307,X469,X497,X514,X546,X554,X591
367,X5,X35,X155,X163,X209,X270,X307,X469,X497,X514,X546,X554,X591
368,X5,X35,X155,X163,X209,X270,X307,X469,X497,X514,X546,X554,X591
369,X5,X35,X155,X163,X209,X270,X307,X469,X497,X514,X546,X554,X591
370,X5,X35,X155,X163,X209,X270,X307,X469,X497,X514,X546,X554,X591
371,X5,X35,X155,X163,X209,X270,X307,X469,X497,X514,X546,X554,X591
372,X5,X35,X155,X163,X209,X270,X307,X469,X497,X514,X546,X554,X591
373,X5,X35,X155,X163,X209,X270,X307,X469,X497,X514,X546,X554,X591
374,X5,X35,X155,X163,X209,X270,X307,X469,X497,X514,X546,X554,X591
375,X5,X35,X155,X163,X209,X270,X307,X469,X497,X514,X546,X554,X591
376,X5,X35,X155,X163,X209,X270,X307,X469,X497,X514,X546,X554,X591
377,X5,X35,X155,X163,X209,X270,X307,X469,X497,X514,X546,X554,X591
378,X5,X35,X155,X163,X209,X270,X307,X469,X497,X514,X546,X554,X591
379,X5,X35,X155,X163,X209,X270,X307,X469,X497,X514,X546,X554,X591
380,X5,X35,X155,X163,X209,X270,X307,X469,X497,X514,X546,X554,X591
381,X5,X35,X155,X163,X209,X270,X307,X469,X497,X514,X546,X554,X591
382,X5,X35,X155,X163,X209,X270,X307,X469,X497,X514,X546,X554,X591
383,X5,X35,X155,X163,X209,X270,X307,X469,X497,X514,X546,X554,X591
384,X5,X35,X155,X163,X209,X270,X307,X469,X497,X514,X546,X554,X591
385,X5,X35,X155,X163,X209,X270,X307,X469,X497,X514,X546,X554,X591
386,X5,X35,X155,X163,X209,X270,X307,X469,X497,X514,X546,X554,X591
387,X5,X35,X155,X163,X209,X270,X307,X469,X497,X514,X546,X554,X591
388,X5,X35,X155,X163,X209,X270,X307,X469,X497,X514,X546,X554,X591
389,X5,X35,X155,X163,X209,X270,X307,X469,X497,X514,X546,X554,X591
390,X5,X35,X155,X163,X209,X270,X307,X469,X497,X514,X546,X554,X591
391,X5,X35,X155,X163,X209,X270,X307,X469,X497,X514,X546,X554,X591
392,X5,X35,X155,X163,X209,X270,X307,X469,X497,X514,X546,X554,X591
393,X5,X35,X155,X163,X209,X270,X307,X469,X497,X514,X546,X554,X591
394,X5,X35,X155,X163,X209,X270,X307,X469,X497,X514,X546,X554,X591
395,X5,X35,X155,X163,X209,X270,X307,X469,X497,X514,X546,X554,X591
396,X5,X35,X155,X163,X209,X270,X307,X469,X497,X514,X546,X554,X591
397,X5,X35,X155,X163,X209,X270,X307,X469,X497,X514,X546,X554,X591
398,X5,X35,X155,X163,X209,X270,X307,X469,X497,X514,X546,X554,X591
399,X5,X35,X155,X163,X209,X270,X307,X469,X497,X514,X546,X554,X591
400,X5,X35,X155,X163,X209,X270,X307,X469,X497,X514,X546,X554,X591
401,X5,X35,X155,X163,X209,X270,X307,X469,X497,X514,X546,X554,X591
402,X5,X35,X155,X163,X209,X270,X307,X469,X497,X514,X546,X554,X591
403,X5,X35,X155,X163,X209,X270,X307,X469,X497,X514,X546,X554,X591
404,X5,X35,X155,X163,X209,X270,X307,X469,X497,X514,X546,X554,X591
405,X5,X35,X155,X163,X209,X270,X307,X469,X497,X514,X546,X554,X591
406,X5,X35,X155,X163,X209,X270,X307,X469,X497,X514,X546,X554,X591
407,X5,X35,X155,X163,X209,X270,X307,X469,X497,X514,X546,X554,X591
408,X5,X35,X155,X163,X209,X270,X307,X469,X497,X514,X546,X554,X591
409,X5,X35,X155,X163,X209,X270,X307,X469,X497,X514,X546,X554,X591
410,X5,X35,X155,X163,X209,X270,X307,X469,X497,X514,X546,X554,X591
411,X5,X35,X155,X163,X209,X270,X307,X469,X497,X514,X546,X554,X591
412,X5,X35,X155,X163,X209,X270,X307,X469,X497,X514,X546,X554,X591
413,X5,X35,X155,X163,X209,X270,X307,X469,X497,X514,X546,X554,X591
414,X5,X35,X155,X163,X209,X270,X307,X469,X497,X514,X546,X554,X591
415,X5,X35,X155,X163,X209,X270,X307,X469,X497,X514,X546,X554,X591
416,X5,X35,X155,X163,X209,X270,X307,X469,X497,X514,X546,X554,X591
417,X5,X35,X155,X163,X209,X270,X307,X469,X497,X514,X546,X554,X591
418,X5,X35,X155,X163,X209,X270,X307,X469,X497,X514,X546,X554,X591
419,X5,X35,X155,X163,X209,X270,X307,X469,X497,X514,X546,X554,X591
420,X5,X35,X155,X163,X209,X270,X307,X469,X497,X514,X546,X554,X591
421,X5,X35,X155,X163,X209,X270,X307,X469,X497,X514,X546,X554,X591
422,X5,X35,X155,X163,X209,X270,X307,X469,X497,X514,X546,X554,X591
423,X5,X35,X155,X163,X209,X270,X307,X469,X497,X514,X546,X554,X591
424,X5,X35,X155,X163,X209,X270,X307,X469,X497,X514,X546,X554,X591
425,X5,X35,X155,X163,X209,X270,X307,X469,X497,X514,X546,X554,X591
426,X5,X35,X155,X163,X209,X270,X307,X469,X497,X514,X546,X554,X591
427,X5,X35,X155,X163,X209,X270,X307,X469,X497,X514,X546,X554,X591
428,X5,X35,X155,X163,X209,X270,X307,X469,X497,X514,X546,X554,X591
429,X5,X35,X155,X163,X209,X270,X307,X469,X497,X514,X546,X554,X591
430,X5,X35,X155,X163,X209,X270,X307,X469,X497,X514,X546,X554,X591
431,X5,X35,X155,X163,X209,X270,X307,X469,X497,X514,X546,X554,X591
432,X5,X35,X155,X163,X209,X270,X307,X469,X497,X514,X546,X554,X591
433,X5,X35,X155,X163,X209,X270,X307,X469,X497,X514,X546,X554,X591
434,X5,X35,X155,X163,X209,X270,X307,X469,X497,X514,X546,X554,X591
435,X5,X35,X155,X163,X209,X270,X307,X469,X497,X514,X546,X554,X591
436,X5,X35,X155,X163,X209,X270,X307,X469,X497,X514,X546,X554,X591
437,X5,X35,X155,X163,X209,X270,X307,X469,X497,X514,X546,X554,X591
438,X5,X35,X155,X163,X209,X270,X307,X469,X497,X514,X546,X554,X591
439,X5,X35,X155,X163,X209,X270,X307,X469,X497,X514,X546,X554,X591
440,X5,X35,X155,X163,X209,X270,X307,X469,X497,X514,X546,X554,X591
441,X5,X35,X155,X163,X209,X270,X307,X469,X497,X514,X546,X554,X591
442,X5,X35,X155,X163,X209,X270,X307,X469,X497,X514,X546,X554,X591
443,X5,X35,X155,X163,X209,X270,X307,X469,X497,X514,X546,X554,X591
444,X5,X35,X155,X163,X209,X270,X307,X469,X497,X514,X546,X554,X591
445,X5,X35,X155,X163,X209,X270,X307,X469,X497,X514,X546,X554,X591
446,X5,X35,X155,X163,X209,X270,X307,X469,X497,X514,X546,X554,X591
447,X5,X35,X155,X163,X209,X270,X307,X469,X497,X514,X546,X554,X591
448,X5,X35,X155,X163,X209,X270,X307,X469,X497,X514,X546,X554,X591
449,X5,X35,X155,X163,X209,X270,X307,X469,X497,X514,X546,X554,X591
450,X5,X35,X155,X163,X209,X270,X307,X469,X497,X514,X546,X554,X591
