0,X13,X111,X191,X415,X454,X457,X499,X545,X552,X556,X564,X694,X723
1,X15,X53,X195,X223,X335,X376,X410,X429,X499,X551,X637,X642,X699
2,X35,X119,X213,X251,X264,X277,X288,X321,X599,X636,X645,X675,X715
3,X35,X119,X213,X251,X264,X288,X321,X410,X599,X636,X645,X675,X715
4,X22,X81,X107,X113,X168,X229,X288,X310,X417,X437,X490,X711,X723
5,X113,X157,X176,X225,X294,X310,X367,X410,X599,X636,X645,X675,X715
6,X35,X119,X213,X251,X264,X288,X321,X369,X417,X437,X490,X711,X723
7,X113,X157,X176,X225,X294,X310,X367,X410,X599,X636,X645,X675,X735
8,X37,X128,X248,X319,X328,X363,X418,X517,X646,X740,X746,X747,X762
9,X119,X157,X176,X225,X294,X310,X367,X410,X599,X636,X645,X675,X715
10,X35,X176,X225,X336,X458,X471,X510,X528,X549,X696,X717,X721,X728
11,X113,X157,X176,X225,X294,X310,X367,X410,X599,X636,X645,X675,X715
12,X49,X218,X236,X263,X307,X434,X477,X478,X498,X696,X717,X721,X728
13,X26,X176,X222,X244,X248,X263,X307,X405,X498,X696,X717,X721,X728
14,X11,X110,X132,X173,X220,X233,X288,X310,X599,X696,X717,X721,X726
15,X49,X218,X236,X263,X307,X434,X477,X478,X498,X696,X717,X721,X728
16,X113,X128,X248,X319,X401,X478,X480,X517,X646,X696,X717,X721,X766
17,X113,X128,X248,X319,X401,X478,X480,X517,X646,X696,X717,X721,X766
18,X26,X218,X236,X263,X307,X434,X477,X478,X498,X696,X717,X721,X766
19,X26,X218,X236,X263,X307,X434,X477,X478,X498,X696,X717,X721,X766
20,X49,X218,X236,X263,X307,X434,X477,X478,X498,X696,X717,X721,X766
21,X49,X218,X236,X263,X307,X434,X477,X478,X498,X696,X717,X721,X766
22,X49,X218,X236,X263,X307,X434,X477,X478,X498,X696,X717,X721,X766
23,X113,X213,X219,X256,X263,X307,X434,X478,X498,X653,X696,X698,X717
24,X113,X218,X236,X263,X307,X434,X478,X498,X646,X696,X717,X721,X766
25,X113,X218,X236,X263,X307,X434,X478,X498,X646,X696,X717,X721,X766
26,X113,X213,X232,X263,X307,X434,X478,X498,X653,X696,X717,X721,X766
27,X113,X213,X232,X263,X307,X434,X478,X498,X653,X696,X717,X721,X766
28,X113,X213,X232,X263,X307,X434,X478,X498,X653,X696,X717,X721,X766
29,X17,X113,X244,X248,X263,X308,X336,X362,X369,X494,X696,X717,X721
30,X113,X213,X219,X263,X274,X401,X418,X478,X480,X549,X696,X721,X728
31,X11,X205,X213,X219,X263,X401,X418,X478,X480,X549,X696,X721,X728
32,X11,X205,X213,X219,X263,X401,X418,X478,X480,X549,X696,X721,X728
33,X11,X205,X213,X219,X263,X401,X418,X478,X480,X549,X696,X721,X728
34,X11,X205,X213,X219,X263,X401,X418,X478,X480,X549,X696,X721,X728
35,X113,X164,X213,X232,X263,X401,X418,X478,X480,X549,X696,X721,X728
36,X113,X213,X232,X263,X307,X401,X418,X478,X480,X549,X696,X721,X728
37,X113,X213,X232,X263,X307,X401,X418,X478,X480,X549,X696,X721,X728
38,X113,X213,X232,X263,X307,X401,X418,X478,X480,X549,X696,X721,X728
39,X113,X213,X232,X263,X307,X401,X418,X478,X480,X549,X696,X717,X728
40,X113,X213,X232,X263,X307,X401,X418,X478,X480,X549,X696,X717,X728
41,X113,X213,X232,X263,X307,X401,X418,X478,X480,X549,X696,X717,X728
42,X113,X213,X232,X263,X344,X401,X418,X478,X480,X549,X696,X721,X728
43,X113,X213,X232,X263,X344,X401,X418,X478,X480,X549,X696,X721,X728
44,X113,X213,X232,X263,X344,X401,X418,X478,X480,X549,X696,X721,X728
45,X113,X213,X232,X263,X344,X401,X418,X478,X480,X549,X696,X721,X728
46,X113,X213,X232,X263,X344,X401,X418,X478,X480,X549,X696,X717,X728
47,X11,X166,X232,X294,X310,X401,X418,X478,X480,X549,X696,X721,X728
48,X113,X213,X232,X294,X310,X401,X418,X478,X480,X549,X696,X721,X728
49,X113,X213,X232,X294,X310,X401,X418,X478,X480,X549,X696,X721,X728
50,X113,X213,X232,X263,X289,X401,X418,X478,X532,X549,X696,X717,X728
51,X113,X213,X232,X263,X289,X401,X418,X478,X532,X549,X696,X717,X728
52,X113,X213,X232,X263,X289,X401,X418,X478,X532,X549,X696,X717,X728
53,X113,X213,X232,X263,X289,X401,X418,X478,X532,X549,X696,X717,X728
54,X11,X219,X263,X289,X401,X418,X478,X480,X549,X580,X696,X721,X728
55,X113,X213,X232,X263,X289,X401,X418,X478,X532,X549,X696,X717,X728
56,X59,X113,X128,X244,X401,X418,X478,X480,X549,X580,X696,X721,X728
57,X11,X166,X219,X263,X401,X418,X478,X480,X549,X580,X696,X721,X728
58,X11,X166,X219,X310,X401,X418,X449,X478,X532,X549,X696,X717,X728
59,X113,X166,X219,X294,X310,X418,X478,X480,X549,X580,X696,X721,X728
60,X113,X166,X219,X294,X310,X418,X478,X480,X549,X580,X696,X721,X728
61,X113,X213,X232,X263,X289,X401,X418,X478,X549,X639,X696,X717,X728
62,X113,X219,X263,X294,X310,X337,X401,X418,X478,X480,X549,X696,X728
63,X113,X213,X232,X294,X310,X401,X418,X478,X480,X549,X696,X721,X728
64,X11,X248,X292,X310,X396,X401,X418,X478,X480,X549,X696,X721,X768
65,X11,X213,X232,X294,X310,X401,X418,X478,X480,X549,X696,X721,X728
66,X11,X166,X219,X310,X401,X418,X447,X478,X532,X549,X696,X717,X728
67,X11,X248,X292,X310,X396,X401,X418,X478,X480,X549,X696,X721,X728
68,X11,X166,X219,X310,X401,X418,X447,X478,X532,X549,X696,X717,X728
69,X11,X166,X219,X310,X401,X418,X447,X478,X532,X549,X696,X717,X728
70,X11,X166,X219,X310,X401,X418,X447,X478,X532,X549,X696,X717,X728
71,X11,X166,X219,X310,X401,X418,X447,X478,X532,X549,X696,X721,X728
72,X11,X151,X166,X219,X310,X401,X418,X447,X478,X532,X549,X696,X728
73,X11,X166,X219,X263,X310,X401,X418,X447,X478,X532,X549,X696,X728
74,X11,X166,X219,X310,X401,X418,X447,X478,X532,X549,X696,X721,X768
75,X11,X166,X219,X310,X401,X418,X447,X478,X532,X549,X696,X721,X768
76,X11,X166,X219,X310,X401,X418,X447,X478,X532,X549,X696,X721,X768
77,X11,X166,X219,X310,X401,X418,X447,X478,X532,X549,X696,X721,X768
78,X11,X166,X219,X310,X401,X418,X447,X478,X532,X549,X696,X721,X768
79,X11,X166,X219,X310,X401,X418,X447,X478,X532,X549,X696,X721,X768
80,X11,X166,X219,X310,X401,X418,X447,X478,X532,X549,X696,X717,X728
81,X11,X166,X213,X217,X289,X418,X478,X491,X549,X696,X717,X721,X768
82,X11,X166,X219,X294,X310,X418,X447,X478,X532,X549,X696,X721,X728
83,X11,X166,X171,X232,X294,X310,X401,X418,X478,X549,X696,X721,X728
84,X11,X166,X171,X232,X294,X310,X401,X418,X478,X549,X696,X717,X728
85,X219,X294,X310,X418,X478,X491,X549,X623,X654,X696,X717,X721,X728
86,X11,X219,X310,X401,X418,X447,X478,X528,X532,X549,X551,X696,X721
87,X219,X294,X310,X418,X478,X491,X549,X623,X654,X696,X717,X721,X768
88,X11,X108,X166,X255,X263,X310,X411,X418,X478,X504,X696,X721,X728
89,X11,X166,X219,X232,X294,X310,X401,X418,X478,X549,X589,X696,X728
90,X11,X166,X232,X294,X310,X401,X418,X447,X478,X549,X643,X696,X728
91,X11,X166,X232,X294,X310,X401,X418,X447,X478,X549,X643,X696,X728
92,X11,X166,X232,X294,X310,X401,X418,X447,X478,X549,X643,X696,X728
93,X11,X166,X219,X310,X401,X418,X447,X478,X532,X549,X696,X721,X728
94,X11,X166,X219,X310,X401,X418,X447,X478,X532,X549,X696,X721,X728
95,X11,X108,X166,X255,X263,X310,X411,X418,X478,X549,X696,X721,X728
96,X11,X108,X166,X255,X263,X310,X411,X418,X478,X549,X696,X721,X728
97,X11,X108,X213,X255,X263,X310,X411,X418,X478,X549,X696,X721,X728
98,X11,X166,X219,X310,X401,X418,X447,X478,X532,X549,X696,X721,X728
99,X11,X166,X219,X310,X401,X418,X447,X478,X532,X549,X696,X721,X728
100,X11,X166,X219,X310,X401,X418,X447,X478,X532,X549,X696,X721,X728
101,X11,X24,X76,X263,X289,X401,X418,X439,X478,X504,X549,X696,X721
102,X11,X24,X76,X263,X289,X401,X418,X439,X478,X504,X549,X696,X721
103,X11,X108,X213,X263,X289,X401,X418,X439,X478,X549,X696,X721,X728
104,X11,X166,X219,X232,X294,X310,X335,X418,X478,X549,X696,X721,X728
105,X11,X166,X219,X228,X232,X294,X310,X401,X440,X478,X549,X696,X728
106,X11,X166,X219,X228,X232,X294,X310,X401,X440,X478,X549,X696,X728
107,X11,X166,X219,X228,X232,X294,X310,X401,X440,X478,X549,X696,X728
108,X11,X166,X219,X228,X232,X294,X310,X401,X440,X478,X549,X696,X728
109,X11,X166,X219,X228,X232,X294,X310,X401,X440,X478,X549,X696,X728
110,X11,X166,X219,X228,X232,X294,X310,X401,X440,X478,X549,X696,X728
111,X11,X24,X76,X207,X289,X401,X418,X478,X540,X549,X696,X721,X728
112,X11,X24,X76,X207,X289,X401,X418,X478,X540,X549,X696,X721,X728
113,X11,X24,X76,X207,X289,X401,X418,X478,X540,X549,X696,X721,X728
114,X11,X166,X219,X228,X232,X294,X310,X401,X440,X478,X549,X696,X728
115,X2,X11,X219,X310,X415,X418,X478,X491,X532,X549,X595,X696,X728
116,X2,X11,X219,X310,X415,X418,X478,X491,X532,X549,X595,X696,X728
117,X11,X166,X219,X228,X232,X294,X310,X401,X440,X478,X549,X696,X728
118,X11,X24,X76,X207,X418,X478,X491,X549,X603,X696,X697,X717,X728
119,X11,X219,X310,X415,X418,X478,X491,X532,X549,X595,X696,X717,X728
120,X11,X219,X310,X415,X418,X478,X491,X532,X549,X595,X696,X717,X728
121,X11,X68,X76,X263,X285,X289,X401,X418,X440,X478,X549,X696,X728
122,X11,X68,X76,X263,X285,X289,X401,X418,X440,X478,X549,X696,X728
123,X11,X68,X76,X263,X285,X289,X401,X418,X440,X478,X549,X696,X728
124,X11,X68,X76,X263,X285,X289,X401,X418,X440,X478,X549,X696,X728
125,X11,X68,X76,X263,X285,X289,X401,X418,X440,X478,X549,X696,X728
126,X11,X68,X76,X263,X285,X289,X401,X418,X440,X478,X549,X696,X728
127,X11,X76,X213,X263,X289,X401,X418,X440,X478,X549,X696,X728,X761
128,X11,X68,X76,X263,X285,X289,X401,X418,X440,X478,X549,X696,X728
129,X11,X68,X76,X263,X285,X289,X401,X418,X440,X478,X549,X696,X728
130,X11,X68,X76,X263,X285,X289,X401,X418,X440,X478,X549,X696,X728
131,X11,X24,X207,X263,X289,X411,X418,X478,X532,X549,X696,X721,X728
132,X11,X24,X207,X263,X289,X411,X418,X478,X532,X549,X696,X721,X728
133,X11,X76,X213,X263,X285,X289,X401,X418,X440,X478,X549,X696,X728
134,X11,X76,X213,X263,X285,X289,X401,X418,X440,X478,X549,X696,X728
135,X11,X76,X213,X263,X285,X289,X401,X418,X440,X478,X549,X696,X728
136,X11,X24,X76,X263,X289,X411,X418,X478,X532,X549,X696,X721,X728
137,X11,X106,X213,X263,X310,X367,X401,X411,X418,X440,X478,X549,X696
138,X11,X24,X207,X263,X310,X367,X401,X418,X478,X549,X696,X728,X752
139,X11,X24,X76,X263,X310,X367,X401,X418,X478,X532,X549,X696,X728
140,X11,X24,X76,X263,X289,X411,X418,X478,X532,X549,X696,X721,X728
141,X11,X232,X263,X286,X310,X367,X401,X418,X478,X532,X549,X696,X728
142,X11,X232,X263,X286,X310,X367,X401,X418,X478,X532,X549,X696,X728
143,X11,X24,X207,X263,X310,X367,X401,X418,X478,X532,X549,X696,X728
144,X11,X76,X207,X263,X310,X411,X418,X478,X532,X549,X696,X721,X728
145,X11,X76,X207,X263,X310,X411,X418,X478,X532,X549,X696,X728,X752
146,X11,X24,X81,X263,X310,X411,X418,X478,X532,X549,X696,X728,X752
147,X11,X76,X207,X263,X310,X367,X401,X411,X418,X440,X478,X549,X696
148,X11,X76,X207,X263,X310,X367,X401,X411,X418,X440,X478,X549,X696
149,X11,X76,X207,X263,X310,X367,X401,X411,X418,X478,X532,X696,X728
150,X11,X106,X207,X263,X310,X367,X396,X411,X418,X478,X532,X696,X728
151,X11,X106,X162,X190,X263,X310,X401,X411,X418,X478,X532,X696,X728
152,X11,X106,X190,X263,X310,X367,X401,X411,X418,X478,X532,X696,X728
153,X11,X106,X190,X263,X310,X367,X396,X411,X418,X478,X532,X696,X728
154,X11,X106,X162,X190,X263,X310,X411,X418,X478,X532,X549,X696,X728
155,X11,X106,X162,X190,X263,X310,X411,X418,X478,X532,X549,X696,X728
156,X11,X106,X219,X263,X310,X367,X396,X401,X411,X418,X478,X696,X728
157,X11,X106,X162,X190,X263,X310,X411,X418,X478,X532,X549,X696,X728
158,X11,X76,X213,X263,X310,X367,X396,X411,X418,X478,X532,X549,X696
159,X11,X106,X207,X263,X310,X367,X396,X411,X418,X478,X549,X696,X728
160,X11,X106,X139,X190,X263,X310,X411,X418,X478,X532,X540,X696,X728
161,X11,X106,X139,X190,X263,X310,X411,X418,X478,X549,X696,X728,X760
162,X11,X106,X162,X190,X263,X310,X411,X418,X478,X549,X696,X728,X760
163,X11,X106,X162,X190,X263,X310,X411,X418,X478,X549,X696,X728,X760
164,X11,X106,X162,X190,X263,X310,X411,X418,X478,X549,X696,X728,X760
165,X11,X106,X139,X190,X263,X310,X411,X418,X478,X549,X696,X728,X760
166,X11,X106,X139,X190,X263,X310,X411,X418,X478,X549,X696,X728,X760
167,X11,X106,X162,X190,X263,X310,X411,X418,X478,X549,X696,X728,X760
168,X11,X76,X95,X106,X190,X263,X310,X411,X418,X478,X549,X696,X728
169,X11,X76,X187,X190,X263,X310,X396,X411,X418,X478,X549,X696,X728
170,X11,X106,X263,X310,X367,X369,X411,X418,X478,X549,X696,X728,X760
171,X11,X106,X263,X310,X367,X369,X411,X418,X478,X549,X696,X728,X760
172,X11,X106,X162,X190,X263,X310,X411,X418,X478,X549,X696,X728,X760
173,X11,X106,X263,X310,X367,X369,X411,X418,X478,X549,X696,X728,X760
174,X11,X106,X263,X310,X367,X369,X411,X418,X478,X549,X696,X728,X760
175,X11,X106,X219,X263,X310,X367,X411,X418,X478,X549,X696,X728,X760
176,X11,X106,X139,X263,X310,X367,X411,X418,X478,X549,X696,X728,X760
177,X11,X106,X219,X263,X310,X367,X411,X418,X478,X549,X696,X728,X760
178,X11,X106,X219,X263,X310,X367,X411,X418,X478,X549,X696,X728,X760
179,X11,X106,X219,X263,X310,X367,X411,X418,X478,X549,X696,X728,X760
180,X11,X106,X219,X263,X310,X367,X411,X418,X478,X549,X696,X728,X760
181,X11,X106,X219,X263,X310,X367,X411,X418,X478,X549,X696,X728,X760
182,X11,X106,X219,X263,X310,X367,X411,X418,X478,X549,X696,X728,X760
183,X11,X106,X219,X263,X310,X367,X411,X418,X478,X549,X696,X728,X760
184,X11,X106,X219,X263,X310,X367,X411,X418,X478,X549,X696,X728,X760
185,X11,X106,X219,X263,X310,X367,X411,X418,X478,X549,X696,X728,X760
186,X11,X106,X219,X263,X310,X367,X411,X418,X478,X549,X696,X728,X760
187,X11,X106,X219,X263,X310,X367,X411,X418,X478,X549,X696,X728,X760
188,X11,X106,X219,X263,X310,X367,X411,X418,X478,X549,X696,X728,X760
189,X11,X106,X219,X263,X310,X367,X411,X418,X478,X549,X696,X728,X760
190,X11,X106,X219,X263,X310,X367,X411,X418,X478,X549,X696,X728,X760
191,X11,X106,X219,X263,X310,X367,X411,X418,X478,X549,X696,X728,X760
192,X11,X106,X219,X263,X310,X367,X411,X418,X478,X549,X696,X728,X760
193,X11,X106,X219,X263,X310,X367,X411,X418,X478,X549,X696,X728,X760
194,X11,X106,X219,X263,X310,X367,X411,X418,X478,X549,X696,X728,X760
195,X11,X106,X219,X263,X310,X367,X411,X418,X478,X549,X696,X728,X760
196,X11,X106,X219,X263,X310,X367,X411,X418,X478,X549,X696,X728,X760
197,X11,X106,X219,X263,X310,X367,X411,X418,X478,X549,X696,X728,X760
198,X11,X106,X190,X263,X310,X367,X411,X418,X478,X549,X696,X728,X760
199,X11,X106,X190,X263,X310,X367,X411,X418,X478,X549,X696,X728,X760
200,X11,X106,X190,X263,X310,X367,X411,X418,X478,X549,X696,X728,X760
201,X11,X106,X190,X263,X310,X367,X411,X418,X478,X549,X696,X728,X760
202,X11,X106,X190,X263,X310,X367,X411,X418,X478,X549,X696,X728,X760
203,X11,X106,X190,X263,X310,X367,X411,X418,X478,X549,X696,X728,X760
204,X11,X106,X190,X263,X310,X367,X411,X418,X478,X549,X696,X728,X760
205,X11,X106,X219,X263,X310,X367,X411,X418,X478,X549,X696,X728,X760
206,X11,X106,X219,X263,X310,X367,X411,X418,X478,X549,X696,X728,X760
207,X11,X106,X219,X263,X310,X367,X411,X418,X478,X549,X696,X728,X760
208,X11,X106,X219,X263,X310,X367,X411,X418,X478,X549,X696,X728,X760
209,X11,X106,X219,X263,X310,X367,X411,X418,X478,X549,X696,X728,X760
210,X11,X106,X115,X219,X263,X310,X367,X411,X418,X478,X549,X696,X760
211,X11,X106,X115,X219,X263,X310,X367,X411,X418,X478,X549,X696,X760
212,X11,X106,X219,X263,X310,X367,X411,X418,X478,X549,X696,X728,X760
213,X11,X106,X219,X263,X310,X367,X411,X418,X478,X549,X696,X728,X760
214,X11,X106,X219,X263,X310,X367,X411,X418,X478,X549,X696,X728,X760
215,X11,X106,X219,X263,X310,X367,X411,X418,X478,X549,X696,X728,X760
216,X11,X106,X263,X310,X367,X369,X411,X418,X431,X478,X613,X696,X760
217,X11,X106,X219,X263,X310,X367,X411,X418,X478,X549,X696,X728,X760
218,X11,X56,X106,X263,X310,X367,X411,X418,X478,X549,X696,X728,X760
219,X11,X106,X219,X263,X310,X367,X411,X418,X478,X549,X696,X728,X760
220,X11,X106,X219,X263,X310,X367,X411,X418,X478,X549,X696,X728,X760
221,X11,X106,X263,X310,X367,X369,X418,X478,X510,X549,X696,X728,X760
222,X11,X106,X219,X263,X310,X367,X411,X418,X478,X549,X696,X728,X760
223,X11,X106,X219,X263,X310,X367,X411,X418,X478,X549,X696,X728,X760
224,X11,X106,X219,X263,X310,X367,X411,X418,X478,X549,X696,X728,X760
225,X11,X106,X263,X310,X367,X369,X411,X418,X478,X670,X696,X728,X760
226,X11,X106,X263,X310,X367,X369,X411,X418,X478,X670,X696,X728,X760
227,X11,X106,X263,X310,X367,X369,X411,X418,X478,X670,X696,X728,X760
228,X11,X70,X106,X263,X310,X367,X411,X418,X478,X549,X696,X728,X760
229,X11,X106,X263,X310,X367,X369,X411,X418,X478,X670,X696,X728,X760
230,X11,X106,X263,X310,X367,X369,X411,X418,X478,X670,X696,X728,X760
231,X11,X106,X263,X310,X367,X369,X411,X418,X478,X670,X696,X728,X760
232,X11,X106,X263,X310,X367,X369,X411,X418,X465,X478,X696,X728,X760
233,X11,X106,X263,X310,X367,X369,X371,X411,X418,X478,X696,X728,X760
234,X11,X106,X263,X310,X367,X369,X371,X411,X418,X478,X696,X728,X760
235,X11,X106,X263,X310,X367,X369,X371,X411,X418,X478,X696,X728,X760
236,X11,X106,X263,X310,X367,X369,X371,X411,X418,X478,X696,X728,X760
237,X11,X106,X263,X310,X367,X369,X371,X411,X418,X478,X696,X728,X760
238,X11,X106,X263,X310,X367,X369,X371,X411,X418,X478,X696,X728,X760
239,X11,X106,X263,X310,X367,X369,X371,X411,X418,X478,X696,X728,X760
240,X11,X106,X263,X310,X367,X369,X371,X411,X418,X478,X696,X728,X760
241,X11,X106,X263,X310,X367,X369,X411,X418,X478,X618,X696,X728,X760
242,X11,X106,X263,X310,X367,X369,X411,X418,X478,X549,X696,X728,X760
243,X11,X106,X263,X310,X367,X369,X411,X418,X478,X549,X696,X728,X760
244,X11,X106,X263,X310,X367,X369,X411,X418,X478,X549,X696,X728,X760
245,X11,X106,X263,X310,X367,X369,X411,X418,X478,X549,X696,X728,X760
246,X11,X106,X263,X310,X367,X369,X411,X418,X478,X549,X696,X728,X760
247,X11,X106,X263,X310,X367,X369,X411,X418,X478,X549,X696,X728,X760
248,X11,X106,X263,X310,X367,X380,X411,X418,X478,X549,X696,X728,X760
249,X11,X106,X263,X310,X367,X380,X411,X418,X478,X549,X696,X728,X760
250,X11,X106,X190,X263,X310,X367,X411,X418,X478,X549,X696,X728,X760
251,X11,X106,X263,X310,X367,X369,X411,X418,X478,X533,X696,X728,X760
252,X11,X106,X263,X310,X367,X380,X411,X418,X478,X549,X696,X728,X760
253,X11,X106,X263,X310,X367,X380,X411,X418,X478,X549,X696,X728,X760
254,X11,X106,X263,X310,X367,X369,X411,X418,X478,X549,X696,X728,X760
255,X11,X106,X263,X310,X367,X411,X418,X478,X549,X625,X696,X728,X760
256,X11,X106,X263,X310,X367,X411,X418,X478,X549,X625,X696,X728,X760
257,X11,X106,X263,X310,X367,X380,X418,X478,X540,X549,X696,X728,X760
258,X11,X106,X263,X310,X367,X369,X411,X418,X478,X549,X696,X728,X760
259,X11,X106,X263,X310,X367,X369,X411,X418,X478,X549,X696,X728,X760
260,X11,X106,X263,X286,X310,X367,X411,X418,X478,X549,X696,X728,X760
261,X11,X106,X263,X310,X367,X369,X411,X418,X478,X549,X696,X728,X760
262,X11,X106,X263,X310,X367,X369,X411,X418,X478,X549,X696,X728,X760
263,X11,X34,X106,X263,X310,X367,X369,X411,X418,X478,X533,X696,X760
264,X11,X51,X99,X106,X203,X263,X310,X367,X369,X411,X418,X696,X760
265,X11,X51,X99,X106,X203,X263,X310,X367,X369,X411,X418,X696,X760
266,X11,X51,X99,X106,X203,X263,X310,X367,X369,X411,X418,X696,X760
267,X11,X51,X99,X106,X203,X263,X310,X367,X369,X411,X418,X696,X760
268,X11,X51,X99,X106,X203,X263,X310,X367,X369,X411,X418,X696,X760
269,X11,X51,X99,X106,X203,X263,X310,X367,X369,X411,X418,X696,X760
270,X11,X106,X263,X310,X339,X367,X380,X411,X418,X478,X549,X696,X760
271,X11,X106,X263,X310,X339,X367,X380,X411,X418,X478,X549,X696,X760
272,X11,X106,X263,X310,X339,X367,X380,X411,X418,X478,X549,X696,X760
273,X11,X106,X263,X310,X367,X369,X411,X418,X478,X533,X696,X728,X760
274,X11,X106,X263,X310,X367,X369,X411,X418,X478,X533,X696,X728,X760
275,X11,X106,X263,X310,X367,X369,X411,X418,X478,X533,X696,X728,X760
276,X11,X106,X263,X310,X367,X369,X411,X418,X478,X549,X696,X728,X760
277,X11,X106,X263,X310,X367,X369,X411,X418,X478,X533,X696,X728,X760
278,X11,X106,X263,X310,X367,X411,X418,X478,X533,X696,X728,X731,X760
279,X11,X106,X263,X310,X367,X380,X411,X418,X478,X549,X696,X728,X760
280,X11,X106,X263,X310,X367,X411,X418,X478,X533,X696,X728,X731,X760
281,X11,X106,X263,X310,X367,X411,X418,X478,X533,X696,X728,X731,X760
282,X11,X106,X263,X310,X367,X411,X418,X478,X533,X696,X728,X731,X760
283,X11,X106,X263,X310,X367,X411,X418,X478,X533,X696,X728,X731,X760
284,X11,X106,X263,X310,X367,X411,X418,X478,X533,X696,X728,X731,X760
285,X11,X106,X263,X310,X367,X411,X418,X478,X533,X696,X728,X731,X760
286,X11,X106,X263,X310,X367,X411,X418,X478,X533,X696,X728,X731,X760
287,X11,X106,X263,X310,X367,X380,X411,X418,X478,X510,X533,X696,X760
288,X11,X106,X263,X310,X367,X380,X411,X418,X478,X510,X533,X696,X760
289,X11,X106,X263,X310,X367,X380,X411,X418,X478,X510,X533,X696,X760
290,X11,X106,X263,X310,X367,X380,X411,X418,X478,X510,X533,X696,X760
291,X11,X106,X263,X310,X367,X380,X411,X418,X478,X549,X696,X728,X760
292,X11,X106,X263,X310,X367,X380,X411,X418,X478,X549,X696,X728,X760
293,X11,X106,X263,X310,X367,X382,X411,X418,X478,X549,X696,X728,X760
294,X11,X106,X263,X310,X367,X382,X411,X418,X478,X549,X696,X728,X760
295,X11,X106,X219,X263,X301,X310,X367,X418,X478,X549,X696,X728,X760
296,X11,X106,X263,X310,X367,X380,X411,X418,X478,X549,X696,X728,X760
297,X11,X106,X263,X310,X367,X380,X411,X418,X478,X549,X696,X728,X760
298,X11,X106,X263,X310,X367,X380,X411,X418,X478,X549,X696,X728,X760
299,X11,X106,X263,X310,X367,X411,X418,X478,X533,X549,X696,X728,X760
300,X11,X106,X219,X263,X310,X367,X411,X418,X478,X533,X696,X728,X760
301,X11,X106,X219,X263,X310,X367,X411,X418,X478,X533,X696,X728,X760
302,X11,X106,X219,X263,X310,X367,X411,X418,X478,X533,X696,X728,X760
303,X11,X106,X219,X263,X310,X367,X411,X418,X478,X533,X696,X728,X760
304,X11,X106,X263,X310,X367,X411,X418,X478,X533,X549,X696,X728,X760
305,X11,X263,X301,X310,X367,X380,X411,X418,X478,X549,X696,X728,X760
306,X11,X263,X301,X310,X367,X380,X411,X418,X478,X549,X696,X728,X760
307,X11,X106,X263,X310,X367,X411,X418,X478,X533,X549,X696,X728,X760
308,X11,X106,X263,X301,X310,X367,X411,X418,X478,X549,X696,X728,X760
309,X11,X106,X263,X310,X367,X380,X411,X418,X478,X549,X696,X728,X760
310,X11,X63,X106,X263,X310,X367,X380,X411,X418,X478,X488,X696,X760
311,X11,X106,X263,X310,X367,X411,X418,X478,X488,X635,X696,X728,X760
312,X11,X106,X263,X310,X367,X411,X418,X478,X488,X635,X696,X728,X760
313,X11,X106,X263,X310,X367,X380,X411,X418,X478,X549,X696,X728,X760
314,X11,X106,X263,X310,X367,X380,X411,X418,X478,X549,X696,X728,X760
315,X11,X106,X263,X310,X367,X380,X411,X418,X478,X549,X696,X728,X760
316,X11,X106,X263,X310,X367,X380,X411,X418,X478,X549,X696,X728,X760
317,X11,X106,X263,X310,X367,X380,X411,X418,X478,X549,X696,X728,X760
318,X11,X106,X263,X310,X367,X380,X411,X418,X478,X549,X696,X728,X760
319,X11,X106,X263,X310,X367,X380,X411,X418,X478,X549,X696,X728,X760
320,X11,X106,X263,X310,X367,X380,X411,X418,X478,X549,X696,X728,X760
321,X11,X106,X263,X310,X367,X380,X411,X418,X478,X549,X696,X728,X760
322,X11,X106,X263,X310,X367,X380,X411,X418,X478,X549,X696,X728,X760
323,X11,X106,X263,X310,X367,X380,X411,X418,X478,X549,X696,X728,X760
324,X11,X106,X263,X310,X367,X380,X411,X418,X478,X549,X696,X728,X760
325,X11,X106,X263,X310,X367,X380,X411,X418,X478,X549,X696,X728,X760
326,X11,X106,X263,X310,X367,X411,X418,X478,X488,X673,X696,X728,X760
327,X11,X106,X263,X310,X367,X411,X418,X478,X488,X673,X696,X728,X760
328,X11,X106,X263,X310,X367,X411,X418,X478,X488,X673,X696,X728,X760
329,X11,X106,X263,X310,X367,X411,X418,X478,X488,X673,X696,X728,X760
330,X11,X106,X263,X310,X367,X411,X418,X478,X488,X673,X696,X728,X760
331,X11,X106,X263,X310,X367,X380,X411,X418,X478,X549,X696,X728,X760
332,X11,X106,X263,X310,X367,X380,X411,X418,X478,X549,X696,X728,X760
333,X11,X106,X263,X310,X367,X380,X411,X418,X478,X549,X696,X728,X760
334,X11,X106,X263,X310,X367,X380,X411,X418,X478,X549,X696,X728,X760
335,X11,X106,X263,X310,X367,X380,X411,X418,X478,X549,X696,X728,X760
336,X11,X106,X263,X310,X367,X380,X411,X418,X478,X549,X696,X728,X760
337,X11,X106,X263,X310,X367,X380,X411,X418,X478,X549,X696,X728,X760
338,X11,X106,X263,X310,X367,X382,X411,X418,X478,X549,X696,X728,X760
339,X11,X106,X263,X310,X367,X382,X411,X418,X478,X549,X696,X728,X760
340,X11,X106,X263,X310,X367,X382,X411,X418,X478,X549,X696,X728,X760
341,X11,X106,X263,X310,X367,X382,X411,X418,X478,X549,X696,X728,X760
342,X11,X106,X263,X310,X367,X382,X411,X418,X478,X549,X696,X728,X760
343,X11,X51,X106,X263,X310,X367,X411,X418,X478,X549,X696,X728,X760
344,X11,X106,X263,X310,X367,X382,X411,X418,X478,X549,X696,X728,X760
345,X11,X106,X115,X263,X310,X367,X380,X411,X418,X478,X696,X728,X760
346,X11,X106,X115,X263,X310,X367,X380,X411,X418,X478,X696,X728,X760
347,X11,X106,X115,X263,X310,X367,X380,X411,X418,X478,X696,X728,X760
348,X11,X106,X263,X310,X367,X382,X411,X418,X478,X488,X696,X728,X760
349,X11,X106,X263,X310,X367,X382,X411,X418,X478,X488,X696,X728,X760
350,X11,X106,X263,X310,X367,X382,X411,X418,X478,X488,X696,X728,X760
351,X11,X106,X263,X310,X367,X382,X411,X418,X478,X488,X696,X728,X760
352,X11,X106,X115,X263,X310,X367,X411,X418,X478,X488,X696,X728,X760
353,X11,X106,X115,X263,X310,X367,X411,X418,X478,X488,X696,X728,X760
354,X11,X106,X115,X263,X310,X367,X411,X418,X478,X488,X696,X728,X760
355,X11,X106,X115,X263,X310,X367,X411,X418,X478,X488,X696,X728,X760
356,X11,X106,X213,X263,X310,X367,X411,X418,X478,X549,X696,X728,X760
357,X11,X106,X263,X310,X367,X382,X411,X418,X478,X488,X696,X728,X760
358,X11,X106,X263,X310,X367,X382,X411,X418,X478,X488,X696,X728,X760
359,X11,X106,X115,X263,X310,X367,X411,X418,X478,X488,X696,X728,X760
360,X11,X106,X115,X263,X310,X367,X411,X418,X478,X488,X696,X728,X760
361,X11,X106,X115,X263,X310,X367,X411,X418,X478,X488,X696,X728,X760
362,X11,X106,X115,X263,X310,X367,X411,X418,X478,X488,X696,X728,X760
363,X11,X106,X115,X263,X310,X367,X411,X418,X478,X549,X696,X728,X760
364,X11,X106,X115,X263,X310,X367,X411,X418,X478,X549,X696,X728,X760
365,X11,X106,X115,X263,X310,X367,X411,X418,X478,X549,X696,X728,X760
366,X11,X106,X115,X263,X310,X367,X411,X418,X478,X549,X696,X728,X760
367,X11,X106,X115,X263,X310,X367,X411,X418,X478,X549,X696,X728,X760
368,X11,X106,X115,X263,X310,X367,X411,X418,X478,X549,X696,X728,X760
369,X11,X106,X115,X263,X310,X367,X411,X418,X478,X549,X696,X728,X760
370,X11,X106,X115,X263,X310,X367,X411,X418,X478,X549,X696,X728,X760
371,X11,X106,X115,X263,X310,X367,X411,X418,X478,X488,X696,X728,X760
372,X11,X106,X115,X263,X310,X367,X411,X418,X478,X488,X696,X728,X760
373,X11,X106,X115,X263,X310,X367,X411,X418,X478,X488,X696,X728,X760
374,X11,X106,X115,X263,X310,X367,X411,X418,X478,X488,X696,X728,X760
375,X11,X106,X115,X263,X310,X367,X411,X418,X478,X488,X696,X728,X760
376,X11,X106,X115,X263,X310,X367,X411,X418,X478,X488,X696,X728,X760
377,X11,X106,X115,X263,X310,X367,X411,X418,X478,X488,X696,X728,X760
378,X11,X106,X115,X263,X310,X367,X411,X418,X478,X488,X696,X728,X760
379,X11,X106,X115,X263,X310,X367,X411,X418,X478,X488,X696,X728,X760
380,X11,X106,X115,X263,X310,X367,X411,X418,X478,X488,X696,X728,X760
381,X11,X106,X115,X263,X310,X367,X411,X418,X478,X488,X696,X728,X760
382,X11,X106,X115,X263,X310,X367,X411,X418,X478,X488,X696,X728,X760
383,X11,X106,X115,X263,X310,X367,X411,X418,X478,X488,X696,X728,X760
384,X11,X106,X115,X263,X310,X367,X411,X418,X478,X549,X696,X728,X760
385,X11,X106,X115,X263,X310,X367,X411,X418,X478,X549,X696,X728,X760
386,X11,X106,X115,X263,X310,X367,X411,X418,X478,X488,X696,X728,X760
387,X11,X106,X115,X263,X310,X367,X411,X418,X478,X488,X696,X728,X760
388,X11,X106,X115,X263,X310,X367,X411,X418,X478,X488,X696,X728,X760
389,X11,X106,X115,X263,X310,X367,X411,X418,X478,X488,X696,X728,X760
390,X11,X106,X115,X263,X310,X367,X411,X418,X478,X488,X696,X728,X760
391,X11,X106,X115,X263,X310,X367,X411,X418,X478,X488,X696,X728,X760
392,X11,X106,X115,X263,X310,X367,X411,X418,X478,X488,X696,X728,X760
393,X11,X106,X115,X263,X310,X367,X411,X418,X478,X488,X696,X728,X760
394,X11,X106,X115,X263,X310,X367,X411,X418,X478,X488,X696,X728,X760
395,X11,X106,X115,X263,X310,X367,X411,X418,X478,X488,X696,X728,X760
396,X11,X106,X115,X263,X310,X367,X411,X418,X478,X549,X696,X728,X760
397,X11,X106,X115,X263,X310,X367,X411,X418,X478,X488,X696,X728,X760
398,X11,X106,X115,X263,X310,X367,X411,X418,X478,X488,X696,X728,X760
399,X11,X106,X115,X263,X310,X367,X411,X418,X478,X488,X696,X728,X760
400,X11,X106,X115,X263,X310,X367,X411,X418,X478,X488,X696,X728,X760
401,X11,X106,X115,X263,X310,X367,X411,X418,X478,X488,X696,X728,X760
402,X11,X106,X115,X263,X310,X367,X411,X418,X478,X549,X696,X728,X760
403,X11,X106,X115,X263,X310,X367,X411,X418,X439,X478,X696,X728,X760
404,X11,X106,X115,X263,X310,X367,X411,X418,X439,X488,X496,X696,X760
405,X11,X106,X115,X263,X310,X367,X411,X418,X439,X488,X496,X696,X760
406,X11,X106,X115,X263,X310,X367,X411,X418,X478,X488,X696,X728,X760
407,X11,X106,X115,X263,X310,X367,X411,X418,X478,X488,X696,X728,X760
408,X11,X106,X115,X263,X310,X367,X411,X418,X478,X488,X696,X728,X760
409,X11,X106,X115,X263,X310,X367,X411,X418,X478,X488,X696,X728,X760
410,X11,X106,X115,X263,X310,X367,X411,X418,X478,X488,X696,X728,X760
411,X11,X106,X115,X263,X310,X367,X411,X418,X439,X488,X496,X696,X760
412,X11,X106,X115,X263,X310,X367,X411,X418,X478,X488,X696,X728,X760
413,X11,X106,X115,X263,X310,X367,X411,X418,X478,X488,X696,X728,X760
414,X11,X106,X115,X263,X310,X367,X411,X418,X478,X488,X696,X728,X760
415,X11,X106,X115,X263,X310,X367,X411,X418,X478,X488,X696,X728,X760
416,X11,X106,X115,X263,X310,X367,X411,X418,X478,X488,X696,X728,X760
417,X11,X61,X106,X263,X310,X367,X411,X418,X478,X488,X696,X728,X760
418,X11,X106,X115,X263,X310,X367,X411,X418,X478,X488,X696,X728,X760
419,X11,X106,X115,X263,X310,X367,X411,X418,X478,X488,X696,X728,X760
420,X11,X106,X115,X263,X310,X367,X411,X418,X478,X488,X696,X728,X760
421,X11,X106,X115,X263,X310,X367,X411,X418,X478,X488,X696,X728,X760
422,X11,X106,X115,X263,X310,X367,X411,X418,X478,X488,X696,X728,X760
423,X11,X106,X115,X263,X310,X367,X411,X418,X478,X488,X696,X728,X760
424,X11,X106,X115,X263,X310,X367,X411,X418,X478,X488,X696,X728,X760
425,X11,X106,X115,X263,X310,X367,X411,X418,X478,X488,X696,X728,X760
426,X11,X106,X115,X263,X310,X367,X411,X418,X478,X488,X696,X728,X760
427,X11,X106,X115,X263,X310,X367,X411,X418,X439,X488,X637,X696,X760
428,X11,X106,X115,X263,X310,X367,X411,X418,X478,X488,X696,X728,X760
429,X11,X106,X115,X263,X310,X367,X411,X418,X439,X488,X496,X696,X760
430,X11,X106,X115,X263,X310,X367,X411,X418,X439,X488,X637,X696,X760
431,X11,X106,X115,X263,X310,X367,X411,X418,X439,X488,X637,X696,X760
432,X11,X106,X115,X263,X310,X367,X411,X418,X439,X488,X496,X696,X760
433,X11,X106,X115,X263,X310,X367,X411,X418,X439,X488,X496,X696,X760
434,X11,X106,X115,X263,X310,X367,X411,X418,X478,X488,X696,X728,X760
435,X11,X106,X115,X263,X310,X367,X411,X418,X478,X488,X696,X728,X760
436,X11,X106,X115,X263,X310,X367,X411,X418,X439,X488,X496,X696,X760
437,X11,X106,X115,X263,X310,X367,X411,X418,X439,X488,X496,X696,X760
438,X11,X106,X115,X263,X310,X367,X411,X418,X439,X488,X496,X696,X760
439,X11,X106,X115,X263,X310,X367,X411,X418,X439,X488,X496,X696,X760
440,X11,X106,X115,X263,X310,X367,X411,X418,X439,X488,X496,X696,X760
441,X11,X106,X115,X263,X310,X367,X411,X418,X439,X488,X496,X696,X760
442,X11,X106,X115,X127,X263,X310,X367,X411,X418,X439,X496,X696,X760
443,X11,X106,X115,X263,X310,X367,X411,X418,X439,X488,X496,X696,X760
444,X11,X106,X115,X263,X310,X367,X411,X418,X439,X488,X496,X696,X760
445,X11,X106,X115,X263,X310,X367,X411,X418,X439,X488,X693,X696,X760
446,X11,X106,X115,X263,X310,X367,X411,X418,X439,X488,X693,X696,X760
447,X11,X106,X115,X263,X310,X367,X411,X418,X439,X488,X693,X696,X760
448,X11,X32,X61,X106,X263,X310,X367,X411,X418,X439,X488,X696,X760
449,X11,X106,X115,X263,X310,X367,X411,X418,X439,X488,X496,X696,X760
450,X11,X106,X115,X263,X310,X367,X411,X418,X439,X488,X496,X696,X760
