0,X46,X170,X205,X216,X220,X275,X329,X520,X522,X678,X717,X718,X733
1,X4,X16,X231,X343,X438,X480,X553,X589,X648,X669,X707,X722,X728
2,X4,X16,X231,X343,X438,X480,X553,X589,X648,X669,X707,X722,X728
3,X105,X117,X231,X343,X438,X480,X553,X589,X648,X669,X707,X722,X728
4,X153,X221,X246,X249,X331,X438,X571,X572,X574,X594,X688,X701,X718
5,X105,X117,X231,X343,X438,X480,X553,X589,X648,X669,X707,X722,X728
6,X105,X117,X231,X343,X438,X480,X553,X589,X648,X669,X707,X722,X728
7,X11,X170,X205,X216,X220,X275,X329,X520,X522,X678,X717,X718,X733
8,X153,X246,X249,X343,X438,X571,X572,X574,X594,X688,X701,X709,X718
9,X153,X246,X249,X343,X438,X507,X558,X573,X612,X678,X717,X718,X733
10,X153,X246,X249,X343,X438,X507,X558,X573,X612,X678,X717,X718,X733
11,X153,X246,X249,X343,X438,X507,X558,X573,X612,X678,X717,X718,X733
12,X153,X246,X249,X431,X485,X558,X573,X612,X678,X717,X718,X733,X749
13,X153,X331,X438,X553,X571,X572,X574,X594,X620,X678,X717,X718,X733
14,X153,X246,X249,X343,X438,X507,X558,X573,X612,X678,X717,X718,X733
15,X153,X331,X438,X553,X572,X574,X594,X613,X620,X678,X717,X718,X733
16,X153,X331,X438,X553,X572,X574,X594,X613,X620,X678,X717,X718,X733
17,X75,X153,X246,X249,X331,X438,X507,X558,X573,X648,X717,X718,X733
18,X153,X246,X249,X343,X438,X507,X558,X573,X648,X678,X717,X718,X733
19,X153,X246,X249,X343,X438,X507,X558,X573,X648,X669,X717,X718,X733
20,X153,X246,X249,X372,X431,X485,X558,X573,X612,X678,X718,X733,X749
21,X153,X246,X249,X343,X438,X507,X558,X573,X610,X612,X717,X718,X733
22,X153,X246,X249,X431,X485,X558,X573,X612,X678,X701,X718,X733,X749
23,X153,X246,X249,X431,X485,X558,X573,X612,X678,X701,X718,X733,X749
24,X153,X246,X249,X343,X438,X507,X558,X573,X678,X717,X718,X733,X749
25,X153,X246,X249,X431,X485,X558,X573,X612,X678,X701,X718,X733,X749
26,X153,X246,X249,X431,X485,X558,X573,X612,X678,X701,X718,X733,X749
27,X153,X246,X249,X431,X485,X558,X573,X612,X678,X701,X718,X733,X749
28,X153,X246,X249,X431,X485,X558,X573,X612,X678,X701,X718,X733,X749
29,X153,X249,X438,X507,X558,X573,X612,X678,X701,X718,X728,X733,X749
30,X153,X249,X438,X507,X558,X573,X612,X678,X701,X718,X728,X733,X749
31,X153,X246,X249,X343,X438,X507,X558,X573,X612,X678,X718,X733,X749
32,X153,X249,X438,X507,X558,X573,X612,X678,X701,X718,X728,X733,X749
33,X153,X249,X438,X507,X558,X573,X612,X678,X701,X718,X728,X733,X749
34,X153,X249,X438,X507,X558,X573,X612,X678,X701,X718,X728,X733,X749
35,X153,X249,X438,X507,X558,X573,X612,X678,X701,X718,X728,X733,X749
36,X153,X246,X249,X431,X558,X573,X612,X650,X678,X701,X718,X733,X749
37,X153,X249,X295,X438,X507,X558,X573,X612,X678,X701,X718,X733,X749
38,X153,X246,X249,X507,X558,X573,X612,X650,X678,X701,X718,X733,X749
39,X153,X249,X438,X507,X558,X573,X612,X650,X678,X701,X718,X733,X749
40,X153,X249,X438,X507,X558,X573,X612,X678,X701,X718,X728,X733,X749
41,X153,X249,X438,X507,X558,X573,X612,X678,X701,X718,X728,X733,X749
42,X153,X249,X438,X507,X558,X573,X612,X678,X701,X718,X728,X733,X749
43,X153,X246,X249,X507,X558,X573,X612,X650,X678,X701,X718,X733,X749
44,X153,X249,X438,X507,X558,X573,X612,X678,X701,X718,X728,X733,X749
45,X153,X249,X438,X507,X558,X573,X612,X650,X678,X701,X718,X733,X749
46,X15,X153,X246,X249,X431,X485,X558,X612,X678,X701,X718,X733,X749
47,X153,X249,X388,X438,X507,X558,X573,X612,X678,X701,X718,X733,X749
48,X153,X246,X249,X438,X507,X558,X612,X678,X701,X718,X728,X733,X749
49,X153,X249,X438,X507,X558,X573,X612,X678,X701,X718,X728,X733,X749
50,X153,X249,X438,X507,X558,X573,X612,X678,X701,X718,X728,X733,X749
51,X153,X249,X438,X507,X558,X573,X612,X678,X701,X718,X728,X733,X749
52,X153,X249,X438,X507,X558,X573,X612,X678,X701,X718,X728,X733,X749
53,X153,X249,X420,X438,X507,X558,X612,X678,X701,X718,X733,X749,X766
54,X153,X249,X420,X438,X507,X558,X612,X678,X701,X718,X733,X749,X766
55,X153,X249,X438,X507,X558,X573,X612,X678,X701,X718,X728,X733,X749
56,X153,X249,X438,X507,X558,X573,X612,X678,X701,X718,X728,X733,X749
57,X153,X246,X249,X441,X507,X558,X612,X678,X701,X718,X728,X733,X749
58,X153,X249,X420,X438,X507,X558,X612,X678,X701,X718,X728,X733,X749
59,X153,X249,X420,X438,X507,X558,X612,X678,X701,X718,X733,X749,X766
60,X153,X249,X420,X438,X507,X558,X612,X678,X701,X718,X733,X749,X766
61,X153,X249,X420,X438,X507,X558,X612,X678,X701,X718,X733,X749,X766
62,X153,X249,X420,X438,X507,X558,X612,X678,X701,X718,X733,X749,X766
63,X28,X246,X249,X438,X507,X558,X612,X678,X701,X718,X728,X733,X749
64,X153,X249,X420,X438,X507,X558,X612,X678,X701,X718,X733,X749,X766
65,X153,X246,X249,X441,X507,X558,X612,X678,X701,X718,X733,X749,X766
66,X153,X249,X420,X438,X507,X558,X612,X678,X701,X718,X733,X749,X766
67,X153,X249,X420,X438,X507,X558,X612,X678,X701,X718,X733,X749,X766
68,X153,X249,X342,X438,X507,X558,X612,X678,X701,X718,X733,X749,X766
69,X153,X249,X420,X441,X507,X558,X612,X678,X701,X718,X733,X749,X766
70,X153,X246,X249,X420,X558,X573,X612,X678,X701,X718,X733,X749,X766
71,X153,X246,X249,X441,X507,X558,X612,X678,X701,X718,X733,X749,X766
72,X153,X246,X249,X420,X507,X558,X612,X678,X701,X718,X733,X749,X766
73,X12,X153,X246,X249,X558,X573,X612,X678,X701,X718,X733,X749,X766
74,X153,X246,X249,X441,X507,X558,X612,X678,X701,X718,X733,X749,X766
75,X116,X153,X249,X420,X507,X558,X612,X678,X701,X718,X733,X749,X766
76,X153,X246,X249,X441,X507,X558,X612,X678,X696,X701,X718,X733,X749
77,X153,X249,X420,X441,X507,X558,X612,X678,X701,X718,X733,X749,X766
78,X57,X153,X249,X420,X507,X558,X612,X678,X701,X718,X733,X749,X766
79,X148,X153,X249,X441,X507,X558,X612,X678,X701,X718,X733,X749,X766
80,X148,X153,X249,X441,X507,X558,X612,X678,X701,X718,X728,X733,X749
81,X153,X249,X420,X438,X507,X558,X612,X678,X701,X718,X733,X749,X766
82,X153,X221,X246,X249,X441,X507,X558,X612,X678,X701,X718,X733,X749
83,X153,X221,X246,X249,X441,X507,X558,X612,X678,X701,X718,X733,X749
84,X7,X153,X221,X246,X249,X441,X558,X612,X678,X701,X718,X733,X749
85,X153,X246,X249,X441,X507,X558,X612,X678,X701,X718,X733,X749,X766
86,X153,X221,X246,X249,X441,X507,X558,X612,X678,X701,X718,X733,X749
87,X153,X221,X246,X249,X441,X507,X558,X612,X678,X701,X728,X733,X749
88,X153,X221,X246,X249,X441,X507,X612,X678,X701,X718,X733,X749,X766
89,X153,X221,X246,X249,X441,X507,X612,X678,X701,X718,X733,X749,X766
90,X153,X221,X246,X249,X441,X507,X612,X678,X701,X718,X733,X749,X766
91,X153,X221,X246,X249,X441,X507,X612,X678,X701,X718,X733,X749,X766
92,X153,X221,X246,X249,X441,X507,X612,X678,X701,X718,X733,X749,X766
93,X153,X221,X249,X441,X507,X558,X612,X678,X701,X718,X733,X749,X766
94,X153,X221,X249,X441,X507,X558,X612,X678,X701,X718,X733,X749,X766
95,X153,X221,X246,X249,X441,X507,X612,X678,X701,X718,X733,X749,X766
96,X153,X221,X246,X249,X441,X507,X612,X678,X701,X718,X733,X749,X766
97,X116,X153,X221,X249,X441,X507,X612,X678,X701,X718,X733,X749,X766
98,X153,X221,X246,X249,X441,X507,X612,X678,X701,X718,X733,X749,X766
99,X153,X221,X246,X249,X441,X507,X612,X678,X701,X718,X733,X749,X766
100,X153,X221,X246,X249,X441,X507,X612,X678,X701,X718,X733,X749,X766
101,X153,X221,X246,X249,X441,X507,X612,X678,X701,X718,X733,X749,X766
102,X116,X153,X221,X249,X441,X507,X612,X678,X701,X718,X733,X749,X766
103,X153,X221,X246,X249,X441,X558,X612,X678,X701,X718,X733,X749,X766
104,X153,X221,X249,X441,X507,X558,X612,X678,X701,X718,X733,X749,X766
105,X153,X221,X246,X249,X441,X558,X612,X678,X701,X718,X733,X749,X766
106,X153,X221,X249,X441,X507,X558,X612,X678,X701,X718,X733,X749,X765
107,X153,X221,X249,X441,X507,X558,X612,X678,X701,X718,X733,X749,X766
108,X153,X221,X246,X249,X441,X558,X612,X678,X701,X718,X733,X749,X766
109,X153,X221,X249,X441,X558,X612,X666,X678,X701,X718,X733,X749,X766
110,X116,X153,X221,X249,X441,X507,X612,X678,X701,X718,X733,X749,X766
111,X153,X221,X249,X441,X558,X612,X666,X678,X701,X718,X733,X749,X766
112,X153,X221,X249,X441,X507,X558,X612,X678,X701,X718,X733,X749,X766
113,X153,X221,X249,X441,X558,X612,X666,X678,X701,X718,X733,X749,X766
114,X153,X221,X249,X441,X507,X558,X612,X678,X701,X718,X733,X749,X765
115,X153,X221,X249,X441,X507,X558,X612,X678,X701,X718,X733,X749,X766
116,X116,X153,X221,X249,X441,X507,X612,X678,X701,X718,X733,X749,X766
117,X153,X221,X249,X441,X507,X558,X612,X678,X701,X718,X733,X749,X766
118,X116,X153,X221,X249,X441,X507,X612,X678,X701,X718,X733,X749,X766
119,X153,X221,X249,X441,X499,X507,X558,X612,X678,X701,X733,X749,X766
120,X116,X153,X221,X249,X441,X507,X612,X678,X701,X718,X733,X749,X766
121,X116,X153,X221,X249,X441,X507,X612,X678,X701,X718,X733,X749,X766
122,X153,X221,X249,X441,X499,X507,X558,X612,X678,X701,X733,X749,X766
123,X153,X221,X249,X441,X499,X507,X558,X612,X678,X701,X733,X749,X766
124,X116,X153,X221,X249,X441,X507,X612,X678,X701,X718,X733,X749,X766
125,X153,X221,X249,X441,X499,X507,X558,X612,X678,X701,X733,X749,X766
126,X116,X153,X221,X249,X441,X507,X536,X612,X678,X701,X718,X749,X766
127,X116,X153,X221,X249,X441,X507,X612,X678,X701,X718,X733,X749,X766
128,X153,X221,X249,X441,X507,X558,X612,X678,X701,X718,X733,X749,X766
129,X116,X153,X221,X249,X441,X507,X536,X612,X678,X701,X718,X749,X766
130,X153,X221,X249,X441,X499,X507,X612,X678,X701,X718,X733,X749,X766
131,X153,X221,X249,X441,X499,X507,X612,X678,X701,X718,X733,X749,X766
132,X153,X221,X249,X441,X499,X507,X612,X678,X701,X718,X733,X749,X766
133,X116,X153,X221,X249,X441,X507,X536,X612,X678,X701,X718,X749,X766
134,X153,X221,X249,X441,X499,X507,X558,X612,X678,X701,X733,X749,X766
135,X116,X153,X221,X249,X441,X507,X536,X612,X678,X701,X718,X749,X766
136,X153,X221,X249,X441,X507,X558,X612,X678,X701,X718,X733,X749,X766
137,X116,X153,X221,X249,X441,X507,X536,X612,X678,X701,X718,X749,X766
138,X153,X221,X249,X432,X441,X499,X507,X558,X678,X701,X733,X749,X766
139,X153,X221,X249,X441,X499,X507,X612,X678,X701,X718,X733,X749,X766
140,X153,X221,X249,X441,X499,X507,X612,X678,X701,X718,X733,X749,X766
141,X153,X221,X249,X441,X499,X507,X612,X678,X701,X718,X733,X749,X766
142,X153,X221,X249,X441,X499,X507,X558,X612,X678,X701,X733,X749,X766
143,X116,X153,X221,X249,X441,X507,X536,X612,X678,X701,X718,X749,X766
144,X153,X221,X249,X441,X499,X507,X612,X678,X701,X718,X733,X749,X766
145,X116,X153,X221,X249,X441,X507,X536,X612,X678,X696,X701,X749,X766
146,X116,X153,X221,X249,X441,X507,X536,X612,X678,X696,X701,X749,X766
147,X116,X153,X221,X249,X441,X507,X536,X612,X678,X696,X701,X749,X766
148,X116,X153,X221,X249,X441,X507,X536,X612,X678,X696,X701,X749,X766
149,X116,X153,X221,X249,X441,X507,X536,X612,X678,X696,X701,X749,X766
150,X116,X153,X221,X249,X441,X507,X536,X612,X678,X696,X701,X749,X766
151,X116,X153,X221,X249,X441,X507,X536,X612,X678,X696,X701,X749,X766
152,X116,X153,X221,X249,X441,X507,X536,X612,X678,X696,X701,X749,X766
153,X116,X153,X221,X249,X441,X507,X536,X612,X678,X696,X701,X749,X766
154,X153,X221,X249,X441,X499,X507,X536,X612,X678,X696,X701,X749,X766
155,X116,X153,X221,X249,X441,X507,X536,X612,X678,X696,X701,X749,X766
156,X116,X153,X221,X249,X441,X507,X536,X612,X678,X696,X701,X749,X766
157,X116,X153,X221,X249,X441,X507,X536,X612,X678,X696,X701,X749,X766
158,X116,X153,X221,X249,X441,X507,X536,X612,X678,X696,X701,X749,X766
159,X116,X153,X221,X249,X441,X507,X536,X612,X678,X696,X701,X749,X766
160,X116,X153,X221,X249,X441,X507,X536,X612,X678,X696,X701,X749,X766
161,X116,X153,X221,X249,X441,X507,X536,X612,X678,X696,X701,X749,X766
162,X116,X153,X221,X249,X441,X507,X536,X612,X678,X696,X701,X749,X766
163,X116,X153,X221,X249,X441,X507,X536,X612,X678,X696,X701,X749,X766
164,X116,X153,X221,X249,X441,X507,X536,X612,X678,X696,X701,X749,X766
165,X116,X153,X221,X249,X441,X507,X536,X612,X678,X696,X701,X749,X766
166,X116,X153,X221,X249,X441,X507,X536,X612,X678,X696,X701,X749,X766
167,X116,X153,X221,X249,X441,X507,X536,X612,X678,X696,X701,X749,X766
168,X116,X153,X221,X249,X441,X507,X536,X612,X678,X696,X701,X749,X766
169,X116,X153,X221,X249,X441,X507,X536,X612,X678,X696,X701,X749,X766
170,X116,X153,X221,X249,X441,X507,X536,X612,X678,X696,X701,X749,X766
171,X116,X153,X221,X249,X441,X507,X536,X612,X678,X696,X701,X749,X766
172,X153,X205,X221,X249,X441,X507,X536,X612,X678,X696,X701,X749,X766
173,X116,X153,X221,X249,X441,X507,X536,X612,X678,X696,X701,X749,X766
174,X116,X153,X221,X249,X441,X507,X536,X612,X678,X696,X701,X749,X766
175,X116,X153,X221,X249,X441,X507,X536,X612,X678,X696,X701,X749,X766
176,X116,X153,X221,X249,X441,X507,X536,X612,X678,X696,X701,X749,X766
177,X116,X153,X221,X249,X441,X507,X536,X612,X678,X696,X701,X749,X766
178,X116,X153,X221,X249,X441,X507,X536,X612,X678,X696,X701,X749,X766
179,X116,X153,X221,X249,X441,X507,X536,X612,X678,X696,X701,X749,X766
180,X116,X153,X221,X249,X441,X507,X536,X612,X678,X696,X701,X749,X766
181,X116,X153,X221,X249,X441,X507,X536,X612,X678,X696,X701,X749,X766
182,X116,X153,X221,X249,X441,X507,X536,X612,X678,X696,X701,X749,X766
183,X116,X153,X221,X249,X441,X507,X536,X612,X678,X696,X701,X749,X766
184,X116,X153,X221,X249,X441,X507,X536,X612,X678,X696,X701,X749,X766
185,X116,X153,X221,X249,X441,X507,X536,X612,X678,X696,X701,X749,X766
186,X116,X153,X221,X249,X441,X507,X536,X612,X678,X696,X701,X749,X766
187,X116,X153,X221,X249,X441,X507,X536,X612,X678,X696,X701,X749,X766
188,X116,X153,X221,X249,X441,X507,X536,X612,X678,X696,X701,X749,X766
189,X116,X153,X221,X249,X441,X507,X536,X612,X678,X696,X701,X749,X766
190,X116,X153,X221,X249,X441,X507,X536,X612,X678,X696,X701,X749,X766
191,X116,X153,X221,X249,X441,X507,X536,X612,X678,X696,X701,X749,X766
192,X116,X153,X221,X249,X441,X507,X536,X612,X678,X696,X701,X749,X766
193,X116,X153,X221,X249,X441,X507,X536,X612,X678,X696,X701,X749,X766
194,X116,X153,X221,X249,X441,X507,X536,X612,X678,X696,X701,X749,X766
195,X116,X153,X221,X249,X441,X507,X536,X612,X678,X696,X701,X749,X766
196,X153,X218,X221,X249,X441,X507,X536,X612,X678,X696,X701,X749,X766
197,X116,X153,X221,X249,X441,X507,X536,X612,X678,X696,X701,X749,X766
198,X153,X221,X249,X441,X507,X536,X612,X673,X678,X696,X701,X749,X766
199,X116,X153,X221,X249,X441,X507,X536,X612,X678,X696,X701,X749,X766
200,X116,X153,X221,X249,X441,X507,X536,X612,X678,X696,X701,X749,X766
201,X116,X153,X221,X249,X441,X507,X536,X612,X678,X696,X701,X749,X766
202,X153,X221,X249,X441,X507,X536,X612,X673,X678,X696,X701,X749,X766
203,X116,X153,X221,X249,X441,X507,X536,X612,X678,X696,X701,X749,X766
204,X116,X153,X221,X249,X441,X507,X536,X612,X678,X696,X701,X749,X766
205,X116,X153,X221,X249,X441,X507,X536,X612,X678,X696,X701,X749,X766
206,X116,X153,X221,X249,X441,X507,X536,X612,X678,X696,X701,X749,X766
207,X116,X153,X221,X249,X441,X507,X536,X612,X678,X696,X701,X749,X766
208,X116,X153,X221,X249,X441,X507,X536,X612,X678,X696,X701,X749,X766
209,X116,X153,X221,X249,X386,X441,X507,X612,X678,X696,X701,X749,X766
210,X153,X218,X221,X249,X441,X507,X536,X612,X678,X696,X701,X749,X766
211,X116,X153,X221,X249,X441,X507,X536,X612,X678,X696,X701,X749,X766
212,X116,X153,X221,X249,X441,X507,X536,X612,X678,X696,X701,X749,X766
213,X116,X153,X221,X249,X386,X441,X536,X612,X678,X696,X701,X749,X766
214,X116,X153,X221,X249,X441,X507,X536,X612,X678,X696,X701,X749,X766
215,X116,X153,X221,X249,X441,X507,X536,X612,X678,X696,X701,X749,X766
216,X116,X153,X221,X249,X441,X507,X536,X612,X678,X696,X701,X749,X766
217,X153,X221,X249,X441,X507,X536,X612,X673,X678,X696,X701,X749,X766
218,X116,X153,X221,X249,X441,X507,X536,X612,X678,X696,X701,X749,X766
219,X116,X153,X221,X249,X441,X507,X536,X612,X678,X696,X701,X749,X766
220,X116,X153,X221,X249,X441,X507,X536,X612,X678,X696,X701,X749,X766
221,X116,X153,X221,X249,X441,X507,X536,X612,X678,X696,X701,X749,X766
222,X116,X153,X221,X249,X441,X507,X536,X612,X678,X696,X701,X749,X766
223,X116,X153,X221,X249,X441,X507,X536,X612,X678,X696,X701,X749,X766
224,X116,X153,X221,X249,X441,X507,X536,X612,X678,X696,X701,X749,X766
225,X116,X153,X221,X249,X441,X507,X536,X612,X678,X696,X701,X749,X766
226,X116,X153,X221,X249,X441,X507,X536,X612,X678,X696,X701,X749,X766
227,X116,X153,X221,X249,X441,X507,X536,X612,X678,X696,X701,X749,X766
228,X116,X153,X221,X249,X441,X507,X536,X612,X678,X696,X701,X749,X766
229,X116,X153,X221,X249,X441,X507,X536,X612,X678,X696,X701,X749,X766
230,X116,X153,X221,X249,X441,X507,X536,X612,X678,X696,X701,X749,X766
231,X116,X153,X221,X249,X441,X507,X536,X612,X678,X696,X701,X749,X766
232,X116,X153,X221,X249,X441,X507,X536,X612,X678,X696,X701,X749,X766
233,X116,X153,X221,X249,X441,X507,X536,X612,X678,X696,X701,X749,X766
234,X116,X153,X221,X249,X441,X507,X536,X612,X678,X696,X701,X749,X766
235,X116,X153,X221,X249,X441,X507,X536,X612,X678,X696,X701,X749,X766
236,X116,X153,X221,X249,X441,X507,X536,X612,X678,X696,X701,X749,X766
237,X116,X153,X221,X249,X441,X507,X536,X612,X678,X696,X701,X749,X766
238,X116,X153,X221,X249,X441,X507,X536,X612,X678,X696,X701,X749,X766
239,X116,X153,X221,X249,X441,X507,X536,X612,X678,X696,X701,X749,X766
240,X116,X153,X221,X249,X441,X507,X536,X612,X678,X696,X701,X749,X766
241,X116,X153,X221,X249,X441,X507,X536,X612,X678,X696,X701,X749,X766
242,X116,X153,X221,X249,X441,X507,X536,X612,X678,X696,X701,X749,X766
243,X116,X153,X221,X249,X441,X507,X536,X612,X678,X696,X701,X749,X766
244,X116,X153,X221,X249,X426,X441,X507,X536,X612,X696,X701,X749,X766
245,X116,X153,X221,X249,X441,X507,X536,X612,X678,X696,X701,X749,X766
246,X116,X153,X221,X249,X441,X507,X536,X612,X678,X696,X701,X749,X766
247,X116,X153,X221,X249,X441,X507,X536,X612,X678,X696,X701,X749,X766
248,X116,X153,X221,X249,X441,X507,X536,X612,X678,X696,X701,X749,X766
249,X116,X153,X221,X249,X441,X507,X536,X612,X678,X696,X701,X749,X766
250,X116,X153,X221,X249,X441,X507,X536,X612,X678,X696,X701,X749,X766
251,X116,X153,X221,X249,X441,X507,X536,X612,X678,X696,X701,X749,X766
252,X116,X153,X221,X249,X441,X507,X536,X612,X678,X696,X701,X749,X766
253,X116,X153,X221,X249,X426,X441,X507,X536,X612,X696,X701,X749,X766
254,X116,X153,X221,X249,X426,X441,X507,X536,X612,X696,X701,X749,X766
255,X116,X153,X221,X249,X441,X507,X536,X612,X678,X696,X701,X749,X766
256,X116,X153,X221,X249,X334,X507,X536,X612,X678,X696,X701,X749,X766
257,X116,X153,X221,X249,X334,X507,X536,X612,X678,X696,X701,X749,X766
258,X116,X153,X221,X249,X334,X507,X536,X612,X678,X696,X701,X749,X766
259,X116,X153,X221,X249,X441,X507,X536,X612,X678,X696,X701,X749,X766
260,X116,X153,X221,X249,X334,X507,X536,X612,X678,X696,X701,X749,X766
261,X116,X153,X221,X249,X334,X507,X536,X612,X678,X696,X701,X749,X766
262,X116,X153,X221,X249,X441,X507,X536,X612,X678,X696,X701,X749,X766
263,X116,X153,X221,X249,X334,X507,X536,X612,X678,X696,X701,X749,X766
264,X116,X153,X221,X249,X441,X507,X536,X612,X678,X696,X701,X749,X766
265,X116,X153,X221,X249,X334,X507,X536,X612,X678,X696,X701,X749,X766
266,X116,X153,X221,X249,X334,X507,X536,X612,X678,X696,X701,X749,X766
267,X116,X153,X221,X249,X334,X507,X536,X612,X678,X696,X701,X749,X766
268,X116,X153,X221,X249,X334,X507,X536,X612,X678,X696,X701,X749,X766
269,X116,X153,X221,X249,X334,X507,X536,X612,X678,X696,X701,X749,X766
270,X116,X153,X221,X249,X441,X507,X536,X612,X678,X696,X701,X749,X766
271,X116,X153,X221,X249,X334,X507,X536,X612,X678,X696,X701,X749,X766
272,X116,X153,X221,X249,X334,X507,X536,X612,X678,X696,X701,X749,X766
273,X116,X153,X221,X249,X334,X507,X536,X612,X678,X696,X701,X749,X766
274,X116,X153,X221,X249,X441,X507,X536,X612,X678,X696,X701,X749,X766
275,X116,X153,X221,X249,X334,X507,X536,X612,X678,X696,X701,X749,X766
276,X116,X153,X221,X249,X334,X507,X536,X612,X678,X696,X701,X749,X766
277,X116,X153,X221,X249,X334,X507,X536,X612,X678,X696,X701,X749,X766
278,X116,X153,X221,X249,X334,X507,X536,X612,X678,X696,X701,X749,X766
279,X116,X153,X221,X249,X334,X507,X536,X612,X678,X696,X701,X749,X766
280,X116,X153,X221,X249,X334,X507,X536,X612,X678,X696,X701,X749,X766
281,X116,X153,X221,X249,X507,X536,X612,X678,X696,X701,X749,X757,X766
282,X116,X153,X221,X249,X334,X507,X536,X612,X678,X696,X701,X749,X766
283,X116,X153,X221,X249,X334,X507,X536,X612,X678,X696,X701,X749,X766
284,X116,X153,X221,X249,X334,X507,X536,X612,X678,X696,X701,X749,X766
285,X116,X153,X221,X249,X334,X507,X536,X612,X678,X696,X701,X749,X766
286,X116,X153,X221,X249,X334,X507,X536,X612,X678,X696,X701,X749,X766
287,X116,X153,X221,X249,X334,X507,X536,X612,X678,X696,X701,X749,X766
288,X116,X153,X221,X249,X334,X507,X536,X612,X678,X696,X701,X749,X766
289,X116,X153,X221,X249,X334,X507,X536,X612,X678,X696,X701,X749,X766
290,X116,X153,X197,X221,X249,X507,X536,X612,X678,X696,X701,X749,X766
291,X116,X153,X221,X249,X334,X507,X536,X612,X678,X696,X701,X749,X766
292,X116,X153,X221,X249,X334,X507,X536,X612,X678,X696,X701,X749,X766
293,X116,X153,X221,X249,X334,X507,X536,X612,X678,X696,X701,X749,X766
294,X116,X153,X221,X249,X334,X507,X536,X612,X678,X696,X701,X749,X766
295,X116,X153,X221,X249,X334,X507,X536,X612,X678,X696,X701,X749,X766
296,X116,X153,X197,X221,X249,X507,X536,X612,X678,X696,X701,X749,X766
297,X116,X153,X221,X249,X334,X507,X536,X612,X678,X696,X701,X749,X766
298,X116,X153,X221,X249,X334,X507,X536,X612,X678,X696,X701,X749,X766
299,X116,X153,X221,X249,X334,X507,X536,X612,X678,X696,X701,X749,X766
300,X116,X153,X221,X249,X334,X507,X536,X612,X678,X696,X701,X749,X766
301,X116,X153,X221,X249,X334,X507,X536,X612,X678,X696,X701,X749,X766
302,X116,X153,X221,X249,X334,X507,X536,X612,X678,X696,X701,X749,X766
303,X116,X153,X221,X249,X334,X507,X536,X612,X678,X696,X701,X749,X766
304,X116,X153,X221,X249,X334,X507,X536,X612,X678,X696,X701,X749,X766
305,X116,X153,X221,X249,X334,X507,X536,X612,X678,X696,X701,X749,X766
306,X116,X153,X221,X249,X334,X507,X536,X612,X678,X696,X701,X749,X766
307,X116,X153,X221,X249,X334,X507,X536,X612,X678,X696,X701,X749,X766
308,X116,X153,X221,X249,X334,X507,X536,X612,X678,X696,X701,X749,X766
309,X116,X153,X221,X249,X334,X507,X536,X612,X678,X696,X701,X749,X766
310,X116,X153,X221,X249,X334,X507,X536,X612,X678,X696,X701,X749,X766
311,X116,X153,X221,X249,X334,X507,X536,X612,X678,X696,X701,X749,X766
312,X116,X153,X221,X249,X334,X507,X536,X612,X678,X696,X701,X749,X766
313,X116,X153,X221,X249,X334,X507,X536,X612,X678,X696,X701,X749,X766
314,X116,X153,X221,X249,X334,X507,X536,X612,X678,X696,X701,X749,X766
315,X116,X153,X221,X249,X334,X507,X536,X612,X678,X696,X701,X749,X766
316,X116,X153,X221,X249,X334,X507,X536,X612,X678,X696,X701,X749,X766
317,X116,X153,X221,X249,X334,X507,X536,X612,X678,X696,X701,X749,X766
318,X116,X153,X221,X249,X334,X507,X536,X612,X678,X696,X701,X749,X766
319,X116,X153,X221,X249,X334,X507,X536,X612,X678,X696,X701,X749,X766
320,X116,X153,X221,X249,X334,X507,X536,X612,X678,X696,X701,X749,X766
321,X116,X153,X221,X249,X334,X507,X536,X612,X678,X696,X701,X749,X766
322,X116,X153,X221,X249,X334,X507,X536,X612,X678,X696,X701,X749,X766
323,X116,X153,X221,X249,X334,X507,X536,X612,X678,X696,X701,X749,X766
324,X116,X153,X221,X249,X334,X507,X536,X612,X678,X696,X701,X749,X766
325,X116,X153,X221,X249,X334,X507,X536,X612,X678,X696,X701,X749,X766
326,X116,X153,X221,X249,X334,X507,X536,X612,X678,X696,X701,X749,X766
327,X116,X153,X221,X249,X334,X507,X536,X612,X678,X696,X701,X749,X766
328,X116,X153,X221,X249,X334,X507,X536,X612,X678,X696,X701,X749,X766
329,X116,X153,X221,X249,X334,X507,X536,X612,X678,X696,X701,X749,X766
330,X116,X153,X221,X249,X334,X507,X536,X612,X678,X696,X701,X749,X766
331,X116,X153,X221,X249,X334,X507,X536,X612,X678,X696,X701,X749,X766
332,X153,X221,X249,X334,X432,X507,X536,X612,X678,X696,X701,X749,X766
333,X116,X153,X221,X249,X334,X507,X536,X612,X678,X696,X701,X749,X766
334,X116,X153,X221,X249,X334,X507,X536,X612,X678,X696,X701,X749,X766
335,X116,X153,X221,X249,X334,X507,X536,X612,X678,X696,X701,X749,X766
336,X116,X153,X221,X249,X334,X507,X536,X612,X678,X696,X701,X749,X766
337,X116,X153,X221,X249,X334,X507,X536,X612,X678,X696,X701,X749,X766
338,X116,X153,X221,X249,X334,X507,X536,X612,X678,X696,X701,X749,X766
339,X116,X153,X221,X249,X334,X507,X536,X612,X678,X696,X701,X749,X766
340,X116,X153,X221,X249,X334,X507,X536,X612,X678,X696,X701,X749,X766
341,X116,X153,X221,X249,X334,X507,X536,X612,X678,X696,X701,X749,X766
342,X116,X153,X221,X249,X334,X507,X536,X612,X678,X696,X701,X749,X766
343,X116,X153,X221,X249,X334,X507,X536,X612,X678,X696,X701,X749,X766
344,X116,X153,X221,X249,X334,X507,X536,X612,X678,X696,X701,X749,X766
345,X116,X153,X221,X249,X334,X507,X536,X612,X678,X696,X701,X749,X766
346,X116,X153,X221,X249,X334,X507,X536,X612,X678,X696,X701,X749,X766
347,X116,X153,X221,X249,X334,X507,X536,X612,X678,X696,X701,X749,X766
348,X116,X153,X221,X249,X334,X507,X536,X612,X678,X696,X701,X749,X766
349,X116,X153,X221,X249,X334,X507,X536,X612,X678,X696,X701,X749,X766
350,X116,X153,X221,X249,X334,X507,X536,X612,X678,X696,X701,X749,X766
351,X116,X153,X221,X249,X334,X507,X536,X612,X678,X696,X701,X749,X766
352,X116,X153,X221,X249,X334,X507,X536,X612,X678,X696,X701,X749,X766
353,X116,X153,X221,X249,X334,X507,X536,X612,X678,X696,X701,X749,X766
354,X116,X153,X221,X249,X334,X507,X536,X612,X678,X696,X701,X749,X766
355,X116,X153,X221,X249,X334,X507,X536,X612,X678,X696,X701,X749,X766
356,X116,X153,X221,X249,X334,X507,X536,X612,X678,X696,X701,X749,X766
357,X116,X153,X221,X249,X334,X507,X536,X612,X678,X696,X701,X749,X766
358,X116,X153,X221,X249,X334,X507,X536,X612,X678,X696,X701,X749,X766
359,X116,X153,X221,X249,X334,X507,X536,X612,X678,X696,X701,X749,X766
360,X116,X153,X221,X249,X334,X507,X536,X612,X678,X696,X701,X749,X766
361,X116,X153,X221,X249,X334,X507,X536,X612,X678,X696,X701,X749,X766
362,X116,X153,X221,X249,X334,X507,X536,X612,X678,X696,X701,X749,X766
363,X116,X153,X221,X249,X334,X507,X536,X612,X678,X696,X701,X749,X766
364,X116,X153,X221,X249,X334,X507,X536,X612,X678,X696,X701,X749,X766
365,X116,X153,X221,X249,X334,X507,X536,X612,X678,X696,X701,X749,X766
366,X116,X153,X221,X249,X334,X507,X536,X612,X678,X696,X701,X749,X766
367,X116,X153,X221,X249,X334,X507,X536,X612,X678,X696,X701,X749,X766
368,X116,X153,X221,X249,X334,X507,X536,X612,X678,X696,X701,X749,X766
369,X116,X153,X221,X249,X334,X507,X536,X612,X678,X696,X701,X749,X766
370,X116,X153,X221,X249,X334,X507,X536,X612,X678,X696,X701,X749,X766
371,X116,X153,X221,X249,X334,X507,X536,X612,X678,X696,X701,X749,X766
372,X116,X153,X221,X249,X334,X507,X536,X612,X678,X696,X701,X749,X766
373,X116,X153,X221,X249,X334,X507,X536,X612,X678,X696,X701,X749,X766
374,X116,X153,X221,X249,X334,X507,X536,X612,X678,X696,X701,X749,X766
375,X116,X153,X221,X249,X334,X507,X536,X612,X678,X696,X701,X749,X766
376,X116,X153,X221,X249,X334,X507,X536,X612,X678,X696,X701,X749,X766
377,X116,X153,X221,X249,X334,X507,X536,X612,X678,X696,X701,X749,X766
378,X116,X153,X221,X249,X334,X507,X536,X612,X678,X696,X701,X749,X766
379,X116,X153,X221,X249,X334,X507,X536,X612,X678,X696,X701,X749,X766
380,X116,X153,X221,X249,X334,X507,X536,X612,X678,X696,X701,X749,X766
381,X116,X153,X221,X249,X334,X507,X536,X612,X678,X696,X701,X749,X766
382,X116,X153,X221,X249,X334,X507,X536,X612,X678,X696,X701,X749,X766
383,X116,X153,X221,X249,X334,X507,X536,X612,X678,X696,X701,X749,X766
384,X116,X153,X221,X249,X334,X507,X536,X612,X678,X696,X701,X749,X766
385,X116,X153,X221,X249,X334,X507,X536,X612,X678,X696,X701,X749,X766
386,X116,X153,X221,X249,X334,X507,X536,X612,X678,X696,X701,X749,X766
387,X116,X153,X221,X249,X334,X507,X536,X612,X678,X696,X701,X749,X766
388,X116,X153,X221,X249,X334,X507,X536,X612,X678,X696,X701,X749,X766
389,X76,X116,X153,X221,X249,X334,X536,X612,X678,X696,X701,X749,X766
390,X116,X153,X221,X249,X334,X507,X536,X612,X678,X696,X701,X749,X766
391,X116,X153,X221,X249,X334,X507,X536,X612,X678,X696,X701,X749,X766
392,X116,X153,X221,X249,X334,X507,X536,X612,X678,X696,X701,X749,X766
393,X116,X153,X221,X249,X334,X507,X536,X612,X678,X696,X701,X749,X766
394,X116,X153,X221,X249,X334,X507,X536,X612,X678,X696,X701,X749,X766
395,X116,X153,X221,X249,X334,X507,X536,X612,X678,X696,X701,X749,X766
396,X116,X153,X221,X249,X334,X507,X536,X612,X678,X696,X701,X749,X766
397,X116,X153,X221,X249,X334,X507,X536,X612,X678,X696,X701,X749,X766
398,X116,X153,X221,X249,X334,X507,X536,X612,X678,X696,X701,X749,X766
399,X116,X153,X221,X249,X334,X507,X536,X612,X678,X696,X701,X749,X766
400,X116,X153,X221,X249,X334,X507,X536,X612,X678,X696,X701,X749,X766
401,X116,X153,X221,X249,X334,X507,X536,X612,X678,X696,X701,X749,X766
402,X116,X153,X221,X249,X334,X507,X536,X612,X678,X696,X701,X749,X766
403,X116,X153,X221,X249,X334,X507,X536,X612,X678,X696,X701,X749,X766
404,X116,X153,X221,X249,X334,X507,X536,X612,X678,X696,X701,X749,X766
405,X116,X153,X221,X249,X334,X507,X536,X612,X678,X696,X701,X749,X766
406,X116,X153,X221,X249,X334,X507,X536,X612,X678,X696,X701,X749,X766
407,X116,X153,X221,X249,X334,X507,X536,X612,X678,X696,X701,X749,X766
408,X116,X153,X221,X249,X334,X507,X536,X612,X678,X696,X701,X749,X766
409,X116,X153,X221,X249,X334,X507,X536,X612,X678,X696,X701,X749,X766
410,X116,X153,X221,X249,X334,X507,X536,X612,X678,X696,X701,X749,X766
411,X116,X153,X221,X249,X334,X507,X536,X612,X678,X696,X701,X749,X766
412,X116,X153,X221,X249,X334,X507,X536,X612,X678,X696,X701,X749,X766
413,X116,X153,X221,X249,X334,X507,X536,X612,X678,X696,X701,X749,X766
414,X116,X153,X221,X249,X334,X507,X536,X612,X678,X696,X701,X749,X766
415,X116,X153,X221,X249,X334,X507,X536,X612,X678,X696,X701,X749,X766
416,X116,X153,X221,X249,X334,X507,X536,X612,X678,X696,X701,X749,X766
417,X116,X153,X221,X249,X334,X507,X536,X612,X678,X696,X701,X749,X766
418,X116,X153,X221,X249,X334,X507,X536,X612,X678,X696,X701,X749,X766
419,X116,X153,X221,X249,X334,X507,X536,X612,X678,X696,X701,X749,X766
420,X116,X153,X221,X249,X334,X507,X536,X612,X678,X696,X701,X749,X766
421,X116,X153,X221,X249,X334,X507,X536,X612,X678,X696,X701,X749,X766
422,X116,X153,X221,X249,X334,X507,X536,X612,X678,X696,X701,X749,X766
423,X116,X153,X221,X249,X334,X507,X536,X612,X678,X696,X701,X749,X766
424,X116,X153,X221,X249,X334,X507,X536,X612,X678,X696,X701,X749,X766
425,X116,X153,X221,X249,X334,X507,X536,X612,X678,X696,X701,X749,X766
426,X116,X153,X221,X249,X334,X507,X536,X612,X678,X696,X701,X749,X766
427,X116,X153,X221,X249,X334,X507,X536,X612,X678,X696,X701,X749,X766
428,X116,X153,X221,X249,X334,X507,X536,X612,X678,X696,X701,X749,X766
429,X153,X221,X249,X334,X432,X507,X536,X612,X678,X696,X701,X749,X766
430,X153,X221,X249,X334,X432,X507,X536,X612,X678,X696,X701,X749,X766
431,X153,X221,X249,X334,X432,X507,X536,X612,X678,X696,X701,X749,X766
432,X153,X221,X249,X334,X432,X507,X536,X612,X678,X696,X701,X749,X766
433,X116,X153,X221,X249,X334,X507,X536,X612,X678,X696,X701,X749,X766
434,X153,X221,X249,X334,X432,X507,X536,X612,X678,X696,X701,X749,X766
435,X116,X153,X221,X249,X334,X507,X536,X612,X678,X696,X701,X749,X766
436,X116,X153,X221,X249,X334,X507,X536,X612,X678,X696,X701,X749,X766
437,X116,X153,X221,X249,X334,X507,X536,X612,X678,X696,X701,X749,X766
438,X116,X153,X221,X249,X334,X507,X564,X612,X678,X696,X701,X749,X766
439,X153,X221,X249,X334,X432,X507,X536,X612,X678,X696,X701,X749,X766
440,X116,X153,X221,X249,X334,X507,X536,X612,X678,X696,X701,X749,X766
441,X116,X153,X221,X249,X334,X507,X536,X612,X678,X696,X701,X749,X766
442,X116,X153,X221,X249,X334,X507,X536,X612,X678,X696,X701,X749,X766
443,X116,X153,X221,X249,X334,X507,X536,X612,X678,X696,X701,X749,X766
444,X116,X153,X221,X249,X334,X507,X536,X612,X678,X696,X701,X749,X766
445,X153,X221,X249,X334,X432,X507,X536,X612,X678,X696,X701,X749,X766
446,X153,X221,X249,X334,X432,X507,X536,X612,X678,X696,X701,X749,X766
447,X153,X221,X249,X334,X432,X507,X536,X612,X678,X696,X701,X749,X766
448,X153,X221,X249,X334,X432,X507,X536,X612,X678,X696,X701,X749,X766
449,X153,X221,X249,X334,X432,X507,X536,X612,X678,X696,X701,X749,X766
450,X116,X153,X221,X249,X334,X507,X536,X612,X678,X696,X701,X749,X766
