0,X109,X183,X237,X251,X276,X350,X591,X628,X641,X711,X749,X754,X757
1,X2,X28,X58,X121,X195,X298,X397,X564,X589,X590,X645,X702,X733
2,X3,X70,X82,X140,X276,X350,X591,X628,X641,X711,X749,X754,X757
3,X19,X31,X33,X140,X276,X350,X591,X628,X641,X711,X749,X754,X757
4,X121,X176,X183,X201,X202,X410,X591,X628,X641,X711,X749,X754,X757
5,X40,X58,X191,X208,X209,X410,X591,X628,X641,X711,X749,X754,X757
6,X121,X176,X183,X201,X202,X410,X591,X628,X641,X711,X749,X754,X757
7,X55,X74,X353,X362,X477,X564,X591,X628,X641,X711,X749,X754,X757
8,X40,X148,X169,X251,X276,X410,X591,X628,X641,X711,X749,X754,X757
9,X2,X44,X58,X180,X276,X350,X591,X628,X641,X711,X749,X754,X757
10,X7,X54,X353,X362,X477,X564,X591,X628,X641,X711,X749,X754,X757
11,X40,X148,X169,X251,X276,X410,X591,X628,X641,X711,X749,X754,X757
12,X55,X74,X353,X362,X477,X564,X591,X628,X641,X711,X749,X754,X757
13,X40,X148,X169,X251,X276,X410,X591,X628,X641,X711,X749,X754,X757
14,X55,X74,X353,X362,X477,X564,X591,X628,X641,X711,X749,X754,X757
15,X55,X74,X183,X208,X209,X326,X591,X628,X641,X711,X749,X754,X757
16,X40,X148,X169,X183,X276,X410,X591,X628,X641,X711,X749,X754,X757
17,X121,X176,X183,X208,X209,X326,X591,X628,X641,X711,X749,X754,X757
18,X40,X148,X169,X183,X276,X410,X591,X628,X641,X711,X749,X754,X757
19,X40,X148,X169,X183,X251,X410,X591,X628,X641,X711,X749,X754,X757
20,X40,X191,X208,X209,X326,X564,X591,X628,X641,X711,X749,X754,X757
21,X55,X74,X169,X183,X276,X300,X410,X591,X628,X683,X711,X754,X757
22,X55,X74,X169,X183,X326,X564,X591,X628,X641,X711,X749,X754,X757
23,X55,X74,X128,X180,X199,X350,X591,X628,X641,X711,X749,X754,X757
24,X40,X184,X191,X208,X326,X564,X591,X628,X641,X711,X749,X754,X757
25,X121,X176,X183,X208,X209,X276,X300,X410,X591,X628,X711,X754,X757
26,X40,X74,X284,X353,X362,X564,X591,X628,X641,X711,X749,X754,X757
27,X55,X74,X128,X180,X199,X350,X591,X628,X641,X711,X749,X754,X757
28,X121,X176,X183,X208,X209,X300,X591,X628,X641,X711,X749,X754,X757
29,X55,X74,X128,X180,X199,X350,X591,X628,X641,X711,X749,X754,X757
30,X40,X148,X169,X183,X326,X564,X591,X628,X641,X711,X749,X754,X757
31,X55,X74,X128,X180,X199,X350,X591,X628,X641,X711,X749,X754,X757
32,X40,X74,X320,X322,X350,X564,X591,X628,X641,X711,X749,X754,X757
33,X55,X148,X169,X183,X276,X300,X591,X628,X641,X711,X749,X754,X757
34,X55,X74,X128,X180,X199,X350,X591,X628,X641,X711,X749,X754,X757
35,X55,X148,X169,X183,X276,X300,X350,X482,X591,X628,X711,X754,X757
36,X55,X148,X169,X183,X276,X300,X591,X628,X641,X711,X749,X754,X757
37,X55,X74,X284,X353,X362,X564,X591,X628,X641,X711,X749,X754,X757
38,X74,X148,X169,X183,X276,X300,X591,X628,X641,X711,X749,X754,X757
39,X74,X148,X169,X183,X276,X300,X591,X628,X641,X671,X711,X754,X757
40,X55,X74,X127,X128,X180,X276,X300,X591,X628,X711,X749,X754,X757
41,X40,X148,X169,X183,X276,X300,X591,X628,X641,X711,X749,X754,X757
42,X55,X148,X169,X183,X276,X300,X350,X482,X591,X628,X711,X754,X757
43,X55,X148,X183,X276,X300,X540,X591,X628,X641,X671,X711,X754,X757
44,X55,X74,X127,X128,X180,X276,X300,X591,X628,X711,X749,X754,X757
45,X55,X74,X128,X169,X183,X186,X216,X276,X439,X591,X628,X754,X757
46,X55,X74,X127,X128,X180,X276,X300,X591,X628,X711,X749,X754,X757
47,X121,X148,X169,X183,X276,X300,X591,X628,X641,X671,X711,X754,X757
48,X55,X148,X169,X183,X276,X300,X350,X591,X628,X711,X749,X754,X757
49,X55,X74,X128,X169,X183,X186,X216,X276,X439,X591,X628,X754,X757
50,X55,X74,X128,X169,X183,X186,X216,X276,X439,X591,X628,X754,X757
51,X55,X74,X128,X169,X183,X186,X216,X276,X439,X591,X628,X754,X757
52,X55,X74,X128,X183,X186,X216,X276,X439,X491,X591,X628,X754,X757
53,X55,X74,X128,X183,X186,X216,X276,X439,X491,X591,X628,X754,X757
54,X55,X74,X128,X183,X186,X216,X276,X439,X491,X591,X628,X754,X757
55,X55,X74,X128,X183,X186,X216,X276,X439,X491,X591,X628,X754,X757
56,X46,X55,X74,X128,X183,X186,X216,X276,X388,X628,X747,X754,X757
57,X55,X74,X128,X169,X183,X186,X216,X276,X491,X591,X628,X754,X757
58,X55,X74,X128,X169,X183,X186,X216,X276,X591,X628,X711,X754,X757
59,X46,X55,X74,X128,X183,X186,X216,X628,X652,X701,X749,X754,X757
60,X46,X55,X74,X128,X183,X186,X216,X276,X388,X591,X628,X754,X757
61,X55,X74,X128,X169,X183,X186,X216,X276,X591,X628,X652,X754,X757
62,X55,X74,X169,X183,X186,X216,X276,X350,X491,X591,X628,X754,X757
63,X55,X74,X128,X183,X186,X216,X276,X388,X591,X628,X652,X754,X757
64,X46,X55,X74,X128,X183,X186,X216,X276,X388,X591,X628,X754,X757
65,X55,X74,X128,X183,X186,X216,X276,X439,X491,X628,X652,X754,X757
66,X55,X74,X128,X169,X183,X186,X216,X276,X491,X628,X652,X754,X757
67,X55,X74,X128,X183,X186,X216,X276,X439,X591,X628,X652,X754,X757
68,X55,X74,X128,X169,X183,X186,X216,X276,X491,X628,X652,X754,X757
69,X55,X74,X128,X183,X186,X216,X276,X524,X591,X628,X652,X754,X757
70,X5,X55,X74,X128,X169,X183,X186,X216,X276,X591,X628,X754,X757
71,X46,X74,X128,X183,X186,X206,X216,X276,X591,X628,X652,X754,X757
72,X46,X55,X74,X128,X183,X186,X216,X525,X591,X628,X652,X754,X757
73,X55,X74,X128,X169,X183,X186,X216,X276,X591,X628,X652,X754,X757
74,X27,X55,X74,X128,X183,X186,X216,X350,X591,X628,X652,X754,X757
75,X27,X55,X74,X128,X169,X183,X186,X276,X591,X628,X652,X754,X757
76,X27,X55,X74,X128,X183,X186,X216,X350,X591,X628,X652,X754,X757
77,X55,X74,X128,X183,X186,X216,X254,X276,X591,X628,X652,X754,X757
78,X46,X55,X74,X128,X183,X186,X216,X276,X591,X628,X652,X754,X757
79,X74,X128,X151,X183,X186,X216,X276,X439,X491,X628,X658,X754,X757
80,X27,X55,X74,X128,X169,X183,X186,X276,X591,X628,X652,X754,X757
81,X46,X55,X128,X183,X186,X216,X350,X351,X591,X628,X652,X754,X757
82,X46,X74,X128,X168,X183,X186,X216,X276,X591,X628,X652,X754,X757
83,X46,X74,X128,X168,X183,X186,X216,X276,X591,X628,X652,X754,X757
84,X27,X55,X74,X128,X169,X183,X186,X276,X591,X628,X652,X754,X757
85,X46,X55,X74,X128,X183,X186,X216,X525,X591,X628,X652,X754,X757
86,X46,X55,X74,X128,X183,X186,X216,X350,X591,X628,X652,X754,X757
87,X46,X55,X74,X128,X183,X186,X216,X350,X591,X628,X652,X754,X757
88,X46,X55,X74,X128,X183,X186,X216,X525,X591,X628,X652,X754,X757
89,X46,X55,X74,X128,X183,X186,X216,X350,X568,X591,X628,X754,X757
90,X46,X55,X74,X128,X183,X186,X216,X525,X591,X628,X652,X754,X757
91,X46,X55,X74,X128,X147,X183,X186,X276,X404,X628,X652,X754,X757
92,X46,X55,X74,X128,X183,X186,X216,X451,X591,X628,X652,X754,X757
93,X46,X55,X74,X128,X183,X186,X216,X525,X568,X591,X628,X754,X757
94,X27,X55,X74,X128,X183,X186,X216,X432,X628,X652,X683,X754,X757
95,X27,X55,X128,X165,X183,X186,X254,X276,X591,X628,X652,X754,X757
96,X30,X55,X74,X128,X183,X186,X216,X276,X591,X628,X652,X754,X757
97,X55,X74,X128,X183,X186,X216,X248,X350,X591,X628,X652,X754,X757
98,X27,X55,X74,X128,X169,X183,X186,X276,X404,X628,X652,X754,X757
99,X27,X55,X74,X128,X183,X186,X350,X351,X404,X628,X652,X754,X757
100,X27,X55,X74,X128,X183,X216,X276,X350,X591,X628,X652,X754,X757
101,X27,X55,X74,X128,X183,X186,X276,X446,X591,X628,X652,X754,X757
102,X27,X55,X128,X183,X186,X216,X276,X446,X591,X628,X652,X754,X757
103,X27,X55,X128,X183,X186,X216,X350,X351,X591,X628,X652,X754,X757
104,X27,X55,X74,X102,X128,X183,X186,X216,X350,X628,X652,X754,X757
105,X27,X55,X74,X128,X183,X186,X276,X446,X591,X628,X652,X754,X757
106,X27,X36,X55,X128,X183,X186,X216,X276,X591,X628,X652,X754,X757
107,X27,X55,X128,X183,X186,X216,X276,X446,X591,X628,X652,X754,X757
108,X46,X55,X128,X183,X186,X216,X350,X351,X591,X628,X652,X754,X757
109,X24,X46,X74,X128,X183,X186,X216,X248,X451,X628,X652,X754,X757
110,X27,X55,X74,X128,X170,X183,X186,X276,X446,X628,X652,X754,X757
111,X46,X55,X128,X183,X186,X216,X276,X446,X591,X628,X652,X754,X757
112,X27,X36,X55,X128,X183,X186,X216,X276,X591,X628,X652,X754,X757
113,X27,X55,X128,X183,X186,X216,X248,X350,X446,X628,X652,X754,X757
114,X27,X55,X74,X128,X170,X183,X186,X276,X446,X628,X652,X754,X757
115,X46,X55,X74,X128,X183,X186,X276,X469,X591,X628,X652,X754,X757
116,X27,X36,X55,X128,X183,X186,X216,X276,X628,X652,X711,X754,X757
117,X27,X55,X74,X128,X183,X186,X216,X244,X451,X628,X652,X754,X757
118,X27,X55,X128,X183,X216,X280,X407,X446,X591,X628,X652,X754,X757
119,X27,X55,X74,X128,X183,X186,X216,X248,X453,X628,X652,X754,X757
120,X46,X55,X74,X128,X183,X186,X216,X248,X591,X628,X652,X754,X757
121,X27,X36,X55,X128,X183,X186,X216,X276,X591,X628,X652,X754,X757
122,X7,X27,X55,X74,X128,X183,X186,X248,X591,X628,X652,X754,X757
123,X27,X36,X55,X128,X183,X186,X216,X248,X451,X628,X652,X754,X757
124,X27,X36,X55,X128,X183,X186,X216,X276,X451,X628,X652,X754,X757
125,X27,X36,X55,X128,X183,X186,X216,X248,X591,X628,X652,X754,X757
126,X27,X36,X55,X128,X183,X186,X216,X248,X451,X628,X652,X754,X757
127,X27,X36,X55,X128,X183,X186,X216,X276,X591,X628,X652,X754,X757
128,X27,X36,X55,X128,X183,X186,X216,X248,X599,X628,X652,X754,X757
129,X46,X55,X74,X128,X183,X186,X216,X471,X591,X628,X652,X754,X757
130,X27,X36,X55,X128,X183,X186,X216,X276,X591,X628,X652,X754,X757
131,X27,X36,X55,X128,X183,X186,X216,X276,X591,X628,X652,X754,X757
132,X27,X36,X55,X128,X183,X186,X216,X276,X599,X628,X652,X754,X757
133,X27,X36,X55,X128,X183,X186,X216,X276,X591,X628,X652,X754,X757
134,X27,X55,X128,X183,X186,X207,X216,X248,X591,X628,X652,X754,X757
135,X46,X55,X74,X117,X128,X183,X186,X248,X591,X628,X652,X754,X757
136,X27,X55,X128,X183,X186,X216,X248,X276,X599,X628,X652,X754,X757
137,X27,X36,X55,X166,X183,X186,X216,X276,X591,X628,X652,X754,X757
138,X55,X74,X183,X186,X216,X276,X350,X519,X591,X628,X652,X754,X757
139,X46,X55,X74,X117,X128,X183,X186,X248,X591,X628,X652,X754,X757
140,X27,X36,X55,X128,X183,X186,X216,X276,X591,X628,X652,X754,X757
141,X27,X36,X55,X128,X183,X186,X216,X276,X591,X628,X652,X754,X757
142,X27,X36,X55,X128,X183,X186,X216,X276,X591,X628,X652,X754,X757
143,X27,X36,X55,X128,X183,X186,X216,X276,X591,X628,X652,X754,X757
144,X27,X36,X55,X166,X183,X186,X216,X276,X339,X628,X652,X754,X757
145,X27,X55,X74,X128,X183,X216,X232,X276,X591,X628,X652,X754,X757
146,X27,X36,X55,X128,X183,X186,X216,X276,X591,X628,X652,X754,X757
147,X27,X36,X55,X74,X128,X151,X183,X186,X591,X628,X652,X754,X757
148,X27,X36,X128,X183,X186,X216,X276,X420,X591,X628,X652,X754,X757
149,X27,X36,X55,X128,X183,X186,X216,X276,X591,X628,X652,X754,X757
150,X27,X36,X55,X128,X183,X186,X216,X276,X591,X628,X652,X754,X757
151,X27,X36,X55,X128,X183,X186,X216,X276,X591,X628,X652,X754,X757
152,X27,X36,X55,X128,X183,X186,X216,X248,X591,X628,X652,X754,X757
153,X27,X36,X55,X128,X183,X186,X216,X248,X591,X628,X652,X754,X757
154,X27,X36,X55,X128,X183,X186,X216,X276,X591,X628,X652,X754,X757
155,X27,X36,X55,X128,X183,X186,X216,X276,X591,X628,X652,X754,X757
156,X27,X36,X55,X128,X183,X186,X216,X248,X591,X628,X652,X754,X757
157,X18,X27,X36,X55,X128,X183,X186,X591,X628,X652,X674,X754,X757
158,X36,X55,X128,X183,X186,X216,X276,X381,X591,X628,X652,X754,X757
159,X27,X36,X55,X128,X183,X186,X216,X276,X591,X628,X652,X754,X757
160,X27,X36,X55,X128,X183,X186,X216,X276,X591,X628,X652,X754,X757
161,X27,X36,X55,X128,X183,X186,X216,X276,X591,X628,X652,X754,X757
162,X27,X36,X55,X128,X183,X186,X216,X276,X591,X628,X652,X754,X757
163,X18,X27,X36,X55,X128,X183,X186,X216,X591,X628,X652,X754,X757
164,X27,X36,X55,X128,X183,X186,X216,X276,X591,X628,X652,X754,X757
165,X27,X36,X55,X128,X183,X186,X216,X276,X591,X628,X652,X754,X757
166,X18,X27,X36,X55,X128,X183,X186,X276,X446,X628,X652,X754,X757
167,X27,X36,X55,X128,X183,X186,X216,X276,X591,X628,X652,X754,X757
168,X27,X36,X55,X128,X159,X183,X186,X591,X628,X652,X674,X754,X757
169,X36,X55,X128,X159,X183,X186,X591,X628,X652,X674,X723,X754,X757
170,X27,X36,X55,X128,X183,X186,X216,X276,X591,X628,X652,X754,X757
171,X27,X36,X55,X128,X183,X186,X216,X276,X591,X628,X652,X754,X757
172,X27,X36,X55,X128,X162,X183,X186,X216,X276,X628,X652,X754,X757
173,X27,X36,X55,X128,X183,X186,X216,X242,X248,X628,X652,X754,X757
174,X36,X55,X78,X128,X159,X183,X186,X276,X591,X628,X652,X754,X757
175,X18,X36,X55,X128,X183,X186,X205,X216,X242,X591,X628,X754,X757
176,X27,X36,X55,X128,X183,X186,X216,X276,X591,X628,X652,X754,X757
177,X27,X36,X55,X128,X183,X186,X216,X276,X591,X628,X652,X754,X757
178,X27,X36,X55,X128,X183,X186,X216,X276,X591,X628,X652,X754,X757
179,X36,X55,X78,X128,X159,X183,X186,X276,X591,X628,X652,X754,X757
180,X27,X36,X55,X128,X183,X186,X276,X303,X591,X628,X652,X754,X757
181,X27,X36,X55,X128,X183,X186,X216,X276,X591,X628,X652,X754,X757
182,X27,X36,X55,X128,X183,X186,X276,X342,X591,X628,X652,X754,X757
183,X27,X36,X55,X128,X183,X186,X216,X276,X591,X628,X652,X754,X757
184,X36,X55,X128,X159,X183,X186,X276,X303,X591,X628,X652,X754,X757
185,X27,X36,X55,X128,X159,X183,X186,X276,X591,X628,X652,X754,X757
186,X36,X55,X128,X183,X186,X216,X242,X248,X591,X628,X652,X754,X757
187,X27,X36,X55,X128,X183,X186,X216,X276,X591,X628,X652,X754,X757
188,X36,X55,X128,X183,X216,X246,X591,X628,X652,X674,X723,X754,X757
189,X18,X27,X36,X55,X128,X183,X186,X276,X591,X628,X652,X754,X757
190,X18,X27,X36,X55,X128,X183,X186,X276,X591,X628,X652,X754,X757
191,X18,X27,X36,X55,X128,X183,X186,X276,X591,X628,X652,X754,X757
192,X18,X27,X36,X55,X183,X186,X216,X276,X628,X652,X674,X754,X757
193,X18,X27,X36,X55,X183,X186,X216,X276,X591,X628,X652,X754,X757
194,X18,X27,X36,X55,X128,X183,X186,X276,X591,X628,X652,X754,X757
195,X27,X36,X55,X128,X183,X186,X216,X276,X591,X628,X652,X754,X757
196,X18,X27,X36,X55,X183,X186,X216,X276,X361,X628,X652,X754,X757
197,X36,X55,X128,X183,X186,X192,X216,X276,X591,X628,X652,X754,X757
198,X27,X55,X128,X183,X186,X276,X320,X332,X628,X652,X674,X754,X757
199,X18,X27,X36,X55,X159,X183,X186,X216,X628,X652,X751,X754,X757
200,X27,X36,X55,X128,X183,X186,X198,X216,X628,X652,X751,X754,X757
201,X18,X27,X36,X55,X183,X186,X276,X332,X526,X628,X652,X754,X757
202,X27,X36,X55,X128,X183,X186,X216,X276,X628,X652,X674,X754,X757
203,X18,X27,X36,X55,X183,X186,X216,X276,X361,X628,X652,X754,X757
204,X18,X27,X36,X55,X128,X183,X186,X276,X628,X652,X674,X754,X757
205,X27,X36,X55,X128,X183,X186,X216,X276,X361,X628,X652,X754,X757
206,X27,X36,X55,X128,X183,X186,X276,X332,X526,X628,X652,X754,X757
207,X5,X18,X27,X36,X55,X183,X186,X276,X332,X628,X652,X754,X757
208,X18,X27,X36,X55,X183,X186,X216,X276,X361,X628,X652,X754,X757
209,X18,X27,X36,X55,X183,X186,X276,X332,X526,X628,X652,X754,X757
210,X27,X36,X55,X128,X159,X183,X186,X526,X628,X652,X676,X754,X757
211,X27,X36,X55,X128,X183,X186,X276,X332,X628,X652,X674,X754,X757
212,X27,X36,X55,X183,X186,X216,X242,X276,X526,X628,X652,X754,X757
213,X18,X36,X55,X128,X159,X183,X186,X216,X526,X628,X652,X754,X757
214,X27,X36,X55,X128,X183,X186,X276,X332,X526,X628,X652,X754,X757
215,X27,X36,X55,X128,X183,X186,X276,X332,X526,X628,X652,X754,X757
216,X27,X36,X55,X128,X183,X186,X276,X332,X526,X628,X652,X754,X757
217,X27,X36,X55,X128,X183,X186,X276,X332,X526,X628,X652,X754,X757
218,X27,X36,X55,X128,X183,X186,X276,X332,X570,X628,X652,X754,X757
219,X18,X36,X55,X128,X159,X183,X216,X321,X361,X628,X652,X754,X757
220,X18,X36,X55,X128,X159,X183,X186,X216,X526,X628,X652,X754,X757
221,X27,X55,X128,X183,X186,X259,X276,X332,X628,X652,X676,X754,X757
222,X18,X36,X55,X128,X159,X183,X186,X216,X526,X628,X652,X754,X757
223,X27,X36,X55,X183,X186,X216,X276,X526,X547,X628,X652,X754,X757
224,X18,X36,X55,X128,X159,X183,X186,X216,X526,X628,X652,X754,X757
225,X27,X36,X55,X113,X183,X186,X276,X361,X555,X628,X652,X754,X757
226,X18,X36,X55,X128,X159,X183,X186,X216,X526,X628,X652,X754,X757
227,X36,X55,X140,X159,X183,X186,X216,X276,X361,X628,X652,X754,X757
228,X27,X36,X55,X128,X131,X183,X186,X361,X526,X628,X652,X754,X757
229,X18,X36,X55,X128,X159,X183,X186,X216,X276,X526,X628,X754,X757
230,X27,X36,X55,X128,X159,X183,X186,X216,X526,X628,X652,X754,X757
231,X18,X36,X55,X128,X159,X183,X186,X216,X526,X628,X652,X754,X757
232,X18,X36,X55,X128,X159,X183,X186,X216,X526,X628,X652,X754,X757
233,X27,X36,X55,X128,X159,X183,X186,X216,X276,X628,X652,X754,X757
234,X18,X36,X55,X128,X183,X186,X276,X332,X526,X628,X652,X754,X757
235,X24,X27,X36,X55,X159,X186,X332,X427,X526,X628,X652,X754,X757
236,X18,X36,X55,X128,X183,X186,X276,X332,X526,X628,X652,X754,X757
237,X27,X36,X55,X128,X183,X186,X216,X276,X526,X628,X652,X754,X757
238,X27,X36,X55,X128,X159,X183,X186,X216,X526,X628,X652,X754,X757
239,X27,X36,X55,X128,X183,X186,X216,X276,X526,X628,X652,X754,X757
240,X27,X36,X55,X128,X183,X186,X276,X332,X526,X628,X652,X754,X757
241,X27,X55,X128,X159,X183,X216,X361,X522,X526,X628,X652,X754,X757
242,X27,X36,X55,X128,X183,X186,X216,X276,X526,X628,X652,X754,X757
243,X27,X36,X55,X128,X183,X186,X216,X276,X526,X628,X652,X754,X757
244,X27,X36,X55,X128,X183,X186,X216,X276,X526,X628,X652,X754,X757
245,X27,X36,X55,X128,X183,X186,X216,X276,X526,X628,X652,X754,X757
246,X18,X36,X55,X128,X159,X183,X186,X332,X361,X628,X652,X754,X757
247,X18,X36,X55,X114,X128,X159,X183,X186,X216,X628,X652,X754,X757
248,X18,X36,X55,X128,X159,X183,X186,X216,X361,X628,X652,X754,X757
249,X27,X55,X128,X159,X183,X186,X216,X361,X624,X628,X652,X754,X757
250,X18,X36,X55,X159,X186,X216,X276,X345,X570,X628,X652,X754,X757
251,X27,X36,X55,X159,X162,X183,X186,X526,X543,X628,X652,X754,X757
252,X36,X55,X128,X183,X186,X216,X246,X276,X361,X628,X652,X754,X757
253,X27,X36,X55,X128,X159,X183,X186,X216,X361,X628,X652,X754,X757
254,X18,X36,X55,X128,X183,X186,X216,X332,X624,X628,X652,X754,X757
255,X18,X36,X55,X128,X159,X183,X186,X216,X361,X628,X652,X754,X757
256,X18,X36,X55,X128,X159,X183,X186,X276,X526,X628,X652,X754,X757
257,X27,X36,X55,X128,X159,X183,X186,X216,X361,X628,X652,X754,X757
258,X5,X18,X36,X55,X128,X159,X183,X186,X216,X628,X652,X754,X757
259,X18,X36,X55,X128,X159,X183,X186,X276,X526,X628,X652,X754,X757
260,X27,X36,X114,X128,X159,X183,X186,X216,X526,X628,X652,X754,X757
261,X27,X36,X55,X128,X159,X183,X186,X276,X526,X628,X652,X754,X757
262,X27,X36,X55,X128,X159,X183,X186,X216,X386,X628,X652,X754,X757
263,X36,X55,X128,X159,X183,X186,X276,X526,X628,X652,X747,X754,X757
264,X27,X36,X55,X128,X159,X183,X186,X276,X526,X628,X652,X754,X757
265,X27,X36,X128,X159,X162,X183,X186,X216,X526,X628,X652,X754,X757
266,X18,X36,X55,X128,X159,X183,X186,X361,X526,X628,X652,X754,X757
267,X36,X55,X128,X162,X183,X186,X216,X328,X332,X628,X652,X754,X757
268,X27,X36,X55,X128,X183,X186,X216,X276,X526,X628,X652,X754,X757
269,X27,X36,X55,X128,X159,X183,X186,X276,X526,X628,X652,X754,X757
270,X27,X55,X128,X159,X183,X186,X276,X386,X471,X628,X652,X754,X757
271,X27,X55,X128,X145,X159,X183,X186,X276,X361,X628,X652,X754,X757
272,X27,X36,X55,X128,X159,X183,X186,X276,X526,X628,X652,X754,X757
273,X27,X36,X55,X128,X159,X183,X186,X276,X526,X628,X652,X754,X757
274,X36,X55,X128,X159,X183,X186,X216,X276,X624,X628,X652,X754,X757
275,X27,X36,X55,X128,X159,X183,X186,X276,X526,X628,X652,X754,X757
276,X36,X55,X128,X159,X186,X216,X242,X526,X628,X652,X740,X754,X757
277,X27,X36,X55,X128,X159,X183,X186,X276,X526,X628,X652,X754,X757
278,X18,X24,X36,X55,X183,X186,X216,X242,X526,X628,X652,X754,X757
279,X27,X36,X55,X127,X128,X183,X186,X216,X526,X628,X652,X754,X757
280,X18,X24,X36,X55,X183,X186,X216,X242,X526,X628,X652,X754,X757
281,X27,X36,X55,X128,X173,X183,X186,X216,X624,X628,X652,X754,X757
282,X27,X36,X55,X128,X173,X183,X186,X216,X526,X628,X652,X754,X757
283,X27,X36,X55,X128,X183,X186,X216,X276,X526,X628,X652,X754,X757
284,X27,X36,X55,X128,X183,X186,X276,X429,X526,X628,X652,X754,X757
285,X27,X36,X55,X128,X159,X183,X186,X276,X526,X628,X652,X754,X757
286,X27,X55,X128,X183,X186,X216,X276,X473,X526,X628,X652,X754,X757
287,X27,X55,X128,X183,X186,X276,X429,X526,X624,X628,X652,X754,X757
288,X27,X55,X128,X183,X186,X216,X276,X526,X628,X652,X740,X754,X757
289,X27,X36,X55,X128,X183,X186,X276,X473,X526,X628,X652,X754,X757
290,X27,X36,X55,X128,X159,X183,X186,X276,X429,X628,X652,X754,X757
291,X27,X36,X55,X128,X183,X186,X216,X276,X526,X628,X652,X754,X757
292,X24,X36,X55,X159,X183,X186,X276,X429,X624,X628,X652,X754,X757
293,X27,X55,X127,X128,X183,X186,X276,X526,X624,X628,X652,X754,X757
294,X18,X24,X36,X183,X186,X216,X526,X628,X652,X715,X751,X754,X757
295,X18,X24,X36,X55,X159,X183,X186,X276,X624,X628,X652,X754,X757
296,X27,X36,X55,X128,X183,X186,X242,X429,X628,X652,X715,X754,X757
297,X27,X36,X55,X128,X183,X186,X216,X276,X624,X628,X652,X754,X757
298,X27,X55,X127,X128,X183,X186,X276,X526,X601,X628,X652,X754,X757
299,X27,X36,X55,X128,X159,X183,X186,X276,X624,X628,X652,X754,X757
300,X27,X55,X127,X128,X183,X186,X276,X526,X623,X628,X652,X754,X757
301,X18,X24,X36,X55,X183,X186,X216,X429,X628,X652,X715,X754,X757
302,X27,X36,X128,X183,X186,X216,X276,X526,X628,X652,X715,X754,X757
303,X27,X36,X55,X128,X183,X186,X216,X276,X526,X628,X652,X754,X757
304,X27,X36,X55,X128,X183,X186,X276,X526,X624,X628,X652,X754,X757
305,X27,X36,X55,X128,X183,X186,X216,X276,X601,X628,X652,X754,X757
306,X27,X55,X128,X183,X186,X216,X276,X526,X623,X628,X652,X754,X757
307,X27,X36,X55,X128,X183,X186,X216,X276,X601,X628,X652,X754,X757
308,X18,X24,X36,X55,X159,X183,X186,X276,X623,X628,X652,X754,X757
309,X18,X24,X36,X55,X183,X186,X276,X331,X601,X628,X652,X754,X757
310,X36,X55,X128,X183,X186,X216,X242,X429,X601,X628,X652,X754,X757
311,X36,X55,X128,X183,X186,X216,X276,X526,X623,X628,X652,X754,X757
312,X36,X55,X128,X183,X186,X216,X242,X429,X601,X628,X652,X754,X757
313,X36,X128,X183,X186,X216,X276,X550,X623,X628,X652,X740,X754,X757
314,X27,X36,X55,X128,X183,X186,X216,X276,X623,X628,X652,X754,X757
315,X27,X36,X55,X128,X183,X186,X216,X276,X623,X628,X652,X754,X757
316,X27,X36,X55,X128,X183,X186,X216,X276,X526,X628,X652,X754,X757
317,X27,X36,X55,X128,X183,X186,X216,X276,X526,X628,X652,X754,X757
318,X27,X36,X55,X128,X183,X186,X216,X276,X526,X628,X652,X754,X757
319,X27,X36,X55,X128,X183,X186,X216,X276,X526,X628,X652,X754,X757
320,X27,X36,X55,X128,X183,X186,X216,X276,X526,X628,X652,X754,X757
321,X27,X36,X55,X128,X183,X186,X216,X276,X526,X628,X652,X754,X757
322,X27,X36,X55,X128,X183,X186,X216,X276,X526,X628,X652,X754,X757
323,X27,X36,X55,X128,X183,X186,X276,X315,X526,X628,X652,X754,X757
324,X27,X36,X55,X128,X183,X186,X216,X276,X526,X628,X652,X754,X757
325,X36,X55,X128,X183,X186,X242,X276,X429,X623,X628,X652,X754,X757
326,X27,X36,X55,X128,X183,X186,X276,X315,X601,X628,X652,X754,X757
327,X27,X36,X55,X128,X183,X186,X276,X315,X601,X628,X652,X754,X757
328,X27,X36,X55,X128,X183,X186,X216,X276,X333,X628,X652,X754,X757
329,X9,X27,X128,X183,X186,X242,X544,X623,X628,X652,X694,X754,X757
330,X27,X36,X55,X128,X183,X186,X216,X276,X333,X628,X652,X754,X757
331,X9,X27,X55,X128,X183,X186,X216,X276,X601,X628,X652,X754,X757
332,X27,X36,X55,X128,X183,X186,X216,X276,X526,X628,X652,X754,X757
333,X27,X36,X55,X128,X183,X186,X216,X276,X526,X628,X652,X754,X757
334,X27,X36,X55,X128,X183,X186,X276,X526,X601,X628,X652,X754,X757
335,X27,X36,X55,X128,X179,X183,X186,X276,X526,X628,X652,X754,X757
336,X27,X36,X55,X128,X183,X186,X216,X276,X526,X628,X652,X754,X757
337,X27,X36,X55,X128,X183,X186,X216,X276,X628,X652,X749,X754,X757
338,X27,X36,X55,X128,X183,X186,X216,X276,X526,X628,X652,X754,X757
339,X27,X36,X55,X128,X183,X186,X216,X276,X526,X628,X652,X754,X757
340,X27,X36,X55,X128,X183,X186,X216,X276,X490,X628,X652,X754,X757
341,X27,X36,X55,X128,X183,X186,X216,X276,X526,X628,X652,X754,X757
342,X27,X55,X128,X183,X186,X276,X388,X526,X601,X628,X652,X754,X757
343,X27,X36,X128,X183,X186,X216,X276,X526,X601,X628,X652,X754,X757
344,X27,X36,X55,X128,X183,X186,X216,X276,X526,X628,X652,X754,X757
345,X27,X55,X128,X183,X186,X276,X388,X526,X601,X628,X652,X754,X757
346,X27,X36,X55,X128,X183,X186,X216,X276,X333,X628,X652,X754,X757
347,X27,X36,X55,X128,X183,X186,X216,X501,X526,X628,X652,X754,X757
348,X27,X55,X183,X186,X276,X388,X526,X628,X652,X739,X749,X754,X757
349,X27,X55,X128,X183,X186,X276,X388,X526,X601,X628,X652,X754,X757
350,X36,X55,X128,X183,X186,X276,X388,X526,X601,X628,X652,X754,X757
351,X36,X55,X128,X183,X186,X276,X388,X526,X601,X628,X652,X754,X757
352,X27,X36,X55,X128,X183,X186,X216,X276,X333,X628,X652,X754,X757
353,X27,X36,X55,X183,X186,X276,X388,X526,X601,X628,X652,X754,X757
354,X27,X36,X55,X72,X128,X183,X186,X501,X526,X628,X652,X754,X757
355,X27,X36,X55,X128,X183,X186,X276,X322,X526,X628,X652,X754,X757
356,X27,X36,X55,X128,X183,X186,X216,X276,X333,X628,X652,X754,X757
357,X27,X36,X55,X128,X183,X186,X216,X276,X333,X628,X652,X754,X757
358,X27,X36,X55,X128,X183,X186,X216,X276,X333,X628,X652,X754,X757
359,X27,X36,X55,X128,X183,X186,X216,X276,X333,X628,X652,X754,X757
360,X36,X55,X80,X128,X183,X276,X388,X526,X601,X628,X652,X754,X757
361,X36,X55,X128,X183,X186,X216,X276,X526,X601,X628,X652,X754,X757
362,X27,X36,X55,X128,X183,X186,X192,X216,X526,X628,X652,X754,X757
363,X27,X36,X55,X72,X128,X183,X186,X460,X526,X628,X652,X754,X757
364,X27,X36,X55,X72,X128,X183,X186,X526,X601,X628,X652,X754,X757
365,X27,X36,X55,X72,X128,X183,X186,X526,X601,X628,X652,X754,X757
366,X27,X55,X128,X183,X186,X276,X388,X526,X601,X628,X652,X754,X757
367,X27,X36,X55,X128,X183,X186,X216,X276,X333,X628,X652,X754,X757
368,X36,X55,X128,X183,X186,X276,X526,X565,X601,X628,X652,X754,X757
369,X27,X55,X70,X128,X183,X186,X276,X322,X526,X628,X652,X754,X757
370,X27,X36,X55,X128,X183,X186,X216,X276,X333,X628,X652,X754,X757
371,X27,X36,X55,X128,X183,X186,X276,X333,X387,X628,X652,X754,X757
372,X36,X55,X128,X183,X186,X276,X388,X526,X601,X628,X652,X754,X757
373,X27,X55,X70,X128,X183,X186,X276,X322,X526,X628,X652,X754,X757
374,X36,X55,X128,X183,X186,X216,X276,X298,X387,X628,X652,X754,X757
375,X7,X27,X38,X55,X128,X183,X186,X333,X526,X628,X652,X754,X757
376,X36,X55,X128,X186,X276,X388,X526,X601,X628,X652,X699,X754,X757
377,X28,X55,X128,X183,X186,X276,X322,X333,X601,X628,X652,X754,X757
378,X27,X36,X55,X186,X276,X388,X445,X526,X601,X628,X652,X754,X757
379,X28,X55,X128,X183,X186,X276,X388,X526,X601,X628,X652,X754,X757
380,X28,X55,X128,X183,X186,X276,X388,X526,X601,X628,X652,X754,X757
381,X36,X55,X128,X186,X276,X388,X445,X526,X601,X628,X652,X754,X757
382,X27,X36,X55,X128,X183,X192,X216,X276,X333,X628,X652,X754,X757
383,X27,X55,X102,X128,X183,X192,X388,X526,X601,X628,X652,X754,X757
384,X27,X36,X55,X128,X183,X216,X276,X333,X526,X628,X652,X754,X757
385,X28,X55,X128,X183,X186,X276,X388,X526,X628,X652,X752,X754,X757
386,X27,X36,X55,X128,X183,X186,X276,X333,X387,X628,X652,X754,X757
387,X27,X36,X55,X128,X183,X186,X276,X322,X526,X628,X652,X754,X757
388,X27,X36,X55,X128,X183,X186,X276,X333,X387,X628,X652,X754,X757
389,X27,X36,X55,X128,X183,X186,X216,X276,X526,X628,X652,X754,X757
390,X27,X36,X55,X128,X183,X378,X526,X565,X628,X652,X735,X754,X757
391,X27,X36,X55,X128,X183,X186,X276,X333,X601,X628,X652,X754,X757
392,X27,X36,X55,X128,X183,X186,X216,X276,X526,X628,X652,X754,X757
393,X27,X36,X55,X128,X183,X186,X216,X276,X526,X628,X652,X754,X757
394,X27,X36,X55,X128,X183,X186,X216,X276,X526,X628,X652,X754,X757
395,X27,X36,X55,X128,X183,X186,X276,X333,X387,X628,X652,X754,X757
396,X27,X36,X55,X128,X183,X186,X276,X322,X526,X628,X652,X754,X757
397,X27,X36,X55,X128,X183,X186,X216,X526,X628,X652,X679,X754,X757
398,X27,X36,X55,X128,X183,X186,X216,X276,X526,X628,X652,X754,X757
399,X27,X36,X55,X128,X183,X378,X526,X565,X628,X652,X735,X754,X757
400,X1,X27,X36,X55,X128,X183,X378,X526,X565,X628,X652,X754,X757
401,X27,X36,X55,X128,X183,X378,X526,X565,X601,X628,X652,X754,X757
402,X27,X36,X55,X128,X183,X378,X526,X565,X628,X652,X735,X754,X757
403,X27,X36,X55,X128,X183,X378,X526,X565,X601,X628,X652,X754,X757
404,X27,X36,X55,X128,X183,X186,X216,X526,X628,X652,X752,X754,X757
405,X27,X36,X55,X128,X183,X378,X526,X565,X601,X628,X652,X754,X757
406,X27,X36,X55,X128,X183,X378,X526,X628,X652,X712,X735,X754,X757
407,X27,X36,X55,X128,X183,X186,X378,X526,X565,X628,X652,X754,X757
408,X27,X36,X55,X128,X183,X378,X526,X565,X601,X628,X652,X754,X757
409,X27,X36,X55,X128,X183,X186,X378,X526,X565,X628,X652,X754,X757
410,X27,X36,X55,X128,X183,X378,X526,X565,X601,X628,X652,X754,X757
411,X27,X36,X55,X128,X183,X378,X526,X565,X628,X652,X752,X754,X757
412,X27,X36,X55,X128,X183,X378,X526,X565,X628,X652,X752,X754,X757
413,X27,X36,X55,X128,X183,X186,X216,X298,X526,X628,X652,X754,X757
414,X27,X36,X55,X128,X181,X183,X216,X276,X333,X628,X652,X754,X757
415,X27,X36,X55,X128,X183,X186,X216,X276,X526,X628,X652,X754,X757
416,X27,X36,X55,X128,X183,X186,X216,X276,X526,X628,X652,X754,X757
417,X27,X36,X55,X128,X183,X252,X276,X322,X526,X628,X652,X754,X757
418,X36,X55,X128,X136,X183,X378,X526,X565,X601,X628,X652,X754,X757
419,X27,X36,X55,X128,X183,X378,X526,X565,X601,X628,X652,X754,X757
420,X28,X36,X55,X128,X183,X186,X216,X276,X333,X628,X652,X754,X757
421,X18,X27,X36,X55,X128,X183,X378,X526,X628,X652,X752,X754,X757
422,X27,X36,X55,X128,X183,X378,X526,X565,X601,X628,X652,X754,X757
423,X27,X36,X55,X128,X183,X378,X526,X565,X601,X628,X652,X754,X757
424,X27,X36,X55,X128,X183,X378,X526,X565,X628,X652,X752,X754,X757
425,X27,X36,X55,X128,X183,X186,X216,X276,X333,X628,X652,X754,X757
426,X27,X36,X55,X128,X183,X378,X526,X565,X628,X652,X752,X754,X757
427,X28,X36,X55,X128,X183,X186,X216,X276,X333,X628,X652,X754,X757
428,X27,X36,X55,X128,X183,X186,X216,X276,X333,X628,X652,X754,X757
429,X27,X36,X55,X128,X183,X186,X216,X276,X333,X628,X652,X754,X757
430,X27,X36,X55,X128,X183,X186,X216,X276,X333,X628,X652,X754,X757
431,X27,X36,X55,X128,X183,X378,X526,X565,X628,X652,X683,X754,X757
432,X27,X36,X55,X128,X183,X322,X378,X526,X565,X628,X652,X754,X757
