0,X67,X217,X245,X295,X312,X445,X496,X543,X592,X659,X723,X735,X746
1,X23,X29,X38,X107,X151,X206,X333,X419,X485,X549,X582,X626,X722
2,X4,X24,X48,X119,X183,X224,X418,X594,X605,X625,X659,X722,X743
3,X4,X24,X48,X119,X183,X224,X418,X594,X605,X625,X659,X722,X743
4,X4,X24,X48,X119,X183,X224,X418,X594,X605,X625,X659,X722,X743
5,X4,X24,X48,X119,X183,X224,X386,X404,X594,X625,X659,X722,X743
6,X4,X24,X48,X119,X183,X224,X386,X404,X594,X625,X659,X722,X743
7,X4,X24,X48,X119,X183,X224,X418,X594,X605,X625,X659,X722,X743
8,X4,X24,X48,X119,X176,X183,X224,X594,X605,X625,X659,X722,X743
9,X4,X24,X48,X119,X176,X183,X224,X594,X605,X625,X659,X722,X743
10,X4,X24,X48,X119,X176,X183,X224,X594,X605,X625,X659,X722,X743
11,X4,X24,X48,X119,X176,X183,X224,X594,X605,X625,X659,X722,X743
12,X4,X24,X48,X119,X176,X183,X224,X594,X605,X625,X659,X722,X743
13,X41,X46,X52,X61,X102,X224,X333,X393,X434,X444,X585,X674,X698
14,X41,X46,X52,X61,X224,X326,X347,X393,X434,X444,X585,X674,X698
15,X69,X81,X119,X183,X239,X275,X301,X326,X367,X459,X585,X702,X722
16,X4,X24,X48,X119,X176,X183,X302,X594,X605,X625,X659,X722,X743
17,X4,X24,X48,X119,X176,X183,X302,X594,X605,X625,X659,X722,X743
18,X4,X24,X48,X119,X176,X183,X224,X333,X414,X459,X480,X600,X754
19,X23,X29,X38,X183,X185,X224,X393,X434,X444,X488,X585,X674,X738
20,X4,X24,X48,X119,X176,X183,X224,X333,X414,X459,X480,X659,X722
21,X4,X24,X48,X119,X183,X185,X224,X333,X414,X459,X480,X659,X722
22,X4,X24,X48,X119,X183,X185,X224,X333,X414,X459,X480,X659,X722
23,X41,X46,X55,X119,X183,X206,X224,X333,X414,X459,X480,X702,X738
24,X41,X46,X55,X119,X183,X206,X224,X333,X414,X459,X480,X702,X738
25,X4,X24,X48,X119,X183,X185,X224,X333,X414,X459,X480,X659,X722
26,X23,X29,X38,X183,X185,X224,X322,X434,X507,X585,X628,X702,X738
27,X23,X29,X38,X183,X185,X224,X322,X434,X507,X585,X628,X702,X738
28,X23,X29,X38,X183,X185,X224,X322,X434,X507,X585,X628,X702,X722
29,X41,X48,X58,X119,X183,X206,X224,X333,X414,X459,X480,X659,X722
30,X41,X48,X119,X183,X224,X434,X507,X585,X628,X674,X677,X702,X738
31,X23,X29,X48,X183,X224,X434,X507,X585,X628,X674,X677,X702,X738
32,X23,X29,X48,X183,X224,X434,X507,X585,X628,X674,X677,X702,X738
33,X23,X29,X48,X183,X224,X434,X507,X585,X628,X674,X677,X702,X738
34,X41,X48,X119,X183,X224,X434,X507,X585,X628,X674,X677,X702,X738
35,X4,X24,X48,X183,X185,X188,X224,X333,X414,X459,X480,X659,X674
36,X23,X29,X55,X183,X185,X188,X224,X302,X333,X414,X422,X459,X738
37,X23,X29,X55,X183,X185,X188,X224,X302,X333,X414,X422,X459,X738
38,X41,X48,X119,X183,X224,X434,X507,X585,X628,X674,X677,X702,X738
39,X41,X48,X119,X183,X224,X434,X507,X585,X628,X674,X677,X702,X738
40,X23,X29,X48,X183,X224,X434,X507,X585,X628,X674,X677,X702,X738
41,X41,X46,X55,X183,X224,X434,X507,X585,X628,X674,X677,X702,X738
42,X41,X46,X55,X183,X224,X434,X507,X585,X628,X674,X677,X702,X738
43,X41,X46,X55,X183,X224,X434,X507,X585,X628,X674,X677,X702,X738
44,X41,X46,X55,X183,X224,X434,X507,X585,X628,X674,X677,X702,X738
45,X41,X46,X55,X183,X224,X434,X507,X585,X628,X674,X677,X702,X738
46,X41,X46,X55,X183,X224,X434,X507,X585,X628,X674,X677,X702,X738
47,X41,X46,X55,X183,X224,X434,X507,X585,X628,X674,X677,X702,X738
48,X23,X29,X54,X55,X183,X206,X302,X333,X414,X422,X459,X517,X520
49,X23,X29,X54,X55,X183,X206,X302,X333,X414,X422,X459,X517,X520
50,X41,X46,X55,X183,X224,X434,X507,X585,X628,X674,X677,X702,X738
51,X41,X48,X183,X224,X377,X434,X507,X585,X613,X628,X674,X702,X738
52,X41,X48,X183,X224,X377,X434,X507,X585,X613,X628,X674,X702,X738
53,X41,X55,X183,X224,X377,X434,X507,X585,X628,X674,X677,X702,X738
54,X41,X48,X183,X224,X377,X434,X507,X585,X613,X628,X674,X702,X738
55,X41,X48,X183,X224,X377,X434,X507,X585,X613,X628,X674,X702,X738
56,X41,X48,X183,X224,X377,X405,X434,X507,X585,X628,X674,X702,X738
57,X41,X48,X183,X224,X377,X434,X507,X585,X613,X628,X674,X702,X738
58,X23,X29,X54,X55,X126,X183,X206,X302,X333,X414,X422,X459,X517
59,X41,X48,X183,X205,X224,X434,X507,X585,X613,X628,X674,X702,X738
60,X41,X48,X183,X205,X224,X434,X507,X585,X613,X628,X674,X702,X738
61,X41,X48,X183,X205,X224,X432,X434,X507,X585,X628,X674,X702,X738
62,X41,X48,X183,X205,X224,X432,X434,X507,X585,X628,X674,X702,X738
63,X41,X183,X224,X377,X434,X477,X507,X585,X628,X674,X677,X702,X738
64,X41,X48,X183,X198,X224,X434,X507,X585,X613,X628,X674,X702,X738
65,X41,X183,X224,X377,X434,X477,X507,X585,X613,X628,X674,X702,X738
66,X41,X183,X224,X377,X434,X477,X507,X585,X613,X628,X674,X702,X738
67,X41,X183,X224,X377,X434,X477,X507,X585,X613,X628,X674,X702,X738
68,X41,X48,X183,X224,X311,X434,X507,X585,X613,X628,X674,X702,X738
69,X41,X48,X183,X377,X434,X507,X585,X613,X628,X674,X702,X711,X738
70,X41,X183,X224,X333,X377,X434,X507,X585,X628,X674,X677,X702,X738
71,X41,X183,X224,X333,X377,X434,X507,X585,X628,X674,X677,X702,X738
72,X41,X48,X183,X224,X377,X434,X507,X585,X628,X674,X702,X711,X738
73,X41,X183,X224,X333,X377,X434,X507,X585,X613,X628,X674,X702,X738
74,X41,X183,X224,X333,X377,X434,X507,X585,X613,X674,X691,X702,X738
75,X41,X183,X224,X333,X377,X434,X507,X585,X613,X674,X691,X702,X738
76,X41,X183,X224,X333,X377,X434,X507,X585,X613,X674,X691,X702,X738
77,X41,X183,X224,X333,X377,X434,X507,X585,X628,X674,X677,X702,X738
78,X41,X183,X224,X333,X377,X434,X507,X585,X628,X674,X677,X702,X738
79,X41,X183,X224,X333,X377,X434,X507,X585,X628,X674,X677,X702,X738
80,X41,X183,X224,X333,X377,X434,X507,X585,X628,X674,X677,X702,X738
81,X41,X183,X224,X333,X377,X434,X507,X585,X628,X674,X677,X702,X738
82,X22,X41,X104,X183,X224,X434,X507,X585,X612,X628,X674,X702,X738
83,X22,X41,X104,X183,X224,X434,X507,X585,X628,X674,X677,X702,X738
84,X22,X41,X104,X183,X224,X434,X507,X585,X628,X674,X677,X702,X738
85,X41,X183,X224,X333,X377,X434,X507,X585,X628,X674,X677,X702,X738
86,X41,X183,X224,X333,X377,X434,X507,X585,X628,X674,X677,X702,X738
87,X41,X183,X224,X333,X377,X434,X478,X507,X585,X628,X674,X702,X738
88,X41,X96,X183,X377,X434,X458,X507,X585,X628,X674,X677,X702,X738
89,X41,X183,X224,X333,X377,X434,X478,X507,X585,X628,X674,X702,X738
90,X41,X183,X224,X245,X333,X377,X434,X507,X585,X628,X674,X702,X738
91,X41,X183,X224,X333,X377,X434,X507,X585,X628,X674,X677,X702,X738
92,X41,X183,X224,X333,X377,X434,X507,X585,X628,X674,X677,X702,X738
93,X41,X183,X224,X252,X333,X377,X434,X507,X585,X628,X674,X702,X738
94,X41,X183,X224,X333,X377,X434,X507,X585,X628,X674,X677,X702,X738
95,X41,X183,X224,X333,X377,X434,X507,X585,X628,X674,X677,X702,X738
96,X41,X183,X224,X239,X333,X377,X434,X507,X585,X628,X674,X702,X738
97,X41,X183,X224,X239,X333,X377,X434,X507,X585,X628,X674,X702,X738
98,X41,X183,X224,X333,X377,X434,X507,X585,X628,X674,X677,X702,X738
99,X41,X183,X224,X333,X377,X434,X507,X585,X628,X674,X677,X702,X738
100,X41,X111,X183,X224,X333,X434,X497,X507,X585,X628,X674,X702,X738
101,X41,X111,X183,X224,X333,X434,X497,X507,X585,X628,X674,X702,X738
102,X41,X183,X224,X333,X377,X434,X507,X585,X628,X631,X674,X702,X738
103,X41,X183,X224,X333,X377,X434,X507,X585,X628,X674,X677,X702,X738
104,X41,X183,X224,X333,X377,X434,X507,X585,X628,X674,X677,X702,X738
105,X41,X183,X224,X333,X377,X434,X507,X585,X628,X674,X677,X702,X738
106,X41,X131,X183,X224,X333,X434,X507,X585,X628,X674,X677,X702,X738
107,X41,X183,X224,X333,X377,X434,X507,X511,X585,X628,X674,X702,X738
108,X41,X183,X224,X333,X377,X434,X507,X511,X585,X628,X674,X702,X738
109,X41,X183,X224,X333,X377,X434,X507,X511,X585,X628,X674,X702,X738
110,X41,X183,X224,X322,X333,X377,X434,X497,X507,X585,X674,X702,X738
111,X41,X183,X224,X322,X333,X377,X434,X497,X507,X585,X674,X702,X738
112,X41,X183,X224,X333,X377,X396,X434,X507,X585,X628,X674,X702,X738
113,X41,X183,X224,X333,X377,X434,X507,X585,X628,X665,X674,X702,X738
114,X41,X183,X224,X377,X387,X434,X507,X585,X628,X665,X674,X702,X738
115,X41,X183,X224,X333,X377,X434,X507,X585,X628,X665,X674,X702,X738
116,X41,X183,X224,X377,X387,X434,X507,X585,X628,X665,X674,X702,X738
117,X41,X183,X224,X333,X377,X434,X507,X585,X628,X665,X674,X702,X738
118,X41,X183,X224,X333,X377,X434,X507,X585,X628,X665,X674,X702,X738
119,X41,X183,X224,X333,X377,X434,X507,X585,X628,X665,X674,X702,X738
120,X41,X183,X224,X333,X377,X434,X507,X585,X628,X665,X674,X702,X738
121,X41,X183,X224,X333,X377,X434,X507,X585,X628,X665,X674,X702,X738
122,X41,X183,X224,X333,X377,X434,X507,X585,X628,X665,X674,X702,X738
123,X41,X183,X224,X333,X377,X434,X507,X585,X628,X665,X674,X702,X738
124,X41,X183,X224,X333,X377,X434,X507,X585,X628,X665,X674,X702,X738
125,X41,X183,X224,X333,X377,X434,X507,X585,X628,X665,X674,X702,X738
126,X41,X183,X224,X333,X377,X434,X507,X585,X628,X665,X674,X702,X738
127,X41,X183,X204,X224,X333,X377,X434,X507,X585,X628,X674,X702,X738
128,X41,X183,X204,X224,X333,X377,X434,X507,X585,X628,X674,X702,X738
129,X41,X183,X204,X224,X333,X377,X434,X507,X585,X628,X674,X702,X738
130,X41,X183,X204,X224,X333,X377,X434,X507,X585,X628,X674,X702,X738
131,X41,X183,X204,X224,X333,X377,X434,X507,X585,X628,X674,X702,X738
132,X41,X183,X204,X224,X333,X377,X434,X507,X585,X628,X674,X702,X738
133,X41,X183,X204,X224,X333,X434,X507,X585,X628,X665,X674,X702,X738
134,X41,X183,X204,X224,X333,X434,X507,X585,X628,X665,X674,X702,X738
135,X41,X183,X204,X224,X333,X434,X507,X585,X628,X665,X674,X702,X738
136,X41,X183,X204,X224,X333,X434,X507,X585,X628,X665,X674,X702,X738
137,X41,X58,X183,X204,X224,X377,X434,X507,X585,X665,X674,X702,X738
138,X41,X58,X183,X204,X224,X377,X434,X507,X585,X665,X674,X702,X738
139,X41,X58,X183,X204,X224,X377,X434,X507,X585,X665,X674,X702,X738
140,X41,X58,X183,X204,X224,X377,X434,X507,X585,X665,X674,X702,X738
141,X41,X183,X204,X224,X333,X377,X434,X507,X585,X665,X674,X702,X738
142,X41,X183,X204,X224,X333,X434,X507,X585,X628,X665,X674,X702,X738
143,X41,X183,X204,X224,X333,X434,X507,X524,X585,X628,X665,X674,X738
144,X41,X183,X204,X224,X333,X434,X507,X524,X585,X628,X665,X674,X738
145,X41,X183,X204,X224,X333,X434,X507,X524,X585,X628,X674,X702,X738
146,X41,X183,X204,X224,X333,X434,X507,X524,X585,X628,X674,X702,X738
147,X41,X183,X204,X224,X333,X434,X507,X524,X585,X628,X674,X702,X738
148,X41,X183,X204,X224,X333,X434,X507,X524,X585,X628,X674,X702,X738
149,X41,X183,X204,X224,X333,X434,X507,X524,X585,X628,X674,X702,X738
150,X41,X183,X204,X224,X333,X434,X507,X524,X585,X628,X674,X702,X738
151,X29,X41,X183,X204,X224,X333,X434,X507,X585,X604,X665,X674,X738
152,X29,X41,X183,X204,X224,X333,X434,X507,X585,X604,X665,X674,X738
153,X29,X41,X183,X204,X224,X333,X434,X507,X585,X604,X665,X674,X738
154,X29,X41,X183,X204,X224,X333,X434,X507,X585,X604,X665,X674,X738
155,X29,X41,X183,X204,X224,X333,X434,X507,X585,X604,X665,X674,X738
156,X33,X41,X183,X204,X224,X297,X434,X507,X585,X604,X665,X674,X738
157,X33,X41,X183,X204,X224,X297,X434,X507,X585,X604,X665,X674,X738
158,X41,X183,X204,X224,X434,X507,X524,X585,X628,X674,X702,X718,X738
159,X33,X41,X183,X204,X224,X297,X434,X507,X585,X604,X665,X674,X738
160,X33,X41,X183,X204,X224,X297,X434,X507,X585,X604,X665,X674,X738
161,X33,X41,X183,X204,X224,X297,X434,X507,X585,X604,X665,X674,X738
162,X41,X183,X204,X224,X333,X390,X434,X507,X585,X665,X674,X702,X738
163,X33,X41,X183,X204,X224,X333,X434,X507,X585,X604,X674,X702,X738
164,X33,X41,X183,X204,X224,X333,X434,X507,X585,X604,X674,X702,X738
165,X41,X183,X204,X224,X333,X390,X434,X507,X585,X665,X674,X702,X738
166,X9,X41,X183,X204,X224,X434,X507,X585,X628,X665,X674,X702,X738
167,X41,X183,X204,X224,X333,X390,X434,X507,X585,X665,X674,X702,X738
168,X41,X183,X204,X224,X333,X390,X434,X507,X585,X665,X674,X702,X738
169,X41,X168,X183,X204,X333,X434,X507,X585,X628,X665,X674,X702,X738
170,X41,X168,X183,X204,X333,X434,X507,X585,X628,X665,X674,X702,X738
171,X33,X41,X183,X204,X224,X434,X507,X585,X628,X665,X674,X702,X738
172,X9,X41,X183,X204,X224,X434,X507,X585,X628,X665,X674,X702,X738
173,X9,X41,X183,X204,X224,X434,X507,X585,X628,X665,X674,X702,X738
174,X33,X41,X183,X204,X224,X434,X507,X585,X628,X665,X674,X702,X738
175,X33,X41,X183,X204,X224,X434,X507,X585,X628,X665,X674,X702,X738
176,X33,X41,X183,X204,X224,X434,X507,X585,X628,X665,X674,X702,X738
177,X29,X41,X183,X204,X224,X333,X434,X507,X585,X665,X674,X702,X738
178,X29,X41,X183,X204,X224,X333,X434,X507,X585,X604,X665,X674,X738
179,X33,X41,X75,X183,X204,X224,X434,X507,X585,X628,X665,X674,X738
180,X33,X41,X183,X204,X224,X434,X507,X585,X628,X665,X674,X702,X738
181,X33,X41,X183,X204,X224,X434,X507,X585,X628,X665,X674,X702,X738
182,X33,X41,X183,X204,X224,X434,X507,X585,X628,X665,X674,X702,X738
183,X41,X75,X183,X204,X224,X333,X434,X507,X585,X628,X665,X674,X738
184,X41,X75,X183,X204,X224,X333,X434,X507,X585,X628,X665,X674,X738
185,X41,X75,X183,X204,X224,X333,X434,X507,X585,X628,X665,X674,X738
186,X41,X183,X204,X224,X241,X434,X507,X559,X585,X628,X674,X702,X738
187,X41,X183,X204,X224,X241,X434,X507,X559,X585,X628,X674,X702,X738
188,X41,X183,X204,X224,X241,X434,X507,X559,X585,X628,X674,X702,X738
189,X41,X183,X204,X224,X255,X333,X434,X507,X585,X665,X674,X702,X738
190,X41,X183,X204,X224,X255,X333,X434,X507,X585,X665,X674,X702,X738
191,X41,X183,X204,X224,X255,X333,X434,X507,X585,X665,X674,X702,X738
192,X41,X183,X204,X224,X241,X434,X507,X559,X585,X628,X674,X702,X738
193,X41,X183,X204,X224,X241,X434,X507,X559,X585,X628,X674,X702,X738
194,X41,X183,X204,X224,X241,X434,X507,X559,X585,X628,X665,X674,X738
195,X41,X183,X204,X224,X241,X434,X507,X559,X585,X628,X665,X674,X738
196,X41,X183,X204,X224,X241,X434,X507,X559,X585,X628,X665,X674,X738
197,X41,X183,X204,X224,X241,X434,X507,X559,X585,X628,X665,X674,X738
198,X41,X183,X204,X224,X241,X434,X507,X559,X585,X628,X674,X738,X751
199,X41,X183,X204,X224,X241,X434,X507,X559,X585,X628,X674,X738,X751
200,X41,X183,X204,X224,X314,X333,X434,X492,X585,X628,X665,X674,X738
201,X41,X75,X183,X204,X241,X434,X507,X559,X585,X628,X665,X674,X738
202,X41,X183,X204,X224,X314,X333,X434,X492,X585,X628,X665,X674,X738
203,X56,X183,X204,X224,X241,X434,X507,X559,X585,X628,X665,X674,X738
204,X41,X183,X204,X224,X241,X434,X507,X559,X585,X628,X665,X674,X738
205,X41,X183,X204,X224,X241,X434,X507,X559,X585,X628,X665,X674,X738
206,X41,X75,X183,X204,X224,X241,X434,X507,X585,X628,X674,X702,X738
207,X41,X183,X204,X224,X241,X434,X507,X585,X628,X665,X674,X702,X738
208,X41,X168,X183,X204,X224,X241,X434,X507,X559,X628,X674,X702,X738
209,X41,X183,X204,X224,X241,X434,X507,X585,X628,X665,X674,X702,X738
210,X41,X183,X204,X224,X314,X333,X434,X492,X585,X628,X674,X738,X760
211,X38,X41,X183,X204,X224,X314,X333,X434,X507,X628,X674,X738,X760
212,X38,X41,X183,X204,X224,X314,X333,X434,X507,X628,X674,X738,X760
213,X38,X41,X183,X204,X224,X314,X333,X434,X507,X628,X674,X738,X760
214,X38,X41,X183,X204,X224,X314,X333,X434,X507,X628,X674,X738,X760
215,X41,X183,X204,X224,X241,X314,X333,X434,X507,X628,X674,X738,X760
216,X41,X183,X204,X224,X241,X314,X333,X434,X507,X628,X674,X738,X760
217,X41,X183,X204,X224,X241,X314,X333,X434,X507,X628,X674,X738,X760
218,X41,X183,X204,X224,X241,X314,X333,X434,X507,X628,X674,X738,X760
219,X41,X183,X204,X224,X241,X314,X333,X434,X507,X628,X674,X738,X760
220,X41,X183,X204,X224,X241,X314,X333,X434,X507,X628,X674,X738,X760
221,X41,X60,X183,X204,X224,X314,X333,X434,X507,X628,X674,X738,X760
222,X38,X41,X183,X204,X224,X314,X333,X434,X507,X628,X674,X738,X760
223,X41,X60,X183,X204,X224,X241,X314,X333,X434,X507,X674,X738,X760
224,X41,X183,X204,X224,X230,X314,X333,X434,X507,X628,X674,X738,X760
225,X41,X183,X204,X224,X230,X314,X333,X434,X507,X628,X674,X738,X760
226,X41,X183,X204,X224,X230,X314,X333,X434,X507,X628,X674,X738,X760
227,X41,X183,X204,X224,X230,X314,X333,X434,X507,X628,X674,X738,X760
228,X41,X163,X183,X204,X230,X314,X333,X434,X507,X628,X674,X738,X760
229,X41,X163,X183,X204,X230,X314,X333,X434,X507,X628,X674,X738,X760
230,X41,X183,X204,X224,X241,X314,X333,X434,X507,X628,X674,X738,X760
231,X41,X183,X204,X224,X249,X314,X333,X434,X507,X628,X674,X738,X760
232,X41,X183,X204,X219,X224,X241,X314,X333,X434,X507,X674,X738,X760
233,X41,X183,X204,X219,X224,X241,X314,X333,X434,X507,X674,X738,X760
234,X41,X183,X204,X224,X249,X314,X333,X434,X507,X628,X674,X738,X760
235,X41,X183,X204,X224,X249,X314,X333,X434,X507,X628,X674,X738,X760
236,X41,X183,X204,X224,X249,X314,X333,X434,X507,X628,X674,X738,X760
237,X41,X183,X204,X224,X249,X304,X314,X333,X507,X628,X674,X738,X760
238,X41,X183,X204,X241,X314,X333,X434,X507,X628,X674,X691,X738,X760
239,X41,X183,X204,X241,X314,X333,X434,X507,X628,X674,X691,X738,X760
240,X41,X183,X204,X224,X249,X314,X333,X434,X507,X628,X674,X738,X760
241,X11,X41,X118,X183,X204,X314,X333,X434,X507,X628,X674,X738,X760
242,X11,X41,X118,X183,X204,X314,X333,X434,X507,X628,X674,X738,X760
243,X11,X41,X118,X183,X204,X314,X333,X434,X507,X628,X674,X738,X760
244,X41,X183,X204,X224,X272,X314,X333,X434,X507,X628,X674,X738,X760
245,X41,X183,X204,X224,X241,X314,X333,X434,X507,X628,X674,X738,X760
246,X41,X168,X183,X204,X208,X314,X333,X434,X507,X628,X674,X738,X760
247,X41,X168,X183,X204,X208,X314,X333,X434,X507,X628,X674,X738,X760
248,X41,X168,X173,X183,X204,X314,X333,X434,X500,X628,X674,X738,X760
249,X41,X168,X173,X183,X204,X314,X333,X434,X500,X628,X674,X738,X760
250,X41,X131,X168,X183,X204,X314,X333,X434,X500,X628,X674,X738,X760
251,X41,X168,X173,X183,X204,X314,X333,X434,X500,X628,X674,X738,X760
252,X41,X168,X173,X183,X204,X314,X333,X434,X500,X628,X674,X738,X760
253,X41,X168,X173,X183,X204,X314,X333,X434,X500,X628,X674,X738,X760
254,X41,X168,X173,X183,X204,X314,X333,X434,X500,X628,X674,X738,X760
255,X41,X87,X173,X183,X204,X314,X333,X507,X537,X628,X674,X738,X760
256,X41,X87,X173,X183,X204,X314,X333,X507,X537,X628,X674,X738,X760
257,X41,X87,X173,X183,X204,X314,X333,X507,X537,X628,X674,X738,X760
258,X41,X118,X151,X183,X204,X314,X333,X434,X507,X628,X674,X738,X760
259,X41,X168,X183,X204,X293,X314,X333,X507,X628,X653,X674,X738,X760
260,X41,X168,X183,X204,X293,X314,X333,X507,X628,X653,X674,X738,X760
261,X41,X168,X183,X204,X293,X314,X333,X507,X628,X653,X674,X738,X760
262,X41,X168,X183,X204,X293,X314,X333,X507,X628,X653,X674,X738,X760
263,X41,X163,X168,X183,X204,X314,X333,X434,X507,X628,X674,X738,X760
264,X41,X163,X168,X183,X204,X314,X333,X434,X507,X628,X674,X738,X760
265,X41,X163,X168,X183,X204,X314,X333,X434,X507,X628,X674,X738,X760
266,X41,X163,X168,X183,X204,X314,X333,X434,X507,X628,X674,X738,X760
267,X41,X163,X168,X183,X204,X314,X333,X434,X507,X628,X674,X738,X760
268,X41,X163,X168,X183,X204,X314,X333,X434,X507,X628,X674,X738,X760
269,X41,X163,X168,X183,X204,X314,X333,X434,X507,X628,X674,X738,X760
270,X41,X163,X168,X183,X204,X314,X333,X434,X507,X628,X674,X738,X760
271,X41,X87,X151,X183,X204,X314,X333,X445,X507,X628,X674,X738,X760
272,X41,X87,X151,X183,X204,X314,X333,X445,X507,X628,X674,X738,X760
273,X41,X87,X151,X183,X204,X314,X333,X445,X507,X628,X674,X738,X760
274,X41,X87,X151,X183,X204,X314,X333,X445,X507,X628,X674,X738,X760
275,X41,X87,X151,X183,X204,X314,X333,X445,X507,X628,X674,X738,X760
276,X41,X87,X151,X183,X204,X314,X333,X445,X507,X628,X674,X738,X760
277,X41,X87,X151,X183,X204,X314,X333,X445,X507,X628,X674,X738,X760
278,X41,X87,X151,X183,X204,X314,X333,X445,X507,X628,X674,X738,X760
279,X168,X183,X204,X211,X241,X314,X333,X485,X507,X628,X674,X738,X760
280,X168,X183,X204,X211,X241,X314,X333,X485,X507,X628,X674,X738,X760
281,X41,X87,X151,X183,X204,X314,X333,X434,X500,X591,X674,X738,X760
282,X41,X87,X151,X183,X204,X314,X333,X434,X500,X591,X674,X738,X760
283,X41,X87,X151,X183,X204,X314,X333,X379,X507,X628,X674,X738,X760
284,X41,X87,X151,X183,X204,X314,X333,X434,X507,X628,X674,X738,X760
285,X41,X87,X168,X183,X204,X314,X333,X434,X507,X584,X674,X738,X760
286,X41,X87,X151,X183,X204,X314,X333,X507,X628,X674,X738,X756,X760
287,X41,X87,X151,X183,X204,X314,X333,X434,X507,X584,X674,X738,X760
288,X41,X87,X151,X183,X204,X314,X333,X507,X628,X674,X738,X756,X760
289,X41,X87,X151,X183,X204,X314,X333,X507,X628,X674,X738,X756,X760
290,X41,X87,X151,X183,X204,X314,X333,X507,X628,X674,X738,X756,X760
291,X41,X87,X151,X183,X204,X314,X333,X507,X628,X674,X738,X756,X760
292,X41,X87,X151,X183,X204,X314,X333,X507,X628,X674,X738,X756,X760
293,X41,X87,X151,X183,X204,X314,X333,X507,X628,X674,X738,X756,X760
294,X41,X87,X151,X183,X204,X314,X333,X507,X628,X674,X738,X756,X760
295,X41,X87,X151,X183,X204,X314,X333,X507,X628,X674,X738,X756,X760
296,X41,X87,X151,X183,X204,X314,X333,X507,X628,X674,X738,X756,X760
297,X41,X87,X151,X183,X204,X314,X333,X507,X628,X674,X738,X756,X760
298,X41,X87,X151,X183,X204,X314,X333,X507,X628,X674,X738,X756,X760
299,X41,X87,X151,X183,X204,X314,X333,X507,X628,X674,X738,X756,X760
300,X118,X131,X151,X183,X204,X222,X314,X333,X434,X500,X674,X738,X760
301,X41,X87,X151,X183,X204,X314,X333,X507,X628,X674,X738,X756,X760
302,X41,X87,X151,X183,X204,X314,X333,X507,X628,X674,X738,X756,X760
303,X41,X87,X151,X183,X204,X314,X333,X507,X628,X674,X738,X756,X760
304,X41,X87,X151,X183,X204,X314,X333,X507,X628,X674,X738,X756,X760
305,X41,X87,X151,X183,X204,X314,X333,X507,X628,X674,X738,X756,X760
306,X41,X87,X151,X183,X204,X314,X333,X507,X628,X674,X738,X756,X760
307,X41,X87,X151,X183,X204,X292,X314,X333,X507,X628,X674,X738,X760
308,X41,X87,X151,X183,X204,X314,X333,X434,X507,X628,X674,X738,X760
309,X87,X151,X183,X204,X222,X314,X434,X507,X628,X662,X674,X738,X760
310,X41,X87,X173,X183,X204,X314,X333,X507,X628,X674,X692,X738,X760
311,X41,X87,X151,X183,X204,X292,X314,X333,X507,X674,X738,X756,X760
312,X87,X151,X183,X204,X222,X314,X316,X434,X507,X628,X674,X738,X760
313,X87,X151,X183,X204,X222,X314,X316,X434,X507,X628,X674,X738,X760
314,X87,X151,X183,X204,X222,X314,X316,X434,X507,X628,X674,X738,X760
315,X87,X151,X183,X204,X222,X314,X316,X434,X507,X628,X674,X738,X760
316,X41,X87,X151,X183,X204,X222,X314,X333,X507,X628,X674,X738,X760
317,X41,X87,X151,X183,X204,X222,X314,X333,X507,X628,X674,X738,X760
318,X41,X87,X151,X183,X204,X222,X314,X333,X507,X628,X674,X738,X760
319,X41,X151,X183,X204,X222,X314,X333,X507,X604,X628,X674,X738,X760
320,X41,X151,X183,X204,X222,X314,X333,X507,X604,X628,X674,X738,X760
321,X41,X151,X183,X204,X222,X314,X333,X507,X604,X628,X674,X738,X760
322,X41,X151,X183,X204,X222,X314,X333,X507,X604,X628,X674,X738,X760
323,X41,X151,X183,X204,X222,X314,X333,X507,X604,X628,X674,X738,X760
324,X41,X151,X183,X204,X222,X314,X333,X507,X604,X628,X674,X738,X760
325,X41,X151,X183,X204,X222,X314,X333,X507,X604,X628,X674,X738,X760
326,X41,X151,X183,X204,X222,X314,X333,X507,X604,X628,X674,X738,X760
327,X41,X151,X183,X204,X222,X314,X333,X507,X604,X628,X674,X738,X760
328,X41,X151,X183,X204,X222,X314,X333,X507,X604,X628,X674,X738,X760
329,X41,X151,X183,X204,X222,X314,X333,X507,X604,X628,X674,X738,X760
330,X41,X151,X183,X204,X222,X314,X333,X507,X604,X628,X674,X738,X760
331,X41,X151,X183,X204,X222,X314,X333,X434,X507,X628,X674,X738,X760
332,X41,X151,X183,X204,X222,X314,X333,X434,X507,X628,X674,X738,X760
333,X41,X151,X183,X204,X222,X314,X333,X434,X507,X628,X674,X738,X760
334,X41,X151,X183,X204,X222,X314,X333,X434,X507,X628,X674,X738,X760
335,X41,X151,X183,X204,X222,X314,X333,X434,X507,X628,X674,X738,X760
336,X41,X151,X183,X204,X222,X314,X333,X434,X507,X628,X674,X738,X760
337,X41,X151,X183,X204,X222,X314,X333,X434,X507,X628,X674,X738,X760
338,X41,X87,X173,X183,X204,X314,X333,X434,X507,X674,X692,X738,X760
339,X41,X87,X173,X183,X204,X314,X333,X434,X507,X674,X692,X738,X760
340,X41,X87,X173,X183,X204,X314,X333,X434,X507,X674,X692,X738,X760
341,X41,X87,X173,X183,X204,X314,X333,X434,X507,X674,X692,X738,X760
342,X41,X87,X173,X183,X204,X314,X333,X434,X507,X674,X692,X738,X760
343,X41,X87,X183,X204,X314,X333,X507,X561,X604,X628,X674,X738,X760
344,X41,X87,X183,X204,X314,X333,X507,X561,X604,X628,X674,X738,X760
345,X41,X87,X183,X204,X314,X333,X507,X561,X604,X628,X674,X738,X760
346,X41,X87,X183,X204,X314,X333,X507,X561,X604,X628,X674,X738,X760
347,X41,X87,X183,X204,X314,X333,X507,X561,X604,X628,X674,X738,X760
348,X173,X180,X183,X204,X314,X333,X507,X604,X628,X674,X675,X738,X760
349,X41,X87,X183,X204,X234,X314,X333,X434,X507,X628,X674,X738,X760
350,X8,X173,X180,X183,X204,X314,X333,X507,X604,X674,X718,X738,X760
351,X41,X173,X180,X183,X204,X314,X333,X507,X604,X674,X718,X738,X760
352,X40,X41,X87,X183,X204,X314,X333,X434,X507,X674,X718,X738,X760
353,X41,X87,X89,X183,X204,X314,X333,X507,X604,X628,X674,X738,X760
354,X41,X87,X173,X183,X204,X314,X333,X434,X507,X561,X674,X738,X760
355,X41,X87,X173,X183,X204,X314,X333,X434,X507,X561,X674,X738,X760
356,X41,X175,X183,X204,X236,X314,X333,X434,X507,X628,X674,X738,X760
357,X41,X87,X173,X183,X204,X314,X333,X507,X561,X604,X674,X738,X760
358,X87,X173,X180,X183,X204,X314,X333,X507,X604,X628,X674,X738,X760
359,X41,X173,X180,X183,X204,X314,X333,X507,X561,X604,X674,X738,X760
360,X41,X173,X180,X183,X204,X314,X333,X507,X561,X604,X674,X738,X760
361,X41,X175,X183,X204,X236,X314,X333,X507,X604,X628,X674,X738,X760
362,X41,X175,X183,X204,X236,X314,X333,X507,X604,X628,X674,X738,X760
363,X41,X175,X183,X204,X236,X314,X333,X507,X604,X628,X674,X738,X760
364,X41,X87,X173,X183,X204,X314,X333,X507,X561,X604,X674,X738,X760
365,X57,X87,X89,X110,X183,X204,X314,X333,X507,X628,X674,X738,X760
366,X41,X173,X180,X183,X204,X314,X333,X507,X561,X604,X674,X738,X760
367,X41,X173,X180,X183,X204,X314,X333,X507,X561,X604,X674,X738,X760
368,X41,X173,X180,X183,X204,X314,X333,X507,X561,X604,X674,X738,X760
369,X41,X127,X180,X183,X204,X314,X333,X507,X561,X604,X674,X738,X760
370,X41,X127,X180,X183,X204,X314,X333,X507,X561,X604,X674,X738,X760
371,X41,X127,X180,X183,X204,X314,X333,X507,X561,X604,X674,X738,X760
372,X41,X183,X204,X298,X314,X333,X507,X561,X628,X674,X733,X738,X760
373,X41,X183,X204,X298,X314,X333,X507,X561,X628,X674,X733,X738,X760
374,X41,X183,X204,X298,X314,X333,X507,X561,X628,X674,X733,X738,X760
375,X41,X183,X204,X298,X314,X333,X507,X561,X628,X674,X733,X738,X760
376,X41,X127,X180,X183,X204,X314,X333,X507,X561,X604,X674,X738,X760
377,X41,X127,X180,X183,X204,X314,X333,X507,X561,X604,X674,X738,X760
378,X41,X127,X180,X183,X204,X314,X333,X507,X561,X628,X674,X738,X760
379,X41,X127,X180,X183,X204,X314,X333,X507,X561,X628,X674,X738,X760
380,X41,X127,X180,X183,X204,X314,X333,X507,X561,X628,X674,X738,X760
381,X41,X127,X180,X183,X204,X314,X333,X507,X561,X628,X674,X738,X760
382,X41,X127,X180,X183,X204,X314,X333,X507,X561,X628,X674,X738,X760
383,X41,X127,X180,X183,X204,X314,X333,X507,X561,X628,X674,X738,X760
384,X41,X175,X183,X204,X236,X314,X333,X507,X561,X604,X674,X738,X760
385,X41,X175,X183,X204,X236,X314,X333,X507,X561,X604,X674,X738,X760
386,X41,X127,X180,X183,X204,X314,X333,X507,X561,X604,X674,X738,X760
387,X41,X127,X180,X183,X204,X314,X333,X507,X561,X604,X674,X738,X760
388,X41,X127,X180,X183,X204,X314,X333,X507,X561,X604,X674,X738,X760
389,X41,X175,X183,X204,X314,X333,X507,X561,X604,X628,X674,X738,X760
390,X41,X175,X183,X204,X314,X333,X507,X561,X604,X628,X674,X738,X760
391,X41,X183,X204,X314,X317,X333,X507,X561,X604,X628,X674,X738,X760
392,X41,X183,X204,X314,X317,X333,X507,X561,X604,X628,X674,X738,X760
393,X41,X183,X204,X314,X317,X333,X507,X561,X604,X628,X674,X738,X760
394,X41,X183,X204,X236,X314,X333,X507,X561,X604,X628,X674,X738,X760
395,X41,X183,X204,X236,X314,X333,X507,X561,X628,X674,X735,X738,X760
396,X41,X183,X204,X236,X314,X333,X507,X561,X628,X674,X735,X738,X760
397,X41,X127,X180,X183,X204,X314,X333,X507,X561,X604,X674,X738,X760
398,X41,X183,X204,X236,X314,X333,X507,X561,X604,X628,X674,X738,X760
399,X41,X183,X204,X236,X314,X333,X507,X561,X604,X628,X674,X738,X760
400,X183,X204,X236,X314,X333,X507,X561,X604,X628,X631,X674,X738,X760
401,X183,X204,X236,X314,X333,X507,X561,X604,X628,X631,X674,X738,X760
402,X118,X183,X204,X314,X333,X507,X561,X604,X628,X631,X674,X738,X760
403,X118,X183,X204,X314,X333,X507,X561,X604,X628,X631,X674,X738,X760
404,X118,X183,X204,X314,X333,X507,X561,X604,X628,X631,X674,X738,X760
405,X41,X180,X183,X204,X314,X333,X351,X507,X561,X628,X674,X738,X760
406,X41,X180,X183,X204,X314,X333,X351,X507,X561,X628,X674,X738,X760
407,X41,X180,X183,X204,X314,X333,X351,X507,X561,X628,X674,X738,X760
408,X41,X180,X183,X204,X314,X333,X351,X507,X561,X628,X674,X738,X760
409,X41,X180,X183,X204,X314,X333,X351,X507,X561,X628,X674,X738,X760
410,X183,X204,X314,X333,X507,X524,X561,X604,X628,X674,X738,X752,X760
411,X41,X175,X183,X204,X236,X314,X333,X507,X561,X628,X674,X738,X760
412,X183,X204,X236,X314,X333,X504,X507,X604,X626,X628,X674,X738,X760
413,X127,X180,X183,X204,X314,X333,X385,X507,X561,X628,X674,X738,X760
414,X127,X180,X183,X204,X314,X333,X385,X507,X561,X628,X674,X738,X760
415,X127,X180,X183,X204,X314,X333,X385,X507,X561,X628,X674,X738,X760
416,X127,X180,X183,X204,X314,X333,X385,X507,X561,X628,X674,X738,X760
417,X127,X180,X183,X204,X314,X333,X385,X507,X561,X628,X674,X738,X760
418,X183,X204,X314,X333,X507,X524,X561,X604,X626,X628,X674,X738,X760
419,X17,X175,X183,X204,X236,X314,X333,X507,X561,X604,X674,X738,X760
420,X17,X173,X183,X204,X314,X333,X507,X561,X628,X674,X738,X752,X760
421,X17,X183,X204,X314,X333,X440,X504,X507,X604,X628,X674,X738,X760
422,X17,X183,X204,X314,X333,X440,X504,X507,X561,X626,X674,X738,X760
423,X17,X82,X183,X204,X314,X333,X504,X507,X561,X626,X674,X738,X760
424,X17,X82,X183,X204,X314,X333,X504,X507,X604,X628,X674,X738,X760
425,X17,X82,X183,X204,X314,X333,X504,X507,X604,X628,X674,X738,X760
426,X17,X82,X183,X204,X314,X333,X504,X507,X561,X626,X674,X738,X760
427,X17,X82,X183,X204,X314,X333,X504,X507,X561,X626,X674,X738,X760
428,X17,X82,X183,X204,X314,X333,X504,X507,X628,X674,X738,X748,X760
429,X17,X82,X183,X204,X314,X333,X504,X507,X561,X626,X674,X738,X760
430,X17,X82,X183,X204,X314,X333,X507,X561,X604,X628,X674,X738,X760
431,X17,X82,X183,X204,X314,X333,X504,X507,X561,X626,X674,X738,X760
432,X17,X82,X183,X204,X314,X333,X507,X561,X604,X674,X733,X738,X760
433,X17,X183,X204,X314,X317,X333,X343,X507,X561,X628,X674,X738,X760
434,X17,X183,X204,X314,X317,X333,X343,X507,X561,X628,X674,X738,X760
435,X17,X183,X204,X314,X317,X333,X343,X507,X561,X628,X674,X738,X760
436,X17,X183,X204,X314,X317,X333,X343,X507,X561,X628,X674,X738,X760
437,X17,X183,X204,X314,X317,X333,X343,X507,X561,X628,X674,X738,X760
438,X17,X183,X204,X211,X314,X333,X504,X507,X561,X626,X674,X738,X760
439,X17,X183,X204,X211,X314,X333,X504,X507,X561,X626,X674,X738,X760
440,X17,X183,X204,X314,X317,X333,X343,X504,X507,X561,X674,X738,X760
441,X17,X183,X204,X314,X317,X333,X343,X504,X507,X561,X674,X738,X760
442,X17,X183,X204,X314,X317,X333,X343,X504,X507,X561,X674,X738,X760
443,X17,X183,X204,X314,X317,X333,X343,X504,X507,X561,X674,X738,X760
444,X183,X204,X314,X317,X333,X343,X504,X507,X561,X628,X674,X738,X760
445,X183,X204,X314,X317,X333,X343,X504,X507,X561,X628,X674,X738,X760
446,X175,X183,X204,X236,X314,X333,X504,X507,X561,X626,X674,X738,X760
447,X175,X183,X204,X236,X314,X333,X504,X507,X561,X626,X674,X738,X760
448,X17,X183,X204,X314,X317,X333,X343,X507,X604,X626,X674,X738,X760
449,X183,X204,X314,X317,X333,X343,X504,X507,X561,X626,X674,X738,X760
450,X17,X183,X204,X314,X317,X333,X343,X507,X604,X626,X674,X738,X760
